﻿"タイトル","コメント","URL","親リストタイトル","親リストURL","一覧抽出方法","座標","所在地","開園","面積","分類","駐車場","運営者","事務所所在地","設備・遊具","アクセス","公式サイト","前身","事務所","設計者","専門分野","事業主体","管理運営","年運営費","開館","位置"
"池上梅園","[池上梅園] 当公園は 池上本門寺 の西にあり、高低差を生かした 梅園 や 茶室 などがある公園になっている。","https://ja.wikipedia.org/wiki/池上梅園","Category:大田区の公園","https://ja.wikipedia.org/wiki/Category:大田区の公園","参照","北緯35度34分52.6秒東経139度42分10.1秒","日本東京都大田区","1978年8月26日、","9,880.82m2。","区立公園","あり（有料）","","東京都大田区池上二丁目2番13号","","","","","","","","","","","",""
"入新井西児童交通公園","[入新井西児童交通公園] JR 東海道本線 ・ 京浜東北線 の 大森駅 東口から線路に沿って南にある。規模は決して大きくないが、幼児用の遊具や、乗物の貸し出しを行っている。混雑時は、乗物の運転は3週で交代とされている。","https://ja.wikipedia.org/wiki/入新井西児童交通公園","Category:大田区の公園","https://ja.wikipedia.org/wiki/Category:大田区の公園","参照","北緯35度35分5.9秒東経139度43分33秒","日本東京都大田区大森北4丁目27番地","","","交通公園","","大田区","","SL、幼児用遊具","","","","","","","","","","",""
"大井ふ頭中央海浜公園","[大井ふ頭中央海浜公園] 大井埠頭そばの 京浜運河 沿いに広がる広大な公園で、釣り・磯遊び、 バーベキュー 、 野球場 、雑木林、 芝生 の広場など様々な要素が詰まった公園である。近隣の団地（ 八潮パークタウン ）在住者の他、城南地区を中心に多くの人が訪れる。その大きさは 東京モノレール の車窓からも確認することができる公園である。単に、中央海浜公園とも呼ばれていることが多い。","https://ja.wikipedia.org/wiki/大井ふ頭中央海浜公園","Category:大田区の公園","https://ja.wikipedia.org/wiki/Category:大田区の公園","参照","北緯35度35分31.8秒東経139度45分10.1秒","日本東京都品川区八潮4丁目1番19号","1978年4月1日","454,271m2","海上公園","","日比谷アメニス南部地区（18公園）グループ","","","大井競馬場前駅より徒歩8分","","","","","","","","","",""
"大田文化の森","[大田文化の森] 大田文化の森 （おおたぶんかのもり）は、 東京都 大田区 中央 二丁目にある 公園 ・ 文化施設 である。詳細については、大田文化の森 条例 （平成13年3月16日大田区条例第19号。以下条例という。）および大田文化の森条例施行規則（平成13年7月1日大田区規則第116号。以下規則という。）に定められている。","https://ja.wikipedia.org/wiki/大田文化の森","Category:大田区の公園","https://ja.wikipedia.org/wiki/Category:大田区の公園","参照","北緯35度34分44.91秒 東経139度43分12.93秒","","","","","","","","","","","","","","","","","","",""
"大森海苔のふるさと館","[大森海苔のふるさと館] 大森地域では、日本全国に先駆けて、海苔の生産が 江戸時代 中期から昭和時代中期まで伝統産業として続いてきたが、1963年（昭和38年）より始まった東京湾の埋め立て計画により終焉を迎えた。","https://ja.wikipedia.org/wiki/大森海苔のふるさと館","Category:大田区の公園","https://ja.wikipedia.org/wiki/Category:大田区の公園","参照","北緯35度34分37.62秒東経139度44分33.89秒","〒143-0005東京都大田区平和の森公園2番2号","","","","","","","","","","","","","海苔","大田区","特定非営利活動法人海苔のふるさと会理事長中村博","　","2008年（平成20年）4月","北緯35度34分37.62秒東経139度44分33.89秒﻿ / ﻿北緯35.5771167度 東経139.7427472度﻿ /35.5771167; 139.7427472"
"大森ふるさとの浜辺公園","[大森ふるさとの浜辺公園] また隣接して 平和の森公園 があるほか、付近には都堀公園、 平和島公園 などもあり、当公園付近は大田区内でも身近に 自然 に触れられる数少ないエリアとなっている。","https://ja.wikipedia.org/wiki/大森ふるさとの浜辺公園","Category:大田区の公園","https://ja.wikipedia.org/wiki/Category:大田区の公園","参照","北緯35度34分23秒東経139度44分30秒","日本東京都大田区ふるさとの浜辺公園1番1号、平和の森公園2番2号、大森東一丁目34番2号","2007年4月1日","12.8 ヘクタール（水面含む）","","147台","大田区","大田区大森西一丁目12番1号","人工砂浜、人工干潟、釣磯場、ふるさとの広場、海辺の自然広場、ローラースライダー、売店、大森 海苔のふるさと館","平和島駅徒歩約15分 、大森町駅徒歩約12分 、大森駅から京急バス平和島循環で平和島五丁目バス停下車徒歩約3分、大森駅・蒲田駅から京急バス大森東五丁目行きで終点下車徒歩約4分、流通センター駅徒歩約15分","大森ふるさとの浜辺公園","公有水面","大田区地域基盤整備第一課","","","","","","",""
"京浜島つばさ公園","[京浜島つばさ公園] 京浜島の南東端、 羽田空港 B滑走路に面した海岸沿いに作られた細長い公園で、羽田空港を離着陸する 飛行機 がよく見える公園として知られ、テレビドラマの撮影でも使用されることがある。 そのため、家族連れや 航空ファン が訪れ、 スポッティング や 撮影 が行われる。","https://ja.wikipedia.org/wiki/京浜島つばさ公園","Category:大田区の公園","https://ja.wikipedia.org/wiki/Category:大田区の公園","参照","北緯35度34分15秒東経139度46分13秒","日本東京都大田区京浜島","1979年4月1日","","海上公園","あり","","","","","","","","","","","","","",""
"城南島海浜公園","[城南島海浜公園] 潮干狩り も可能な人工海浜、都区内では唯一のオートキャンプ場を備えた キャンプ 場などがある。また、当公園は 羽田空港 も近く、羽田空港を離着陸する 飛行機 を間近に眺められるビュースポットとしても知られている。公園の目と鼻の先に羽田空港B 滑走路 につながる 誘導灯 が見えるので、 航空ファン が旅客機の撮影（ スポッティング ）に訪れることも多い。","https://ja.wikipedia.org/wiki/城南島海浜公園","Category:大田区の公園","https://ja.wikipedia.org/wiki/Category:大田区の公園","参照","北緯35度34分41秒東経139度47分0秒","日本東京都大田区城南島","1991年7月6日","","海上公園","あり","","","","","","","","アーバンデザインコンサルタント","","","","","",""
"聖跡蒲田梅屋敷公園","[聖跡蒲田梅屋敷公園] 聖跡蒲田梅屋敷公園 （せいせきかまたうめやしきこうえん）とは、 東京都 大田区 蒲田 にある和風 庭園 である。その名の通り多くの 梅 が植えられている。","https://ja.wikipedia.org/wiki/聖跡蒲田梅屋敷公園","Category:大田区の公園","https://ja.wikipedia.org/wiki/Category:大田区の公園","参照","北緯35度33分53秒 東経139度43分37秒","","","","","","","","","","","","","","","","","","",""
"多摩川台公園","[多摩川台公園] 多摩川 に沿って北西から南東に向かって舌状に広がる台地上に約600mにわたって面積66,661 m 2 で展開している。","https://ja.wikipedia.org/wiki/多摩川台公園","Category:大田区の公園","https://ja.wikipedia.org/wiki/Category:大田区の公園","参照","北緯35度35分24.5秒東経139度40分0.9秒","日本東京都大田区田園調布一丁目","1953年","面積66,661 m2","","","","","","","","","","高村弘平","","","","","",""
"東京港野鳥公園","[東京港野鳥公園] 大田市場 （公設 卸売市場 ）に隣接し、 湾岸道路 や 首都高速道路 などに囲まれた環境にある公園である。面積は約36ヘクタール。1978年4月開園  。利用者は年間約5万人。 東京都港湾局 の所管で、 指定管理者 は東京港野鳥公園グループ（東京港埠頭株式会社、公益財団法人 日本野鳥の会 ）。毎年5月・11月には「東京港野鳥公園フェスティバル」が開催される  。","https://ja.wikipedia.org/wiki/東京港野鳥公園","Category:大田区の公園","https://ja.wikipedia.org/wiki/Category:大田区の公園","参照","北緯35度35分02.31秒東経139度45分38.35秒","日本東京都大田区東海三丁目1","1978年4月1日","約36ヘクタール","海浜公園","普通車15台（無料）","東京港野鳥公園グループ","〒143-0001東京都大田区東海3-1","","","東京港野鳥公園","大井第七ふ頭公園","東京港野鳥公園管理事務所","東京都・日本野鳥の会","","","","","",""
"西六郷公園","[西六郷公園] 西六郷公園 （にしろくごうこうえん）は、 東京都 大田区 西六郷 にある都市公園である。 1969年 3月31日 開園。廃 タイヤ を使った 遊具 が設置されているため、地元では タイヤ公園 とも呼ばれるユニークな公園。そのなかでも中心となっているのが高さ8mの大怪獣である。なお、入口には「タイヤ公園」と表記された看板が取り付けられている。","https://ja.wikipedia.org/wiki/西六郷公園","Category:大田区の公園","https://ja.wikipedia.org/wiki/Category:大田区の公園","参照","","","","","","","","","","","","","","","","","","","",""
"平和島公園","[平和島公園] 平和島公園 （へいわじまこうえん）は、 東京都 大田区 平和島 にある大田区立の 公園 である。 野球場 や プール （屋内と屋外）、 バーベキュー が可能な広場などからなっている。","https://ja.wikipedia.org/wiki/平和島公園","Category:大田区の公園","https://ja.wikipedia.org/wiki/Category:大田区の公園","参照","北緯35度34分55.24秒 東経139度44分33.19秒","","","","","","","","","","","","","","","","","","",""
"平和の森公園 (大田区)","[平和の森公園 (大田区)] かつて存在した平和島運河を埋め立て造られた公園で、大田区立の公園として最大の面積を誇る。公園内には、広場や池のほかに、 テニスコート 、 弓道場 、 アーチェリー 場などの スポーツ 施設がある。また、園内には大田区の文化財や史跡を模した 23区 内では唯一のフィールドアスレチック協会公認のフィールドアスレチック（有料）があるのが特徴である。","https://ja.wikipedia.org/wiki/平和の森公園_(大田区)","Category:大田区の公園","https://ja.wikipedia.org/wiki/Category:大田区の公園","参照","北緯35度34分43秒東経139度44分29秒","日本東京都大田区平和の森公園2番1号","1982年5月22日","約99,000 m2","","44台","大田区","大田区平和の森公園2番1号","フィールドアスレチック、テニスコート、弓道場、アーチェリー場 等","平和島駅徒歩約13分 、大森駅東口より京急バス「レジャーランド平和島」行きまたは、「平和島循環」で「レジャーランド平和島」バス停徒歩3分","平和の森公園フィールドアスレチック","公有水面","平和の森公園事務所","","","","","","",""
"本門寺公園","[本門寺公園] 当公園は、 日蓮宗 の大本山・ 池上本門寺 の東側の土地に広がる公園である。1938年に当時の 東京市 の公園として開園した。 1951年 1月30日 に大田区に移管された。  1996年 には デイキャンプ場 が新しくなり  、区内をはじめ多くの人に利用されている。その他に園内には弁天池という池があり、釣りをすることができる。","https://ja.wikipedia.org/wiki/本門寺公園","Category:大田区の公園","https://ja.wikipedia.org/wiki/Category:大田区の公園","参照","北緯35度34分46.4秒東経139度42分20.4秒","日本東京都大田区池上一丁目11番1号","1938年12月","28,366.05m2","","","大田区","","弁天池、子ども広場、グランド、デイキャンプ場","東急池上線池上駅徒歩約15分","","","","","","","","","",""
