﻿"タイトル","コメント","URL","親リストタイトル","親リストURL","一覧抽出方法","座標","位置","所在地","地図","城郭構造","築城年","廃城年","遺構","指定文化財","別名","天守構造","築城主","主な城主","主な改修者","法人番号","形状","築造時期","史跡","再建造物","規模"
"渋野丸山古墳","[渋野丸山古墳（しぶのまるやまこふん）〔徳島市〕] 渋野丸山古墳 （しぶのまるやまこふん）は、 徳島県 徳島市 渋野町 三ツ岩（みついわ）・学頭（がくとう）にある 古墳 。形状は 前方後円墳 。渋野古墳群を構成する古墳の1つ。国の 史跡 に指定されている。","https://ja.wikipedia.org/wiki/渋野丸山古墳","四国地方の史跡一覧","https://ja.wikipedia.org/wiki/四国地方の史跡一覧","箇条書き,制限あり","北緯34度0分33.66秒東経134度31分44.02秒","北緯34度0分33.66秒東経134度31分44.02秒﻿ / ﻿北緯34.0093500度 東経134.5288944度﻿ /34.0093500; 134.5288944座標:北緯34度0分33.66秒東経134度31分44.02秒﻿ / ﻿北緯34.0093500度 東経134.5288944度﻿ /34.0093500; 134.5288944","徳島県徳島市渋野町三ツ岩・学頭","富田茶臼山快天山渋野丸山渋野丸山古墳愛宕山古墳山ノ神古墳","","","","","","","","","","","","前方後円墳","5世紀前半","国の史跡「渋野丸山古墳」","","墳丘長105m高さ18m（後円部）"
"徳島城","[徳島城跡（とくしまじょうあと）〔徳島市〕2006年1月26日] 徳島城 （とくしまじょう）は、 徳島県 徳島市 徳島町 にあった 日本の城 。城跡は国指定の 史跡 、 名勝 （ 表御殿庭園 ）になっている。","https://ja.wikipedia.org/wiki/徳島城","四国地方の史跡一覧","https://ja.wikipedia.org/wiki/四国地方の史跡一覧","箇条書き,制限あり","北緯34度4分30.69秒東経134度33分18.99秒","北緯34度4分30.69秒東経134度33分18.99秒﻿ / ﻿北緯34.0751917度 東経134.5552750度﻿ /34.0751917; 134.5552750座標:北緯34度4分30.69秒東経134度33分18.99秒﻿ / ﻿北緯34.0751917度 東経134.5552750度﻿ /34.0751917; 134.5552750","","徳島城徳島市の地図を表示徳島城徳島県の地図を表示徳島城日本の地図を表示","梯郭式平山城","天正13年（1585年）","明治2年（1869年）","石垣、堀、庭園","国の史跡、国の名勝（表御殿庭園）","渭山城、渭津城","不明（1588年・非現存）東二の丸御三階櫓(1615年以降)","蜂須賀家政","蜂須賀氏","","","","","","鷲の門",""
"徳島藩主蜂須賀家墓所","[徳島藩主蜂須賀家墓所（とくしまはんしゅはちすかけぼしょ）〔徳島市〕] 徳島藩主蜂須賀家墓所 （とくしまはんしゅはちすかけぼしょ）は、 徳島県 徳島市 にある 徳島藩 主 蜂須賀氏 とその一族および 重臣 の 墓所 である。 2002年 （平成14年） 9月20日 、国の 史跡 に指定された。 とくしま市民遺産 選定。","https://ja.wikipedia.org/wiki/徳島藩主蜂須賀家墓所","四国地方の史跡一覧","https://ja.wikipedia.org/wiki/四国地方の史跡一覧","箇条書き,制限あり","","","","","","","","","","","","","","","","","","","",""
"鳴門板野古墳群","[鳴門板野古墳群（なるといたのこふんぐん）〔鳴門市〕2016年10月3日] 鳴門板野古墳群 （なるといたのこふんぐん）は、 徳島県 鳴門市 にある 古墳群 。2016年（平成28年）10月3日、国の 史跡 に指定された。","https://ja.wikipedia.org/wiki/鳴門板野古墳群","四国地方の史跡一覧","https://ja.wikipedia.org/wiki/四国地方の史跡一覧","箇条書き,制限あり","北緯34度10分22秒 東経134度34分11秒","","","","","","","","","","","","","","","","","","",""
"阿波国分尼寺跡","[阿波国分尼寺跡（あわこくぶんにじあと）〔名西郡石井町〕] 阿波国分尼寺跡 （あわこくぶんにじあと）は、 徳島県 名西郡 石井町 石井尼寺12-1にある古代 寺院 跡。国の 史跡 に指定されている。","https://ja.wikipedia.org/wiki/阿波国分尼寺跡","四国地方の史跡一覧","https://ja.wikipedia.org/wiki/四国地方の史跡一覧","箇条書き,制限あり","","","","","","","","","","","","","","","","","","","",""
"勝瑞城","[勝瑞城館跡（しょうずいじょうかんあと）〔板野郡藍住町〕2001年1月29日] 勝瑞城 （しょうずいじょう）は、 徳島県 板野郡 藍住町 勝瑞（ 阿波国 板野郡勝瑞）にあった 日本の城 （ 平城 ）。平城跡と居館跡が 2001年 （ 平成 13年）に国の 史跡 に指定され、その後の発掘で新たに確認された部分が 2007年 （平成19年）に追加指定された    。阿波国の 守護所 であり、近年の 発掘調査 でその繁栄の一端をうかがうことができた。現在も断続的に発掘調査が行われている  。","https://ja.wikipedia.org/wiki/勝瑞城","四国地方の史跡一覧","https://ja.wikipedia.org/wiki/四国地方の史跡一覧","箇条書き,制限あり","北緯34度7分57.37秒東経134度31分22.56秒","北緯34度7分57.37秒東経134度31分22.56秒﻿ / ﻿北緯34.1326028度 東経134.5229333度﻿ /34.1326028; 134.5229333","","勝瑞城","平城、複郭式館城","鎌倉時代初期（他説あり）","天正10年（1582年）","土塁、水堀、土橋","国の史跡","阿波屋形、下屋形、勝瑞屋形、勝瑞城館","建造されず","小笠原長清","細川氏、三好氏","三好実休","","","","","勝瑞城址公園（建設中）復元土塁、復元堀",""
"郡里廃寺跡","[郡里廃寺跡（こおざとはいじあと）〔美馬市〕] 郡里廃寺跡 （こおさとはいじあと）は、 徳島県 美馬市 美馬町 銀杏木・ 願勝寺 にある 古代 寺院 跡。国の 史跡 に指定されている。","https://ja.wikipedia.org/wiki/郡里廃寺跡","四国地方の史跡一覧","https://ja.wikipedia.org/wiki/四国地方の史跡一覧","箇条書き,制限あり","","","","","","","","","","","","","","","","","","","",""
"段の塚穴","[段の塚穴（だんのつかあな）〔美馬市〕] 太鼓塚古墳 （たいこづかこふん）は、美馬市美馬町坊僧にある古墳。","https://ja.wikipedia.org/wiki/段の塚穴","四国地方の史跡一覧","https://ja.wikipedia.org/wiki/四国地方の史跡一覧","箇条書き,制限あり","北緯34度3分35.03秒 東経134度4分31.05秒","","","","","","","","","","","","","","","","","","",""
"丹田古墳","[丹田古墳（たんだこふん）〔三好郡東みよし町〕] 丹田古墳 （たんだこふん）は、 徳島県 三好郡 東みよし町 西庄にある 古墳 （ 積石塚 ）。形状は 前方後円墳 または 前方後方墳 。国の 史跡 に指定されている。","https://ja.wikipedia.org/wiki/丹田古墳","四国地方の史跡一覧","https://ja.wikipedia.org/wiki/四国地方の史跡一覧","箇条書き,制限あり","北緯34度1分26.25秒東経133度56分9.98秒","北緯34度1分26.25秒東経133度56分9.98秒﻿ / ﻿北緯34.0239583度 東経133.9361056度﻿ /34.0239583; 133.9361056座標:北緯34度1分26.25秒東経133度56分9.98秒﻿ / ﻿北緯34.0239583度 東経133.9361056度﻿ /34.0239583; 133.9361056","徳島県三好郡東みよし町西庄加茂山","丹田古墳","","","","","","","","","","","","前方後円墳または前方後方墳（柄鏡式）","4世紀代","国の史跡「丹田古墳」","","墳丘長37m高さ3m（後円部または後方部）"
"鶴林寺 (徳島県勝浦町)","[鶴林寺境内（かくりんじけいだい）] 鶴林寺 （かくりんじ）は、 徳島県 勝浦郡 勝浦町 にある 高野山真言宗 の寺院である。 四国八十八箇所 霊場 第20番 札所 。 山号 は霊鷲山（りょうじゅさん）、 院号 は宝珠院（ほうじゅいん）と号する。 本尊 は 地蔵菩薩 。","https://ja.wikipedia.org/wiki/鶴林寺_(徳島県勝浦町)","四国地方の史跡一覧","https://ja.wikipedia.org/wiki/四国地方の史跡一覧","箇条書き,制限あり","北緯33度54分49.9秒東経134度30分20.2秒","北緯33度54分49.9秒東経134度30分20.2秒﻿ / ﻿北緯33.913861度 東経134.505611度﻿ /33.913861; 134.505611﻿ (鶴林寺)座標:北緯33度54分49.9秒東経134度30分20.2秒﻿ / ﻿北緯33.913861度 東経134.505611度﻿ /33.913861; 134.505611﻿ (鶴林寺)","徳島県勝浦郡勝浦町生名鷲ヶ尾14","","","","","","","","","","","","2480005002413","","","","",""
"太龍寺","[太龍寺境内（たいりゅうじけいだい）] 太龍寺 （たいりゅうじ）は、 徳島県 阿南市 加茂町 にある 高野山真言宗 の 寺院 。 山号 は舎心山（しゃしんざん）、 院号 は常住院（じょうじゅういん）と号する。 四国八十八箇所 霊場 の第21番 札所 。 阿波秩父観音霊場 の第10番札所。 本尊 は 虚空蔵菩薩 。","https://ja.wikipedia.org/wiki/太龍寺","四国地方の史跡一覧","https://ja.wikipedia.org/wiki/四国地方の史跡一覧","箇条書き,制限あり","北緯33度52分57.1秒東経134度31分18.8秒","北緯33度52分57.1秒東経134度31分18.8秒﻿ / ﻿北緯33.882528度 東経134.521889度﻿ /33.882528; 134.521889座標:北緯33度52分57.1秒東経134度31分18.8秒﻿ / ﻿北緯33.882528度 東経134.521889度﻿ /33.882528; 134.521889","徳島県阿南市加茂町龍山2","","","","","","","","","","","","1480005004427","","","","",""
"讃岐国分寺","[讃岐国分寺跡（さぬきこくぶんじあと）〔高松市〕] 讃岐国分寺 （さぬきこくぶんじ）は、 香川県 高松市 国分寺町国分にある 真言宗御室派 の 寺院 。 四国八十八箇所 霊場 の第八十番 札所 。札所寺院としては単に「 國分寺  」と称するのが通例である。","https://ja.wikipedia.org/wiki/讃岐国分寺","四国地方の史跡一覧","https://ja.wikipedia.org/wiki/四国地方の史跡一覧","箇条書き,制限あり","北緯34度18分11.3秒東経133度56分39秒","北緯34度18分11.3秒東経133度56分39秒﻿ / ﻿北緯34.303139度 東経133.94417度﻿ /34.303139; 133.94417﻿ (国分寺)座標:北緯34度18分11.3秒東経133度56分39秒﻿ / ﻿北緯34.303139度 東経133.94417度﻿ /34.303139; 133.94417﻿ (国分寺)","香川県高松市国分寺町国分字上所2065番地","","","","","","","","","","","","1470005001879","","","","",""
"富田茶臼山古墳","[富田茶臼山古墳（とみたちゃうすやまこふん）〔さぬき市〕] 富田茶臼山古墳 （とみだちゃうすやまこふん  /とみたちゃうすやまこふん  ）は、 香川県 さぬき市 大川町富田中（とみだなか）にある 古墳 。形状は 前方後円墳 。国の 史跡 に指定されている。","https://ja.wikipedia.org/wiki/富田茶臼山古墳","四国地方の史跡一覧","https://ja.wikipedia.org/wiki/四国地方の史跡一覧","箇条書き,制限あり","北緯34度15分35.86秒東経134度14分38.39秒","北緯34度15分35.86秒東経134度14分38.39秒﻿ / ﻿北緯34.2599611度 東経134.2439972度﻿ /34.2599611; 134.2439972座標:北緯34度15分35.86秒東経134度14分38.39秒﻿ / ﻿北緯34.2599611度 東経134.2439972度﻿ /34.2599611; 134.2439972","香川県さぬき市大川町富田中3402-3他（字石仏）","富田茶臼山快天山渋野丸山富田茶臼山古墳快天山古墳","","","","","","","","","","","","前方後円墳","5世紀前半頃","国の史跡「富田茶臼山古墳」","","墳丘長139m高さ15m（後円部）"
"石清尾山古墳群","[石清尾山古墳群（いわせおやまこふんぐん）〔高松市〕] 石清尾山古墳群 （いわせおやまこふんぐん）は、 香川県 高松市 峰山町、室町、宮脇町、西春日町、鶴市町、西宝町にわたる 石清尾山塊 上に所在する 積石塚 を特色とする 古墳群 。国の 史跡 に指定されている  。","https://ja.wikipedia.org/wiki/石清尾山古墳群","四国地方の史跡一覧","https://ja.wikipedia.org/wiki/四国地方の史跡一覧","箇条書き,制限あり","北緯34度19分39.6秒東経134度01分25.0秒","北緯34度19分39.6秒東経134度01分25.0秒﻿ / ﻿北緯34.327667度 東経134.023611度﻿ /34.327667; 134.023611座標:北緯34度19分39.6秒東経134度01分25.0秒﻿ / ﻿北緯34.327667度 東経134.023611度﻿ /34.327667; 134.023611","香川県高松市","石清尾山古墳群香川県内の位置","","","","","","","","","","","","双方中円墳、方墳、前方後円墳","3世紀末-7世紀初","国指定史跡:1934年（昭和9年）1月22日指定、1985年（昭和60年）7月16日追加指定・名称変更、1989年（平成元年）8月14日追加指定","",""
"讃岐国分尼寺 (存在しないページ)","[讃岐国分尼寺跡（さぬきこくぶんにじあと）〔高松市〕]","https://ja.wikipedia.org/w/index.php?title=讃岐国分尼寺&amp;action=edit&amp;redlink=1","四国地方の史跡一覧","https://ja.wikipedia.org/wiki/四国地方の史跡一覧","箇条書き,制限あり","","","","","","","","","","","","","","","","","","","",""
"高松城 (讃岐国)","[高松城跡（たかまつじょうあと）〔高松市〕] 高松城 （たかまつじょう）は、 日本 の 香川県 高松市 玉藻町にあった 日本の城 である。別名・ 玉藻城 （たまもじょう）。国の 史跡 に指定されている。","https://ja.wikipedia.org/wiki/高松城_(讃岐国)","四国地方の史跡一覧","https://ja.wikipedia.org/wiki/四国地方の史跡一覧","箇条書き,制限あり","北緯34度21分0.2秒東経134度3分1.4秒","北緯34度21分0.2秒東経134度3分1.4秒﻿ / ﻿北緯34.350056度 東経134.050389度﻿ /34.350056; 134.050389﻿ (高松城)座標:北緯34度21分0.2秒東経134度3分1.4秒﻿ / ﻿北緯34.350056度 東経134.050389度﻿ /34.350056; 134.050389﻿ (高松城)","","高松城","輪郭式平城","1590年（天正18年）","1869年（明治2年）","櫓、門、渡櫓、石垣、堀","国の重要文化財（北の丸月見櫓・水手御門・渡櫓、旧東の丸艮櫓、披雲閣）、国の史跡","玉藻城","独立式層塔型3重4階地下1階（1669年改・非現存）","生駒親正","生駒氏、松平氏","松平頼重、松平頼常","","","","","御殿",""
"屋島","[屋島（やしま）〔高松市〕] 屋島 （やしま、 旧字体 ： 屋嶋 ）は、 日本 の 四国 北東部の、 香川県 高松市 の東北に位置する、硬質の溶岩に覆われた平坦面が侵食された残丘。南北に長い 台地 状の地形  。","https://ja.wikipedia.org/wiki/屋島","四国地方の史跡一覧","https://ja.wikipedia.org/wiki/四国地方の史跡一覧","箇条書き,制限あり","北緯34度21分21秒東経134度6分17秒","北緯34度21分21秒東経134度6分17秒﻿ / ﻿北緯34.35583度 東経134.10472度﻿ /34.35583; 134.10472﻿ (屋島)座標:北緯34度21分21秒東経134度6分17秒﻿ / ﻿北緯34.35583度 東経134.10472度﻿ /34.35583; 134.10472﻿ (屋島)","香川県高松市","","","","","","","","","","","","","","","","",""
"府中・山内瓦窯跡 (存在しないページ)","[府中・山内瓦窯跡（ふちゅう・やまのうちかわらがまあと）〔坂出市・高松市〕]","https://ja.wikipedia.org/w/index.php?title=府中・山内瓦窯跡&amp;action=edit&amp;redlink=1","四国地方の史跡一覧","https://ja.wikipedia.org/wiki/四国地方の史跡一覧","箇条書き,制限あり","","","","","","","","","","","","","","","","","","","",""
"城山 (香川県)","[城山（きやま）〔坂出市・丸亀市〕] 城山城 （きやまじょう、讃岐城山城）は、 讃岐国 阿野郡 の城山（きやま、現在の 香川県 坂出市 西庄町・川津町・府中町、 丸亀市 飯山町）にあった 日本 の 古代山城 （分類は 神籠石系山城 ）。城跡は国の 史跡 に指定されている（指定名称は「城山」）。","https://ja.wikipedia.org/wiki/城山_(香川県)","四国地方の史跡一覧","https://ja.wikipedia.org/wiki/四国地方の史跡一覧","箇条書き,制限あり","北緯34度17分22.94秒東経133度53分23.17秒","北緯34度17分22.94秒東経133度53分23.17秒﻿ / ﻿北緯34.2897056度 東経133.8897694度﻿ /34.2897056; 133.8897694座標:北緯34度17分22.94秒東経133度53分23.17秒﻿ / ﻿北緯34.2897056度 東経133.8897694度﻿ /34.2897056; 133.8897694","","","古代山城（神籠石系山城）","不明","不明","城門・水門・石塁・土塁ほか","国の史跡「城山」","","","","","","","","","","",""
"快天山古墳","[快天山古墳（かいてんやまこふん）〔丸亀市〕] 快天山古墳 （かいてんやまこふん）は、 香川県 丸亀市 綾歌町栗熊東・富熊にある 古墳 。形状は 前方後円墳 。国の 史跡 に指定されている。","https://ja.wikipedia.org/wiki/快天山古墳","四国地方の史跡一覧","https://ja.wikipedia.org/wiki/四国地方の史跡一覧","箇条書き,制限あり","北緯34度14分20.65秒東経133度53分26.15秒","北緯34度14分20.65秒東経133度53分26.15秒﻿ / ﻿北緯34.2390694度 東経133.8905972度﻿ /34.2390694; 133.8905972座標:北緯34度14分20.65秒東経133度53分26.15秒﻿ / ﻿北緯34.2390694度 東経133.8905972度﻿ /34.2390694; 133.8905972","香川県丸亀市綾歌町栗熊東字若狭・富熊字畑田","富田茶臼山快天山渋野丸山快天山古墳富田茶臼山古墳","","","","","","","","","","","","前方後円墳","4世紀中葉","国の史跡「快天山古墳」","","墳丘長98.8m高さ10.55m（後円部）"
"塩飽勤番所","[塩飽勤番所跡（しわくきんばんしょあと）〔丸亀市〕] 塩飽勤番所 （しわくきんばんしょ）は、 香川県 丸亀市 本島 にある 塩飽諸島 の旧政庁。現在では 塩飽水軍 の歴史を展示した資料館になっている。","https://ja.wikipedia.org/wiki/塩飽勤番所","四国地方の史跡一覧","https://ja.wikipedia.org/wiki/四国地方の史跡一覧","箇条書き,制限あり","北緯34度23分16.22秒 東経133度47分1.83秒","","香川県丸亀市本島町泊81","","","","","","","","","","","","","","","","",""
"丸亀城","[丸亀城跡（まるがめじょうあと）〔丸亀市〕] 丸亀城 （まるがめじょう）は、 讃岐国 、現在の 香川県 丸亀市 にある 日本の城 である。別名、 亀山城 （かめやまじょう）、 蓬莱城 （ほうらいじょう）ともいう。","https://ja.wikipedia.org/wiki/丸亀城","四国地方の史跡一覧","https://ja.wikipedia.org/wiki/四国地方の史跡一覧","箇条書き,制限あり","北緯34度17分10.63秒東経133度48分0.35秒","北緯34度17分10.63秒東経133度48分0.35秒﻿ / ﻿北緯34.2862861度 東経133.8000972度﻿ /34.2862861; 133.8000972﻿ (丸亀城)座標:北緯34度17分10.63秒東経133度48分0.35秒﻿ / ﻿北緯34.2862861度 東経133.8000972度﻿ /34.2862861; 133.8000972﻿ (丸亀城)","","丸亀城","渦郭式平山城","室町時代初期（14世紀頃）","1871年","現存天守・大手一の門・大手二の門・御殿表門・長屋・番所石垣、堀","重要文化財（天守・大手一の門・大手二の門）国の史跡","亀山城、蓬莱城","御三階櫓（複合式層塔型3重3階）（1660年築）（独立式層塔型3重3階）（1877年改）","奈良元安","生駒氏、山崎氏、京極氏","生駒親正、山崎家治","","","","","",""
"天霧城","[天霧城跡（あまきりじょうあと）〔善通寺市〕] 天霧城 （あまぎりじょう）は 讃岐国 、現在の 香川県 善通寺市 吉原町と 三豊市 三野町、 仲多度郡 多度津町 の市町境にあった 中世 日本の城 （ 山城 ）。国の 史跡  。別名・雨霧城または尼斬城。讃岐 香川氏 累代の有事の際の詰城で、平時の居館は多度津町の 本台山城 東麓にあったとされる。","https://ja.wikipedia.org/wiki/天霧城","四国地方の史跡一覧","https://ja.wikipedia.org/wiki/四国地方の史跡一覧","箇条書き,制限あり","北緯34度14分8.22秒東経133度44分7.47秒","北緯34度14分8.22秒東経133度44分7.47秒﻿ / ﻿北緯34.2356167度 東経133.7354083度﻿ /34.2356167; 133.7354083座標:北緯34度14分8.22秒東経133度44分7.47秒﻿ / ﻿北緯34.2356167度 東経133.7354083度﻿ /34.2356167; 133.7354083","","天霧城","山城","正平19年（1364年）","天正13年（1585年）","本丸（物見台）跡・二の丸跡・三の丸跡・隠し砦跡・外郭・石塁・堀切・井戸","国の史跡","雨霧城・尼斬城","不明","香川景則","香川氏","","","","","","なし",""
"有岡古墳群","[有岡古墳群（ありおかこふんぐん）〔善通寺市〕] 有岡古墳群 （ありおかこふんぐん）は、 香川県 善通寺市 に分布する 古墳群 。 弘法大師 の祖先ともいわれる 豪族 の墓群とも言われる。同じ系統の首長墓とされる古墳が集まっており、 1984年 11月29日 に国の史跡に指定された   。","https://ja.wikipedia.org/wiki/有岡古墳群","四国地方の史跡一覧","https://ja.wikipedia.org/wiki/四国地方の史跡一覧","箇条書き,制限あり","","","","","","","","","","","","","","","","","","","",""
"仲多度郡","[中寺廃寺跡（なかでらはいじあと）〔仲多度郡まんのう町〕] 仲多度郡 （なかたどぐん）は、 香川県 の 郡 。","https://ja.wikipedia.org/wiki/仲多度郡","四国地方の史跡一覧","https://ja.wikipedia.org/wiki/四国地方の史跡一覧","箇条書き,制限あり","","","","","","","","","","","","","","","","","","","",""
"二ノ宮窯跡 (存在しないページ)","[二ノ宮窯跡（にのみやかまあと）〔三豊市〕]","https://ja.wikipedia.org/w/index.php?title=二ノ宮窯跡&amp;action=edit&amp;redlink=1","四国地方の史跡一覧","https://ja.wikipedia.org/wiki/四国地方の史跡一覧","箇条書き,制限あり","","","","","","","","","","","","","","","","","","","",""
"宗吉瓦窯跡 (存在しないページ)","[宗吉瓦窯跡（むねよしがようあと）〔三豊市〕]","https://ja.wikipedia.org/w/index.php?title=宗吉瓦窯跡&amp;action=edit&amp;redlink=1","四国地方の史跡一覧","https://ja.wikipedia.org/wiki/四国地方の史跡一覧","箇条書き,制限あり","","","","","","","","","","","","","","","","","","","",""
"喜兵衛島製塩遺跡","[喜兵衛島製塩遺跡（きへえじませいえんいせき）〔香川郡直島町〕] 喜兵衛島製塩遺跡 （きべえじませいえんいせき）は、 香川県 香川郡 直島町 にある 古墳時代 の 遺跡 。 1979年 （昭和54年）6月25日、国の 史跡 に指定された  。","https://ja.wikipedia.org/wiki/喜兵衛島製塩遺跡","四国地方の史跡一覧","https://ja.wikipedia.org/wiki/四国地方の史跡一覧","箇条書き,制限あり","北緯34度29分59.8秒 東経133度58分33.8秒","","","","","","","","","","","","","","","","","","",""
"大坂城石垣石切丁場跡 (存在しないページ)","[大坂城石垣石切丁場跡（おおさかじょういしがきいしきりちょうばあと）〔小豆郡小豆島町〕]","https://ja.wikipedia.org/w/index.php?title=大坂城石垣石切丁場跡&amp;action=edit&amp;redlink=1","四国地方の史跡一覧","https://ja.wikipedia.org/wiki/四国地方の史跡一覧","箇条書き,制限あり","","","","","","","","","","","","","","","","","","","",""
"宇摩向山古墳","[宇摩向山古墳（うまむかいやまこふん）〔四国中央市〕] 宇摩向山古墳 （うまむかいやまこふん）は、 愛媛県 四国中央市 金生町（きんせいちょう）下分にある 古墳 。形状は長方形墳。国の 史跡 に指定されている。","https://ja.wikipedia.org/wiki/宇摩向山古墳","四国地方の史跡一覧","https://ja.wikipedia.org/wiki/四国地方の史跡一覧","箇条書き,制限あり","北緯34度0分24.22秒東経133度35分5.30秒","北緯34度0分24.22秒東経133度35分5.30秒﻿ / ﻿北緯34.0067278度 東経133.5848056度﻿ /34.0067278; 133.5848056座標:北緯34度0分24.22秒東経133度35分5.30秒﻿ / ﻿北緯34.0067278度 東経133.5848056度﻿ /34.0067278; 133.5848056","愛媛県四国中央市金生町下分乙","宇摩向山古墳","","","","","","","","","","","","長方形墳","7世紀前半","国の史跡「宇摩向山古墳」","","東西70m×南北46m"
"西条市","[法安寺跡（ほうあんじあと）〔西条市〕] 西条市 （さいじょうし）は、 愛媛県 東予地方 、西日本最高峰 石鎚山 の麓に位置する 市 。 瀬戸内海 燧灘 に面する。","https://ja.wikipedia.org/wiki/西条市","四国地方の史跡一覧","https://ja.wikipedia.org/wiki/四国地方の史跡一覧","箇条書き,制限あり","北緯33度55分10.4秒東経133度10分52.2秒","","〒793-8601愛媛県西条市明屋敷164番地北緯33度55分10.4秒東経133度10分52.2秒﻿ / ﻿北緯33.919556度 東経133.181167度﻿ /33.919556; 133.181167﻿ (西条市)座標:北緯33度55分10.4秒東経133度10分52.2秒﻿ / ﻿北緯33.919556度 東経133.181167度﻿ /33.919556; 133.181167﻿ (西条市)","","","","","","","","","","","","2000020382060","","","","",""
"永納山城","[永納山城跡（えいのうさんじょうあと）〔西条市・今治市〕] 永納山城 （えいのうさんじょう）は、 伊予国 桑村郡 の永納山・医王山（現在の 愛媛県 西条市 河原津・楠、 今治市 孫兵衛作（まごべえさく））  にあった 日本 の 古代山城 （分類は 神籠石系山城 ）。城跡は国の 史跡 に指定されている。","https://ja.wikipedia.org/wiki/永納山城","四国地方の史跡一覧","https://ja.wikipedia.org/wiki/四国地方の史跡一覧","箇条書き,制限あり","北緯33度58分40.30秒東経133度3分21.25秒","北緯33度58分40.30秒東経133度3分21.25秒﻿ / ﻿北緯33.9778611度 東経133.0559028度﻿ /33.9778611; 133.0559028座標:北緯33度58分40.30秒東経133度3分21.25秒﻿ / ﻿北緯33.9778611度 東経133.0559028度﻿ /33.9778611; 133.0559028","","","古代山城（神籠石系山城）","不明","不明","土塁・鍛冶関連遺構","国の史跡「永納山城跡」","","","","","","","","","","",""
"伊予国分寺","[伊予国分寺塔跡（いよこくぶんじとうあと）〔今治市〕] 伊予国分寺 （いよこくぶんじ）は、 愛媛県 今治市 国分に位置する 真言律宗 の寺院。金光山（こんごうざん）、最勝院（さいしょういん）と号す。 本尊 は 薬師瑠璃光如来 （薬師如来）。 四国八十八箇所 霊場 の第五十九番 札所 。札所寺院としては、単に「 国分寺 」と称するのが通例である。","https://ja.wikipedia.org/wiki/伊予国分寺","四国地方の史跡一覧","https://ja.wikipedia.org/wiki/四国地方の史跡一覧","箇条書き,制限あり","北緯34度1分34.2秒東経133度1分31.6秒","北緯34度1分34.2秒東経133度1分31.6秒﻿ / ﻿北緯34.026167度 東経133.025444度﻿ /34.026167; 133.025444座標:北緯34度1分34.2秒東経133度1分31.6秒﻿ / ﻿北緯34.026167度 東経133.025444度﻿ /34.026167; 133.025444","愛媛県今治市国分4-1-33","","","","","","","","","","","","6500005005038","","","","",""
"能島城跡","[能島城跡（のしまじょうあと）〔今治市〕] 能島 （のしま）は、 瀬戸内海 のほぼ中央、 伯方島 と 大島 との間の宮窪瀬戸、 鵜島 の南西に位置する 無人島 。 愛媛県 今治市 （旧： 越智郡 宮窪町 ）に属する。属島として鯛崎島が南にある。","https://ja.wikipedia.org/wiki/能島城跡","四国地方の史跡一覧","https://ja.wikipedia.org/wiki/四国地方の史跡一覧","箇条書き,制限あり","北緯34度10分58秒東経133度4分51秒","","日本（愛媛県）","","","","","","","","","","","","","","","","",""
"妙見山古墳 (今治市)","[妙見山古墳（みょうけんさんこふん）〔今治市〕] 妙見山古墳 （みょうけんさんこふん、 妙見山1号墳 ）は、 愛媛県 今治市 大西町宮脇にある 古墳 。形状は 前方後円墳 。妙見山古墳群を構成する古墳の1つ。国の 史跡 に指定されている。","https://ja.wikipedia.org/wiki/妙見山古墳_(今治市)","四国地方の史跡一覧","https://ja.wikipedia.org/wiki/四国地方の史跡一覧","箇条書き,制限あり","北緯34度3分31.39秒東経132度55分50.97秒","北緯34度3分31.39秒東経132度55分50.97秒﻿ / ﻿北緯34.0587194度 東経132.9308250度﻿ /34.0587194; 132.9308250座標:北緯34度3分31.39秒東経132度55分50.97秒﻿ / ﻿北緯34.0587194度 東経132.9308250度﻿ /34.0587194; 132.9308250","愛媛県今治市大西町宮脇乙（藤山健康文化公園内）","妙見山古墳","","","","","","妙見山1号墳","","","","","","前方後円墳","古墳時代前期前半","国の史跡「妙見山古墳」","","墳丘長55.2m高さ7m（後円部）"
"来住廃寺跡 (存在しないページ)","[来住廃寺跡（きしはいじあと）]","https://ja.wikipedia.org/w/index.php?title=来住廃寺跡&amp;action=edit&amp;redlink=1","四国地方の史跡一覧","https://ja.wikipedia.org/wiki/四国地方の史跡一覧","箇条書き,制限あり","","","","","","","","","","","","","","","","","","","",""
"松山城 (伊予国)","[松山城跡（まつやまじょうあと）〔松山市〕] 松山城 （まつやまじょう）は、 愛媛県 松山市 にあった 日本の城 。別名 金亀城（きんきじょう）、勝山城（かつやまじょう）。各地に 松山城 と呼ばれる城が存在するため「伊予松山城」と呼ばれることもあるが、一般的に「松山城」は本城を指すことが多い。同じ 現存12天守 の一つ、 岡山県 高梁市 にある 備中松山城 と比較すると、本城が優勢となっている。","https://ja.wikipedia.org/wiki/松山城_(伊予国)","四国地方の史跡一覧","https://ja.wikipedia.org/wiki/四国地方の史跡一覧","箇条書き,制限あり","北緯33度50分43.94秒東経132度45分56.6秒","北緯33度50分43.94秒東経132度45分56.6秒﻿ / ﻿北緯33.8455389度 東経132.765722度﻿ /33.8455389; 132.765722﻿ (松山城)座標:北緯33度50分43.94秒東経132度45分56.6秒﻿ / ﻿北緯33.8455389度 東経132.765722度﻿ /33.8455389; 132.765722﻿ (松山城)","","松山城松山市の地図を表示松山城愛媛県の地図を表示","連郭式平山城","慶長7年（1602年）着手","明治6年（1873年）","天守、櫓、門、塀、井戸、石垣、土塁、堀","重要文化財（大天守、野原櫓・乾櫓・隠門続櫓など櫓6棟、戸無門・隠門・紫竹門・一ノ門など門7棟、筋鉄門東塀など塀7棟）国の史跡","金亀城、勝山城","連立式層塔型3重3階地下1階（1852年 再）","加藤嘉明","加藤氏、松平（久松）氏","松平勝善","","","","","小天守、北隅櫓、十間廊下、南隅櫓、太鼓櫓、筒井門、太鼓門、乾門、艮門東続櫓など",""
"湯築城","[湯築城跡（ゆづきじょうあと）〔松山市〕] 湯築城 （ゆづきじょう）は、 愛媛県 松山市 道後公園にある 城 跡。 堀 や 土塁 が現存する。国の 史跡 に指定されている。","https://ja.wikipedia.org/wiki/湯築城","四国地方の史跡一覧","https://ja.wikipedia.org/wiki/四国地方の史跡一覧","箇条書き,制限あり","北緯33度50分53.19秒東経132度47分12.27秒","北緯33度50分53.19秒東経132度47分12.27秒﻿ / ﻿北緯33.8481083度 東経132.7867417度﻿ /33.8481083; 132.7867417座標:北緯33度50分53.19秒東経132度47分12.27秒﻿ / ﻿北緯33.8481083度 東経132.7867417度﻿ /33.8481083; 132.7867417","","湯築城松山市の地図を表示湯築城愛媛県の地図を表示","梯郭式平山城","建武2年（1335年）頃","天正15年（1587年）","土塁、水堀、郭","国の史跡","湯月城","なし","河野氏","河野氏、小早川氏、福島氏","","","","","","武家屋敷",""
"上黒岩岩陰遺跡","[上黒岩岩陰遺跡（かみくろいわいわかげいせき）〔上浮穴郡久万高原町〕] 上黒岩岩陰遺跡 （かみくろいわいわかげいせき）は、 愛媛県 久万高原町 （発見当時は 美川村 ）で 1961年 に発見された 縄文時代 早期を中心とする 岩陰遺跡 である。国の 史跡 に指定されている。","https://ja.wikipedia.org/wiki/上黒岩岩陰遺跡","四国地方の史跡一覧","https://ja.wikipedia.org/wiki/四国地方の史跡一覧","箇条書き,制限あり","北緯33度37分4.2秒 東経132度57分39.1秒","","","","","","","","","","","","","","","","","","",""
"宇和島城","[宇和島城（うわじまじょう）〔宇和島市〕] 宇和島城 （うわじまじょう）は、 四国 の 愛媛県 宇和島市 丸之内にあった 日本の城 である。 江戸時代 は 宇和島藩 の藩庁となった。城跡は国の 史跡 に指定されている（ 1937年 （昭和12年）指定）。別名は鶴島城。","https://ja.wikipedia.org/wiki/宇和島城","四国地方の史跡一覧","https://ja.wikipedia.org/wiki/四国地方の史跡一覧","箇条書き,制限あり","北緯33度13分10.12秒東経132度33分54.85秒","北緯33度13分10.12秒東経132度33分54.85秒﻿ / ﻿北緯33.2194778度 東経132.5652361度﻿ /33.2194778; 132.5652361﻿ (宇和島城)座標:北緯33度13分10.12秒東経132度33分54.85秒﻿ / ﻿北緯33.2194778度 東経132.5652361度﻿ /33.2194778; 132.5652361﻿ (宇和島城)","","宇和島城","梯郭式平山城","慶長元年（1596年）","明治4年（1871年）","現存天守・門、石垣","重要文化財（天守）国の史跡宇和島市指定有形文化財（上り立ち門）","鶴島城、板島丸串城（旧称）","複合式望楼型3重3階（慶長6年（1601年）築、非現存）独立式層塔型 3重3階（寛文11年（1671年）再、現存）","藤堂高虎","西園寺氏、戸田氏、富田氏、藤堂氏、伊達氏","藤堂高虎、伊達宗利","","","","","",""
"横峰寺","[横峰寺道（よこみねじみち）] 横峰寺 （よこみねじ）は、 愛媛県 西条市 小松町にある 真言宗御室派 の 寺院 。 山号 は石鈇山（いしづちざん）、 院号 は福智院（ふくちいん）と号す。 本尊 は 大日如来 で、 四国八十八箇所 60番札所、 石鎚山 の西遥拝所。","https://ja.wikipedia.org/wiki/横峰寺","四国地方の史跡一覧","https://ja.wikipedia.org/wiki/四国地方の史跡一覧","箇条書き,制限あり","北緯33度50分16.3秒東経133度6分40.1秒","北緯33度50分16.3秒東経133度6分40.1秒﻿ / ﻿北緯33.837861度 東経133.111139度﻿ /33.837861; 133.111139座標:北緯33度50分16.3秒東経133度6分40.1秒﻿ / ﻿北緯33.837861度 東経133.111139度﻿ /33.837861; 133.111139","愛媛県西条市小松町石鎚甲2253","","","","","","","","","","","","6500005004031","","","","",""
"北宇和郡","[等妙寺旧境内（とうみょうじきゅうけいだい）〔北宇和郡鬼北町〕] 北宇和郡 （きたうわぐん）は、 愛媛県 の 郡 。","https://ja.wikipedia.org/wiki/北宇和郡","四国地方の史跡一覧","https://ja.wikipedia.org/wiki/四国地方の史跡一覧","箇条書き,制限あり","","","","","","","","","","","","","","","","","","","",""
"河後森城","[河後森城跡（かごもりじょうあと）〔北宇和郡松野町〕] 河後森城 （かごもりじょう）は、 愛媛県 北宇和郡 松野町 松丸に存在した 日本の城 （ 山城 ）。国の 史跡  。","https://ja.wikipedia.org/wiki/河後森城","四国地方の史跡一覧","https://ja.wikipedia.org/wiki/四国地方の史跡一覧","箇条書き,制限あり","北緯33度13分25.0秒東経132度42分31.0秒","北緯33度13分25.0秒東経132度42分31.0秒﻿ / ﻿北緯33.223611度 東経132.708611度﻿ /33.223611; 132.708611﻿ (河後森城)座標:北緯33度13分25.0秒東経132度42分31.0秒﻿ / ﻿北緯33.223611度 東経132.708611度﻿ /33.223611; 132.708611﻿ (河後森城)","","河後森城","山城","　伝・建久7年（1196年）","元和元年（1615年）","石垣、土塁、堀切、門（現・永昌寺山門）","国の史跡","河後森城、川後森城","有り、後に宇和島城月見櫓へ転用","渡辺氏","渡辺氏、戸田勝隆、桑折氏","伊達氏","","","","","門、建物",""
"谷重遠","[谷重遠墓（たにしげとおのはか）〔香美市〕1944年11月13日] 谷 秦山 （たに じんざん、 寛文 3年 3月11日 （ 1663年 4月18日 ） - 享保 3年 6月30日 （ 1718年 7月27日 ））は 江戸時代 の 儒学者 、 神道家 。","https://ja.wikipedia.org/wiki/谷重遠","四国地方の史跡一覧","https://ja.wikipedia.org/wiki/四国地方の史跡一覧","箇条書き,制限あり","","","","","","","","","","","","","","","","","","","",""
"龍河洞","[龍河洞（りゅうがどう）〔香美市〕1934年12月28日] 龍河洞 （りゅうがどう）は、 四国 中部の 高知県 香美市 に存在する 鍾乳洞 である。 日本三大鍾乳洞 の1つに数えられる。 1934年 （昭和9年）に国の 天然記念物 および国の 史跡 に指定された。 2007年 （平成19年）には 日本の地質百選 ）に選定されている。","https://ja.wikipedia.org/wiki/龍河洞","四国地方の史跡一覧","https://ja.wikipedia.org/wiki/四国地方の史跡一覧","箇条書き,制限あり","北緯33度36分11.39秒 東経133度44分42.64秒","","","","","","","","","","","","","","","","","","",""
"土佐国分寺","[土佐国分寺跡（とさこくぶんじあと）〔南国市〕1922年10月12日] 土佐国分寺 （とさ こくぶんじ）は 高知県 南国市 にある 真言宗智山派 の寺院。摩尼山（まにざん）、宝蔵院（ほうぞういん）と号す。本尊は 千手観世音菩薩 。 四国八十八箇所 霊場 二十九番 札所 。札所寺院としては単に 国分寺 と称するのが通例である。国の 史跡 に指定されている。","https://ja.wikipedia.org/wiki/土佐国分寺","四国地方の史跡一覧","https://ja.wikipedia.org/wiki/四国地方の史跡一覧","箇条書き,制限あり","北緯33度35分55.3秒東経133度38分25.5秒","北緯33度35分55.3秒東経133度38分25.5秒﻿ / ﻿北緯33.598694度 東経133.640417度﻿ /33.598694; 133.640417﻿ (国分寺)座標:北緯33度35分55.3秒東経133度38分25.5秒﻿ / ﻿北緯33.598694度 東経133.640417度﻿ /33.598694; 133.640417﻿ (国分寺)","高知県南国市国分546番地","","","","","","","","","","","","1490005004979","","","","",""
"比江廃寺跡","[比江廃寺塔跡（ひえはいじとうあと）〔南国市〕1934年1月22日] 比江廃寺跡 （ひえはいじあと）は、 高知県 南国市 比江にある 古代 寺院 跡。塔跡は国の 史跡 に指定されている。","https://ja.wikipedia.org/wiki/比江廃寺跡","四国地方の史跡一覧","https://ja.wikipedia.org/wiki/四国地方の史跡一覧","箇条書き,制限あり","","","","","","","","","","","","","","","","","","","",""
"岡豊城","[岡豊城跡（おこうじょうあと））〔南国市〕2008年7月28日] 岡豊城 （おこうじょう）は、 高知県 南国市 にある 中世 の 日本の城 （ 山城 ）跡。 戦国時代 に 四国 の覇者となった 長宗我部氏 の居城であった。城跡は国の 史跡 に指定されている  。","https://ja.wikipedia.org/wiki/岡豊城","四国地方の史跡一覧","https://ja.wikipedia.org/wiki/四国地方の史跡一覧","箇条書き,制限あり","北緯33度35分41.86秒東経133度37分20.97秒","北緯33度35分41.86秒東経133度37分20.97秒﻿ / ﻿北緯33.5949611度 東経133.6224917度﻿ /33.5949611; 133.6224917﻿ (岡豊城)座標:北緯33度35分41.86秒東経133度37分20.97秒﻿ / ﻿北緯33.5949611度 東経133.6224917度﻿ /33.5949611; 133.6224917﻿ (岡豊城)","","岡豊城","連郭式山城","13世紀～14世紀","天正19年（1591年）","石積、土塁、曲輪、堀切、井戸、虎口、縦堀、横堀、","国の史跡","","なし","長宗我部氏","長宗我部氏","長宗我部国親","","","","","",""
"高知城","[高知城跡（こうちじょうあと）〔高知市〕1959年6月18日] 高知城 （こうちじょう）は、 高知県 高知市 （ 土佐国 土佐郡 高知）にある 日本の城 。別名 鷹城 （たかじょう）。","https://ja.wikipedia.org/wiki/高知城","四国地方の史跡一覧","https://ja.wikipedia.org/wiki/四国地方の史跡一覧","箇条書き,制限あり","北緯33度33分38.53秒東経133度31分53.54秒","北緯33度33分38.53秒東経133度31分53.54秒﻿ / ﻿北緯33.5607028度 東経133.5315389度﻿ /33.5607028; 133.5315389","","高知城高知市の地図を表示高知城高知県の地図を表示","梯郭式平山城","南北朝時代（14世紀頃）","1871年（明治4年）","現存天守・御殿・櫓・門石垣、堀、鐘撞堂","重要文化財（天守など15棟）国の史跡","鷹城","独立式望楼型 4重6階（1601年築・1747年再、現存）","大高坂氏？","山内氏","長宗我部元親、山内一豊、山内豊敷","","","","","",""
"武市瑞山","[武市半平太旧宅および墓（たけちはんぺいたきゅうたくおよびはか）〔高知市〕1936年9月3日] 武市 瑞山 （たけち ずいざん）は、 幕末 の 志士 、 土佐藩 郷士 。 土佐勤王党 の盟主。 通称 は半平太で、 武市 半平太 （たけち はんぺいた）と呼称されることも多い。","https://ja.wikipedia.org/wiki/武市瑞山","四国地方の史跡一覧","https://ja.wikipedia.org/wiki/四国地方の史跡一覧","箇条書き,制限あり","","","","","","","","","","幼名：鹿衛、通称：半平太、諱：小盾、号：瑞山、茗澗、変名：柳川左門、柳川吹山","","","","","","","","","",""
"土佐藩主山内家墓所","[土佐藩主山内家墓所（とさはんしゅやまうちけぼしょ）〔高知市〕2016年3月1日] 土佐藩主山内家墓所 （とさはんしゅやまうちけぼしょ）は、 高知県 高知市 筆山町にある 土佐藩 の 墓所 。2016年（平成28年）3月1日、 国史跡 に指定された。","https://ja.wikipedia.org/wiki/土佐藩主山内家墓所","四国地方の史跡一覧","https://ja.wikipedia.org/wiki/四国地方の史跡一覧","箇条書き,制限あり","北緯33度33分32秒 東経133度31分53秒","","","","","","","","","","","","","","","","","","",""
"不動が岩屋洞窟 (存在しないページ)","[不動が岩屋洞窟（ふどうがいわやどうくつ）〔高岡郡佐川町〕1978年12月19日]","https://ja.wikipedia.org/w/index.php?title=不動が岩屋洞窟&amp;action=edit&amp;redlink=1","四国地方の史跡一覧","https://ja.wikipedia.org/wiki/四国地方の史跡一覧","箇条書き,制限あり","","","","","","","","","","","","","","","","","","","",""
"須崎市","[土佐藩砲台跡（とさはんほうだいあと）〔須崎市〕1944年11月13日] 須崎市 （すさきし）は、 高知県 の中部に位置し 太平洋 に面する 市 である。","https://ja.wikipedia.org/wiki/須崎市","四国地方の史跡一覧","https://ja.wikipedia.org/wiki/四国地方の史跡一覧","箇条書き,制限あり","北緯33度24分2.6秒東経133度16分58.5秒","","〒785-8601高知県須崎市山手町1番7号北緯33度24分2.6秒東経133度16分58.5秒﻿ / ﻿北緯33.400722度 東経133.282917度﻿ /33.400722; 133.282917座標:北緯33度24分2.6秒東経133度16分58.5秒﻿ / ﻿北緯33.400722度 東経133.282917度﻿ /33.400722; 133.282917市役所庁舎","","","","","","","","","","","","5000020392065","","","","",""
"宿毛貝塚","[宿毛貝塚（すくもかいづか）〔宿毛市〕1957年7月27日] 宿毛貝塚 （すくもかいづか）は、 高知県 宿毛市 宿毛にある 縄文時代 後期（約3,500年前）の 貝塚 。1957年（ 昭和32年 ）7月27日に国の 史跡 に指定された    。","https://ja.wikipedia.org/wiki/宿毛貝塚","四国地方の史跡一覧","https://ja.wikipedia.org/wiki/四国地方の史跡一覧","箇条書き,制限あり","北緯32度56分14秒 東経132度42分55秒","","","","","","","","","","","","","","","","","","",""
