﻿"タイトル","コメント","URL","親リストタイトル","親リストURL","一覧抽出方法","座標","所在地","標高","位置","山系","種類","最新噴火","山号","宗旨","宗派","本尊","創建年","開山","中興","正式名","札所等","法人番号","Hidden","Hidden","Hidden"
"氷ノ山","[1ひょうのせん氷ノ山兵庫県鳥取県1,509.6地理院地図Googleマップ.mw-parser-output .geo-default,.mw-parser-output .geo-dms,.mw-parser-output .geo-dec{display:inline}.mw-parser-output .geo-nondefault,.mw-parser-output .geo-multi-punct{display:none}.mw-parser-output .longitude,.mw-parser-output .latitude{white-space:nowrap}北緯35度21分14秒東経134度30分50秒﻿ / ﻿北緯35.353959度 東経134.513842度﻿ /35.353959; 134.513842﻿ (氷ノ山)日本二百名山新・花の百名山] 氷ノ山 （ひょうのせん）は、 兵庫県 養父市 と 鳥取県 八頭郡 若桜町 との県境にある 標高 1,510 m の 山 である。 須賀ノ山 とも呼ばれる。 日本二百名山 や ふるさと兵庫50山 のひとつに選定されている。","https://ja.wikipedia.org/wiki/氷ノ山","中国百名山","https://ja.wikipedia.org/wiki/中国百名山","表形式","北緯35度21分14秒東経134度30分49秒","日本兵庫県養父市鳥取県八頭郡若桜町","1,509.6m","北緯35度21分14秒東経134度30分49秒﻿ / ﻿北緯35.35389度 東経134.51361度﻿ /35.35389; 134.51361座標:北緯35度21分14秒東経134度30分49秒﻿ / ﻿北緯35.35389度 東経134.51361度﻿ /35.35389; 134.51361","中国山地氷ノ山山系","","","","","","","","","","","","","","",""
"扇ノ山","[2おうぎのせん扇ノ山兵庫県鳥取県1,309.9地理院地図Googleマップ北緯35度26分23秒東経134度26分27秒﻿ / ﻿北緯35.439806度 東経134.440891度﻿ /35.439806; 134.440891﻿ (扇ノ山)日本三百名山] 扇ノ山 （おうぎのせん）は、 兵庫県 と 鳥取県 にまたがる山で、 標高 1,309.9m  。 関西百名山 や 日本三百名山 に選ばれている  。","https://ja.wikipedia.org/wiki/扇ノ山","中国百名山","https://ja.wikipedia.org/wiki/中国百名山","表形式","北緯35度26分23秒東経134度26分27秒","日本兵庫県美方郡新温泉町（旧温泉町）・鳥取県鳥取市（旧国府町）・八頭郡八頭町（旧郡家町・旧八東町）・若桜町","1,309.9m","北緯35度26分23秒東経134度26分27秒﻿ / ﻿北緯35.43972度 東経134.44083度﻿ /35.43972; 134.44083座標:北緯35度26分23秒東経134度26分27秒﻿ / ﻿北緯35.43972度 東経134.44083度﻿ /35.43972; 134.44083","","","","","","","","","","","","","","","",""
"後山","[3うしろやま後山兵庫県岡山県1,344.6地理院地図Googleマップ北緯35度11分13秒東経134度24分40秒﻿ / ﻿北緯35.186821度 東経134.411243度﻿ /35.186821; 134.411243﻿ (後山)岡山県最高峰] 後山 （うしろやま）は、 兵庫県 宍粟市 と 岡山県 美作市 にまたがる 標高 1344mの 山 である   。兵庫県側からは 板場見山 （いたばみやま）とも呼ばれる。 中国山地 東部にあたり、 氷ノ山後山那岐山国定公園 の主要な一部をなす。 兵庫50山 、 近畿百名山 、 中国百名山 の一つ。三等 三角点 がある山頂部分は岡山県美作市側に位置する。","https://ja.wikipedia.org/wiki/後山","中国百名山","https://ja.wikipedia.org/wiki/中国百名山","表形式","北緯35度11分13秒東経134度24分40秒","兵庫県宍粟市・岡山県美作市","1344.56m","北緯35度11分13秒東経134度24分40秒﻿ / ﻿北緯35.18694度 東経134.41111度﻿ /35.18694; 134.41111座標:北緯35度11分13秒東経134度24分40秒﻿ / ﻿北緯35.18694度 東経134.41111度﻿ /35.18694; 134.41111","中国山地","隆起準平原","","","","","","","","","","","","","",""
"滝山 (奈義町・津山市) (存在しないページ)","[4画 像 募 集 中たきやま滝山岡山県1,196.5地理院地図Googleマップ北緯35度10分03秒東経134度09分03秒﻿ / ﻿北緯35.167482度 東経134.150829度﻿ /35.167482; 134.150829﻿ (滝山)]","https://ja.wikipedia.org/w/index.php?title=滝山_(奈義町・津山市)&amp;action=edit&amp;redlink=1","中国百名山","https://ja.wikipedia.org/wiki/中国百名山","表形式","","","","","","","","","","","","","","","","","","","",""
"那岐山","[5なぎさん那岐山鳥取県岡山県1,255地理院地図Googleマップ北緯35度10分10秒東経134度10分40秒﻿ / ﻿北緯35.169377度 東経134.177889度﻿ /35.169377; 134.177889﻿ (那岐山)日本三百名山] 那岐山 （なぎさん）は 鳥取県 八頭郡 智頭町 と 岡山県 勝田郡 奈義町 の境界にある 山 。「 なぎせん 」とも呼ばれる。 氷ノ山 、 後山 などと並んで、 氷ノ山後山那岐山国定公園 の区域に指定されている。","https://ja.wikipedia.org/wiki/那岐山","中国百名山","https://ja.wikipedia.org/wiki/中国百名山","表形式","北緯35度10分11秒東経134度10分40秒","日本岡山県勝田郡奈義町鳥取県八頭郡智頭町","1,255.0m","北緯35度10分11秒東経134度10分40秒﻿ / ﻿北緯35.16972度 東経134.17778度﻿ /35.16972; 134.17778座標:北緯35度10分11秒東経134度10分40秒﻿ / ﻿北緯35.16972度 東経134.17778度﻿ /35.16972; 134.17778","那岐山系（中国山地）","残丘","","","","","","","","","","","","","",""
"爪ヶ城 (存在しないページ)","[6画 像 募 集 中つめがじょう爪ヶ城岡山県1,115地理院地図Googleマップ北緯35度09分34秒東経134度07分31秒﻿ / ﻿北緯35.159316度 東経134.125239度﻿ /35.159316; 134.125239﻿ (爪ヶ城)]","https://ja.wikipedia.org/w/index.php?title=爪ヶ城&amp;action=edit&amp;redlink=1","中国百名山","https://ja.wikipedia.org/wiki/中国百名山","表形式","","","","","","","","","","","","","","","","","","","",""
"二上山 (鳥取県)","[7ふたかみやま二上山鳥取県333地理院地図Googleマップ北緯35度32分25秒東経134度19分09秒﻿ / ﻿北緯35.540389度 東経134.319094度﻿ /35.540389; 134.319094﻿ (二上山)] 二上山 （ふたがみやま  、ふたかみやま  ）は、 鳥取県 岩美郡 岩美町 にある山。標高330m  。 中国百名山 の一つ。","https://ja.wikipedia.org/wiki/二上山_(鳥取県)","中国百名山","https://ja.wikipedia.org/wiki/中国百名山","表形式","北緯35度32分25.3秒東経134度19分8.2秒","日本鳥取県岩美郡岩美町","330m","北緯35度32分25.3秒東経134度19分8.2秒﻿ / ﻿北緯35.540361度 東経134.318944度﻿ /35.540361; 134.318944座標:北緯35度32分25.3秒東経134度19分8.2秒﻿ / ﻿北緯35.540361度 東経134.318944度﻿ /35.540361; 134.318944","","","","","","","","","","","","","","","",""
"久松山","[8きゅうしょうざん久松山鳥取県263.1地理院地図Googleマップ北緯35度30分37秒東経134度14分27秒﻿ / ﻿北緯35.510289度 東経134.240750度﻿ /35.510289; 134.240750﻿ (久松山)鳥取城址] 久松山 （きゅうしょうざん）は、 鳥取県 鳥取市 にある 山 である。 標高 263 m 。","https://ja.wikipedia.org/wiki/久松山","中国百名山","https://ja.wikipedia.org/wiki/中国百名山","表形式","北緯35度30分37.0秒東経134度14分26.6秒","日本鳥取県鳥取市","263m","北緯35度30分37.0秒東経134度14分26.6秒﻿ / ﻿北緯35.510278度 東経134.240722度﻿ /35.510278; 134.240722座標:北緯35度30分37.0秒東経134度14分26.6秒﻿ / ﻿北緯35.510278度 東経134.240722度﻿ /35.510278; 134.240722","","","","","","","","","","","","","","","",""
"三角山 (鳥取県)","[9みすみやま三角山鳥取県508地理院地図Googleマップ北緯35度20分17秒東経134度13分09秒﻿ / ﻿北緯35.338108度 東経134.219078度﻿ /35.338108; 134.219078﻿ (三角山)] 三角山 （三隅山  、みすみやま  ）（別名「頭巾山  ・襟巾山  （ときんやま  、とっきんざん  ）」）は、鳥取県鳥取市（旧 用瀬町 ）にある山で、 中国百名山 の一つ。標高516メートルの山頂には 三角山神社 があり、その本殿は鳥取市の 指定文化財 になっている  。","https://ja.wikipedia.org/wiki/三角山_(鳥取県)","中国百名山","https://ja.wikipedia.org/wiki/中国百名山","表形式","北緯35度20分17.2秒東経134度13分8.5秒","日本鳥取県鳥取市（旧用瀬町）","516m","北緯35度20分17.2秒東経134度13分8.5秒﻿ / ﻿北緯35.338111度 東経134.219028度﻿ /35.338111; 134.219028座標:北緯35度20分17.2秒東経134度13分8.5秒﻿ / ﻿北緯35.338111度 東経134.219028度﻿ /35.338111; 134.219028","中国山地","","","","","","","","","","","","","","",""
"三原山 (鳥取県) (存在しないページ)","[10画 像 募 集 中みはらやま三原山鳥取県1,115.2地理院地図Googleマップ北緯35度18分06秒東経134度03分53秒﻿ / ﻿北緯35.301566度 東経134.064716度﻿ /35.301566; 134.064716﻿ (三原山)]","https://ja.wikipedia.org/w/index.php?title=三原山_(鳥取県)&amp;action=edit&amp;redlink=1","中国百名山","https://ja.wikipedia.org/wiki/中国百名山","表形式","","","","","","","","","","","","","","","","","","","",""
"三国山 (鳥取県・岡山県)","[11画 像 募 集 中みくにがせん三国山鳥取県岡山県1,251.9地理院地図Googleマップ北緯35度21分25秒東経134度01分10秒﻿ / ﻿北緯35.357009度 東経134.019520度﻿ /35.357009; 134.019520﻿ (三国山)吉井川源流] 三国山 （みくにがせん、みくにやま）は、 鳥取県 と 岡山県 の県境をなす山である。 山と溪谷社 による 中国百名山 の一つ。","https://ja.wikipedia.org/wiki/三国山_(鳥取県・岡山県)","中国百名山","https://ja.wikipedia.org/wiki/中国百名山","表形式","北緯35度21分1.58秒東経134度0分53.98秒","日本鳥取県鳥取市","（北嶺）1251.9m","北緯35度21分1.58秒東経134度0分53.98秒﻿ / ﻿北緯35.3504389度 東経134.0149944度﻿ /35.3504389; 134.0149944座標:北緯35度21分1.58秒東経134度0分53.98秒﻿ / ﻿北緯35.3504389度 東経134.0149944度﻿ /35.3504389; 134.0149944","中国山地","","","","","","","","","","","","","","",""
"鷲峰山 (鳥取県)","[12じゅうぼうざん鷲峰山鳥取県920.6地理院地図Googleマップ北緯35度25分20秒東経134度02分40秒﻿ / ﻿北緯35.422335度 東経134.044324度﻿ /35.422335; 134.044324﻿ (鷲峰山)] 鷲峰山 （じゅうぼうやま）  は、 鳥取県 鳥取市 鹿野町 にある山である。 標高 920.6m  。「じゅうほうざん」とも呼ばれ  、 @media screen{.mw-parser-output .fix-domain{border-bottom:dashed 1px}} 鷲峯山とも書かれる  。","https://ja.wikipedia.org/wiki/鷲峰山_(鳥取県)","中国百名山","https://ja.wikipedia.org/wiki/中国百名山","表形式","北緯35度25分22秒東経134度02分40秒","鳥取県鳥取市","920.6m","北緯35度25分22秒東経134度02分40秒﻿ / ﻿北緯35.42278度 東経134.04444度﻿ /35.42278; 134.04444座標:北緯35度25分22秒東経134度02分40秒﻿ / ﻿北緯35.42278度 東経134.04444度﻿ /35.42278; 134.04444","四国山地","","","","","","","","","","","","","","",""
"三徳山","[13みとくさん三徳山鳥取県899.6地理院地図Googleマップ北緯35度23分09秒東経133度57分49秒﻿ / ﻿北緯35.385949度 東経133.963500度﻿ /35.385949; 133.963500﻿ (三徳山)三仏寺投入堂(国宝)] 三徳山 （みとくさん）は、 鳥取県 東伯郡 三朝町 にある山である。 標高 899.6 メートル 。706年に役行者により修験の霊地と定められたと伝わる。山名は蔵王・子守・勝手の三所権現を山内に祀り「福徳」「智徳」「寿徳」の３つの徳が授かる山の由来と、「 法身 （美しい）」「 般若 （にごりのない）」「 解脱 （働きのある心）」の3つの徳に由来する。麓には国宝投入堂を有する三徳山三佛寺が存在する。","https://ja.wikipedia.org/wiki/三徳山","中国百名山","https://ja.wikipedia.org/wiki/中国百名山","表形式","北緯35度23分09.3秒東経133度57分48.6秒","日本鳥取県東伯郡三朝町","899.6m","北緯35度23分09.3秒東経133度57分48.6秒﻿ / ﻿北緯35.385917度 東経133.963500度﻿ /35.385917; 133.963500座標:北緯35度23分09.3秒東経133度57分48.6秒﻿ / ﻿北緯35.385917度 東経133.963500度﻿ /35.385917; 133.963500","","","","","","","","","","","","","","","",""
"打吹山","[14うつぶきやま打吹山鳥取県204地理院地図Googleマップ北緯35度25分35秒東経133度49分19秒﻿ / ﻿北緯35.426453度 東経133.821997度﻿ /35.426453; 133.821997﻿ (打吹山)] 打吹山 （うつぶきやま）は、 鳥取県 倉吉市 にある山である。 標高 204m。 天女 伝説のある山で、残された天女の子どもが、この山の頂で太鼓や笛を吹いて天に帰った母親を思い偲んだと伝えられている。","https://ja.wikipedia.org/wiki/打吹山","中国百名山","https://ja.wikipedia.org/wiki/中国百名山","表形式","北緯35度25分35.2秒東経133度49分19.1秒","日本鳥取県倉吉市","204m","北緯35度25分35.2秒東経133度49分19.1秒﻿ / ﻿北緯35.426444度 東経133.821972度﻿ /35.426444; 133.821972座標:北緯35度25分35.2秒東経133度49分19.1秒﻿ / ﻿北緯35.426444度 東経133.821972度﻿ /35.426444; 133.821972","","","","","","","","","","","","","","","",""
"角ヶ仙","[15画 像 募 集 中つのがせん角ヶ仙岡山県1,152.7地理院地図Googleマップ北緯35度14分28秒東経134度00分15秒﻿ / ﻿北緯35.240980度 東経134.004122度﻿ /35.240980; 134.004122﻿ (角ヶ仙)] 角ヶ仙 （つのがせん）は、 岡山県 北部の 美作地方 、 津山市 と 苫田郡 鏡野町 の境に位置しており、 中国百名山 にも指定されている 標高 1,152.7メートルの 独立峰 の 山 である    。 山頂 には 三等三角点 （点名：角ヶ仙）が設置されている。火山性の山である。","https://ja.wikipedia.org/wiki/角ヶ仙","中国百名山","https://ja.wikipedia.org/wiki/中国百名山","表形式","北緯35度14分27.5秒東経134度00分14.7秒","日本岡山県津山市・苫田郡鏡野町","1,152.7m","北緯35度14分27.5秒東経134度00分14.7秒﻿ / ﻿北緯35.240972度 東経134.004083度﻿ /35.240972; 134.004083座標:北緯35度14分27.5秒東経134度00分14.7秒﻿ / ﻿北緯35.240972度 東経134.004083度﻿ /35.240972; 134.004083","中国山地","火山","","","","","","","","","","","","","",""
"泉山 (鏡野町) (存在しないページ)","[16画 像 募 集 中いずみがせん泉山岡山県1,209.1地理院地図Googleマップ北緯35度12分08秒東経133度57分34秒﻿ / ﻿北緯35.202227度 東経133.959561度﻿ /35.202227; 133.959561﻿ (泉山)]","https://ja.wikipedia.org/w/index.php?title=泉山_(鏡野町)&amp;action=edit&amp;redlink=1","中国百名山","https://ja.wikipedia.org/wiki/中国百名山","表形式","","","","","","","","","","","","","","","","","","","",""
"三ヶ上 (存在しないページ)","[17画 像 募 集 中さんがじょう三ヶ上岡山県1,062地理院地図Googleマップ北緯35度16分09秒東経133度56分49秒﻿ / ﻿北緯35.269138度 東経133.946898度﻿ /35.269138; 133.946898﻿ (三ヶ上)]","https://ja.wikipedia.org/w/index.php?title=三ヶ上&amp;action=edit&amp;redlink=1","中国百名山","https://ja.wikipedia.org/wiki/中国百名山","表形式","","","","","","","","","","","","","","","","","","","",""
"若杉山","[18画 像 募 集 中わかすぎやま若杉山鳥取県1,020.6地理院地図Googleマップ北緯35度16分54秒東経133度50分16秒﻿ / ﻿北緯35.281721度 東経133.837650度﻿ /35.281721; 133.837650﻿ (若杉山)] 若杉山 （わかすぎせん  、わかすぎやま  ）（別名、若杉仙  ）は、 鳥取県 三朝町 にある山である  。 山と溪谷社 による 中国百名山 の一つ。","https://ja.wikipedia.org/wiki/若杉山","中国百名山","https://ja.wikipedia.org/wiki/中国百名山","表形式","北緯35度16分54秒東経133度50分15秒","日本鳥取県三朝町","1020.6m","北緯35度16分54秒東経133度50分15秒﻿ / ﻿北緯35.28167度 東経133.83750度﻿ /35.28167; 133.83750座標:北緯35度16分54秒東経133度50分15秒﻿ / ﻿北緯35.28167度 東経133.83750度﻿ /35.28167; 133.83750","中国山地","","","","","","","","","","","","","","",""
"津黒山","[19画 像 募 集 中つぐろせん津黒山鳥取県岡山県1,117.8地理院地図Googleマップ北緯35度15分07秒東経133度48分54秒﻿ / ﻿北緯35.251808度 東経133.814994度﻿ /35.251808; 133.814994﻿ (津黒山)] 津黒山 （つぐろせん  、つぐろやま  ）は、 岡山県 と 鳥取県 の県境をなす山である。 山と溪谷社 による 中国百名山 の一つ。","https://ja.wikipedia.org/wiki/津黒山","中国百名山","https://ja.wikipedia.org/wiki/中国百名山","表形式","北緯35度15分7秒東経133度48分54秒","日本岡山県真庭市","1118m","北緯35度15分7秒東経133度48分54秒﻿ / ﻿北緯35.25194度 東経133.81500度﻿ /35.25194; 133.81500座標:北緯35度15分7秒東経133度48分54秒﻿ / ﻿北緯35.25194度 東経133.81500度﻿ /35.25194; 133.81500","中国山地-作北山地・中和山地","","","","","","","","","","","","","","",""
"三坂山 (存在しないページ)","[20画 像 募 集 中みさかやま三坂山岡山県902.5地理院地図Googleマップ北緯35度08分20秒東経133度44分39秒﻿ / ﻿北緯35.138929度 東経133.744087度﻿ /35.138929; 133.744087﻿ (三坂山)]","https://ja.wikipedia.org/w/index.php?title=三坂山&amp;action=edit&amp;redlink=1","中国百名山","https://ja.wikipedia.org/wiki/中国百名山","表形式","","","","","","","","","","","","","","","","","","","",""
"櫃ヶ山 (存在しないページ)","[21画 像 募 集 中ひつがせん櫃ヶ山岡山県953.5地理院地図Googleマップ北緯35度09分30秒東経133度42分24秒﻿ / ﻿北緯35.158443度 東経133.706747度﻿ /35.158443; 133.706747﻿ (櫃ヶ山)]","https://ja.wikipedia.org/w/index.php?title=櫃ヶ山&amp;action=edit&amp;redlink=1","中国百名山","https://ja.wikipedia.org/wiki/中国百名山","表形式","","","","","","","","","","","","","","","","","","","",""
"星山 (存在しないページ)","[22画 像 募 集 中ほしがせん星山岡山県1,030.3地理院地図Googleマップ北緯35度08分31秒東経133度40分38秒﻿ / ﻿北緯35.142068度 東経133.677359度﻿ /35.142068; 133.677359﻿ (星山)]","https://ja.wikipedia.org/w/index.php?title=星山&amp;action=edit&amp;redlink=1","中国百名山","https://ja.wikipedia.org/wiki/中国百名山","表形式","","","","","","","","","","","","","","","","","","","",""
"皆ヶ山 (存在しないページ)","[23画 像 募 集 中みながせん皆ヶ山鳥取県岡山県1,159.3地理院地図Googleマップ北緯35度20分09秒東経133度37分20秒﻿ / ﻿北緯35.335788度 東経133.622328度﻿ /35.335788; 133.622328﻿ (皆ヶ山)]","https://ja.wikipedia.org/w/index.php?title=皆ヶ山&amp;action=edit&amp;redlink=1","中国百名山","https://ja.wikipedia.org/wiki/中国百名山","表形式","","","","","","","","","","","","","","","","","","","",""
"蒜山","[24ひるぜん蒜山鳥取県岡山県1,202地理院地図Googleマップ北緯35度19分36秒東経133度39分45秒﻿ / ﻿北緯35.326716度 東経133.662389度﻿ /35.326716; 133.662389﻿ (蒜山)日本二百名山新日本百名山上蒜山蒜山高原] 蒜山 （ひるぜん）は、 岡山県 の 真庭市 北部、 鳥取県 の 倉吉市 南部および 日野郡 江府町 北東部に跨って位置する 火山 である。","https://ja.wikipedia.org/wiki/蒜山","中国百名山","https://ja.wikipedia.org/wiki/中国百名山","表形式","北緯35度19分30秒東経133度39分49秒","岡山県真庭市鳥取県倉吉市","1,202m","北緯35度19分30秒東経133度39分49秒﻿ / ﻿北緯35.32500度 東経133.66361度﻿ /35.32500; 133.66361座標:北緯35度19分30秒東経133度39分49秒﻿ / ﻿北緯35.32500度 東経133.66361度﻿ /35.32500; 133.66361","","成層火山","","","","","","","","","","","","","",""
"烏ヶ山","[25からすがせん烏ヶ山鳥取県1,448地理院地図Googleマップ北緯35度21分21秒東経133度34分14秒﻿ / ﻿北緯35.355792度 東経133.570439度﻿ /35.355792; 133.570439﻿ (烏ヶ山)] 烏ヶ山 （からすがせん）は、 鳥取県 東伯郡 琴浦町 と 日野郡 江府町 との境にある山である。 大山 山系の一つ。 標高 1,448m。","https://ja.wikipedia.org/wiki/烏ヶ山","中国百名山","https://ja.wikipedia.org/wiki/中国百名山","表形式","北緯35度21分21秒東経133度34分14秒","日本鳥取県東伯郡琴浦町・日野郡江府町","1,448m","北緯35度21分21秒東経133度34分14秒﻿ / ﻿北緯35.35583度 東経133.57056度﻿ /35.35583; 133.57056座標:北緯35度21分21秒東経133度34分14秒﻿ / ﻿北緯35.35583度 東経133.57056度﻿ /35.35583; 133.57056","大山山系","溶岩ドーム","","","","","","","","","","","","","",""
"大山 (鳥取県)","[26だいせん大山鳥取県1,729地理院地図Googleマップ北緯35度22分16秒東経133度32分24秒﻿ / ﻿北緯35.371091度 東経133.540055度﻿ /35.371091; 133.540055﻿ (大山)日本百名山新日本百名山花の百名山新・花の百名山剣ヶ峰鳥取県最高峰中国地方最高峰伯耆富士] 大山 （だいせん）は、 日本 の 鳥取県 にある 標高 1,729mの 山 。 成層火山 であるが、 活火山 としては扱われていない  。鳥取県および 中国地方 の最高峰でもある。 角盤山 （かくばんざん）とも呼ばれるほか、鳥取県西部の 旧国名 が 伯耆国 であったことから 伯耆大山 （ほうきだいせん）、あるいはその山容から 郷土富士 として 伯耆富士 や 出雲富士 とも呼ばれる  。 日本百名山 や 日本百景 にも選定され、鳥取県のシンボルの一つとされている  。","https://ja.wikipedia.org/wiki/大山_(鳥取県)","中国百名山","https://ja.wikipedia.org/wiki/中国百名山","表形式","北緯35度22分16秒東経133度32分24秒","日本鳥取県大山町・琴浦町・江府町など","1,729m","北緯35度22分16秒東経133度32分24秒﻿ / ﻿北緯35.37111度 東経133.54000度﻿ /35.37111; 133.54000座標:北緯35度22分16秒東経133度32分24秒﻿ / ﻿北緯35.37111度 東経133.54000度﻿ /35.37111; 133.54000","独立峰（大山山系）","成層火山・溶岩ドーム","約2万800年前","","","","","","","","","","","","",""
"船上山","[27せんじょうさん船上山鳥取県615.4地理院地図Googleマップ北緯35度25分52秒東経133度35分53秒﻿ / ﻿北緯35.431198度 東経133.598093度﻿ /35.431198; 133.598093﻿ (船上山)新・花の百名山] 船上山 （せんじょうさん）は、 鳥取県 東伯郡 琴浦町 にある 標高 687 メートル の山である。","https://ja.wikipedia.org/wiki/船上山","中国百名山","https://ja.wikipedia.org/wiki/中国百名山","表形式","北緯35度25分42秒東経133度35分29秒","日本鳥取県東伯郡琴浦町","687m","北緯35度25分42秒東経133度35分29秒﻿ / ﻿北緯35.42833度 東経133.59139度﻿ /35.42833; 133.59139座標:北緯35度25分42秒東経133度35分29秒﻿ / ﻿北緯35.42833度 東経133.59139度﻿ /35.42833; 133.59139","大山山系","","","","","","","","","","","","","","",""
"甲ヶ山","[28画 像 募 集 中かぶとがせん甲ヶ山鳥取県1,338地理院地図Googleマップ北緯35度23分37秒東経133度34分57秒﻿ / ﻿北緯35.393653度 東経133.582383度﻿ /35.393653; 133.582383﻿ (甲ヶ山)] 甲ヶ山 （かぶとがせん）は、 鳥取県 東伯郡 琴浦町 と 西伯郡 大山町 との境にある山である。 大山 山系の一つ。 標高 1,338m。","https://ja.wikipedia.org/wiki/甲ヶ山","中国百名山","https://ja.wikipedia.org/wiki/中国百名山","表形式","北緯35度23分37.2秒東経133度34分56.6秒","日本鳥取県東伯郡琴浦町西伯郡大山町","1,338m","北緯35度23分37.2秒東経133度34分56.6秒﻿ / ﻿北緯35.393667度 東経133.582389度﻿ /35.393667; 133.582389座標:北緯35度23分37.2秒東経133度34分56.6秒﻿ / ﻿北緯35.393667度 東経133.582389度﻿ /35.393667; 133.582389","大山山系","","","","","","","","","","","","","","",""
"矢筈ヶ山","[29画 像 募 集 中やはずがせん矢筈ヶ山鳥取県1,359地理院地図Googleマップ北緯35度23分12秒東経133度34分51秒﻿ / ﻿北緯35.386725度 東経133.580902度﻿ /35.386725; 133.580902﻿ (矢筈ヶ山)] 矢筈ヶ山 （やはずがせん）は、 鳥取県 西伯郡 大山町 と 東伯郡 琴浦町 との境にある 大山 山系に属する山の一つである。 標高 1,358.4m。","https://ja.wikipedia.org/wiki/矢筈ヶ山","中国百名山","https://ja.wikipedia.org/wiki/中国百名山","表形式","北緯35度23分12.2秒東経133度34分51.1秒","日本鳥取県西伯郡大山町・東伯郡琴浦町","1,358.4m","北緯35度23分12.2秒東経133度34分51.1秒﻿ / ﻿北緯35.386722度 東経133.580861度﻿ /35.386722; 133.580861座標:北緯35度23分12.2秒東経133度34分51.1秒﻿ / ﻿北緯35.386722度 東経133.580861度﻿ /35.386722; 133.580861","大山山系","","","","","","","","","","","","","","",""
"孝霊山","[30こうれいざん孝霊山鳥取県751.4地理院地図Googleマップ北緯35度26分16秒東経133度28分45秒﻿ / ﻿北緯35.437659度 東経133.479297度﻿ /35.437659; 133.479297﻿ (孝霊山)] 孝霊山 （こうれいさん）は、 鳥取県 西伯郡 大山町 と 米子市 との境界にある山である。 標高 751.4m。瓦山（からやま）、韓山（からやま）との別名がある。","https://ja.wikipedia.org/wiki/孝霊山","中国百名山","https://ja.wikipedia.org/wiki/中国百名山","表形式","北緯35度26分16秒東経133度28分45秒","鳥取県西伯郡大山町・米子市","751.4m","北緯35度26分16秒東経133度28分45秒﻿ / ﻿北緯35.43778度 東経133.47917度﻿ /35.43778; 133.47917座標:北緯35度26分16秒東経133度28分45秒﻿ / ﻿北緯35.43778度 東経133.47917度﻿ /35.43778; 133.47917","大山火山","溶岩ドーム","","","","","","","","","","","","","",""
"三平山 (存在しないページ)","[31画 像 募 集 中みひらやま三平山鳥取県岡山県1,009.8地理院地図Googleマップ北緯35度16分40秒東経133度34分08秒﻿ / ﻿北緯35.277712度 東経133.568948度﻿ /35.277712; 133.568948﻿ (三平山)]","https://ja.wikipedia.org/w/index.php?title=三平山&amp;action=edit&amp;redlink=1","中国百名山","https://ja.wikipedia.org/wiki/中国百名山","表形式","","","","","","","","","","","","","","","","","","","",""
"金ヶ谷山","[32画 像 募 集 中かながやせん金ヶ谷山鳥取県岡山県1,164.2地理院地図Googleマップ北緯35度14分45秒東経133度33分28秒﻿ / ﻿北緯35.245890度 東経133.557830度﻿ /35.245890; 133.557830﻿ (金ヶ谷山)] 金ヶ谷山 （かながやせん、かねがたにやま  、かながたにやま  、かながたにさん  ）は鳥取県と岡山県にまたがる標高1164メートルの山。 中国百名山 の一峰である。","https://ja.wikipedia.org/wiki/金ヶ谷山","中国百名山","https://ja.wikipedia.org/wiki/中国百名山","表形式","北緯35度14分45.25秒東経133度33分28.16秒","日本鳥取県江府町・岡山県新庄村","1164.1m","北緯35度14分45.25秒東経133度33分28.16秒﻿ / ﻿北緯35.2459028度 東経133.5578222度﻿ /35.2459028; 133.5578222座標:北緯35度14分45.25秒東経133度33分28.16秒﻿ / ﻿北緯35.2459028度 東経133.5578222度﻿ /35.2459028; 133.5578222","中国山地","","","","","","","","","","","","","","",""
"毛無山 (鳥取県・岡山県)","[33画 像 募 集 中けなしがせん毛無山鳥取県岡山県1,218.4地理院地図Googleマップ北緯35度14分08秒東経133度30分53秒﻿ / ﻿北緯35.235685度 東経133.514697度﻿ /35.235685; 133.514697﻿ (毛無山)] 毛無山 （けなしがせん、けなしやま）は、 鳥取県 と 岡山県 にまたがる標高1218メートルの山  。 大山隠岐国立公園 の一部を成す。 山と溪谷社 による 中国百名山 のひとつに挙げられているほか、山頂付近のカタクリ群落が 環境省 による かおり風景100選 （毛無山ブナとカタクリの花）に選出されている。","https://ja.wikipedia.org/wiki/毛無山_(鳥取県・岡山県)","中国百名山","https://ja.wikipedia.org/wiki/中国百名山","表形式","北緯35度14分8.46秒東経133度30分52.90秒","日本鳥取県江府町・岡山県新庄村","1218.4m","北緯35度14分8.46秒東経133度30分52.90秒﻿ / ﻿北緯35.2356833度 東経133.5146944度﻿ /35.2356833; 133.5146944座標:北緯35度14分8.46秒東経133度30分52.90秒﻿ / ﻿北緯35.2356833度 東経133.5146944度﻿ /35.2356833; 133.5146944","中国山地","","","","","","","","","","","","","","",""
"宝仏山","[34ほうぶつさん宝仏山鳥取県1,005地理院地図Googleマップ北緯35度13分53秒東経133度28分06秒﻿ / ﻿北緯35.231505度 東経133.468371度﻿ /35.231505; 133.468371﻿ (宝仏山)] 宝仏山 （ほうぶつせん）は 鳥取県 日野町 ・ 江府町 に跨る 標高 1,005 m の 山 。 中国百名山 に選定されている。山体のおおよそ西半分が 大山隠岐国立公園 の普通地域、東半分が特別地域に指定されている  。","https://ja.wikipedia.org/wiki/宝仏山","中国百名山","https://ja.wikipedia.org/wiki/中国百名山","表形式","北緯35度13分48秒東経133度28分12秒","鳥取県日野町・江府町","1,005m","北緯35度13分48秒東経133度28分12秒﻿ / ﻿北緯35.23000度 東経133.47000度﻿ /35.23000; 133.47000座標:北緯35度13分48秒東経133度28分12秒﻿ / ﻿北緯35.23000度 東経133.47000度﻿ /35.23000; 133.47000","中国山地","","","","","","","","","","","","","","",""
"花見山 (鳥取県・岡山県) (存在しないページ)","[35画 像 募 集 中はなみやま花見山鳥取県岡山県1,188.1地理院地図Googleマップ北緯35度09分09秒東経133度24分04秒﻿ / ﻿北緯35.152385度 東経133.401220度﻿ /35.152385; 133.401220﻿ (花見山)]","https://ja.wikipedia.org/w/index.php?title=花見山_(鳥取県・岡山県)&amp;action=edit&amp;redlink=1","中国百名山","https://ja.wikipedia.org/wiki/中国百名山","表形式","","","","","","","","","","","","","","","","","","","",""
"鎌倉山 (鳥取県) (存在しないページ)","[36画 像 募 集 中かまくらやま鎌倉山鳥取県730.4地理院地図Googleマップ北緯35度15分48秒東経133度21分37秒﻿ / ﻿北緯35.263298度 東経133.360156度﻿ /35.263298; 133.360156﻿ (鎌倉山)]","https://ja.wikipedia.org/w/index.php?title=鎌倉山_(鳥取県)&amp;action=edit&amp;redlink=1","中国百名山","https://ja.wikipedia.org/wiki/中国百名山","表形式","","","","","","","","","","","","","","","","","","","",""
"熊山 (赤磐市) (存在しないページ)","[37画 像 募 集 中くまやま熊山岡山県507.8地理院地図Googleマップ北緯34度45分29秒東経134度07分31秒﻿ / ﻿北緯34.758042度 東経134.125252度﻿ /34.758042; 134.125252﻿ (熊山)]","https://ja.wikipedia.org/w/index.php?title=熊山_(赤磐市)&amp;action=edit&amp;redlink=1","中国百名山","https://ja.wikipedia.org/wiki/中国百名山","表形式","","","","","","","","","","","","","","","","","","","",""
"鬼ノ城山 (存在しないページ)","[38画 像 募 集 中きのじょうやま鬼ノ城山岡山県397地理院地図Googleマップ北緯34度43分35秒東経133度45分46秒﻿ / ﻿北緯34.726475度 東経133.762908度﻿ /34.726475; 133.762908﻿ (鬼ノ城山)]","https://ja.wikipedia.org/w/index.php?title=鬼ノ城山&amp;action=edit&amp;redlink=1","中国百名山","https://ja.wikipedia.org/wiki/中国百名山","表形式","","","","","","","","","","","","","","","","","","","",""
"荒戸山 (存在しないページ)","[39画 像 募 集 中あらとやま荒戸山岡山県761.8地理院地図Googleマップ北緯34度55分59秒東経133度22分21秒﻿ / ﻿北緯34.933008度 東経133.372475度﻿ /34.933008; 133.372475﻿ (荒戸山)]","https://ja.wikipedia.org/w/index.php?title=荒戸山&amp;action=edit&amp;redlink=1","中国百名山","https://ja.wikipedia.org/wiki/中国百名山","表形式","","","","","","","","","","","","","","","","","","","",""
"天神山 (高梁市) (存在しないページ)","[40画 像 募 集 中てんじんやま天神山岡山県777.3地理院地図Googleマップ北緯34度51分27秒東経133度25分44秒﻿ / ﻿北緯34.857474度 東経133.428894度﻿ /34.857474; 133.428894﻿ (天神山)]","https://ja.wikipedia.org/w/index.php?title=天神山_(高梁市)&amp;action=edit&amp;redlink=1","中国百名山","https://ja.wikipedia.org/wiki/中国百名山","表形式","","","","","","","","","","","","","","","","","","","",""
"嵩山 (島根県) (存在しないページ)","[41画 像 募 集 中だけさん嵩山島根県331地理院地図Googleマップ北緯35度29分12秒東経133度06分27秒﻿ / ﻿北緯35.486600度 東経133.107611度﻿ /35.486600; 133.107611﻿ (嵩山)]","https://ja.wikipedia.org/w/index.php?title=嵩山_(島根県)&amp;action=edit&amp;redlink=1","中国百名山","https://ja.wikipedia.org/wiki/中国百名山","表形式","","","","","","","","","","","","","","","","","","","",""
"朝日山 (島根県) (存在しないページ)","[42画 像 募 集 中あさひさん朝日山島根県344地理院地図Googleマップ北緯35度30分34秒東経132度58分51秒﻿ / ﻿北緯35.509426度 東経132.980763度﻿ /35.509426; 132.980763﻿ (朝日山)]","https://ja.wikipedia.org/w/index.php?title=朝日山_(島根県)&amp;action=edit&amp;redlink=1","中国百名山","https://ja.wikipedia.org/wiki/中国百名山","表形式","","","","","","","","","","","","","","","","","","","",""
"道後山","[43どうごやま道後山鳥取県広島県1,268.4地理院地図Googleマップ北緯35度04分12秒東経133度14分09秒﻿ / ﻿北緯35.069958度 東経133.235742度﻿ /35.069958; 133.235742﻿ (道後山)日本三百名山新・花の百名山最高峰は岩桶山 1,271m] 道後山 （どうごやま）は、 中国山地 中部に属する 山 である。 日本三百名山 の一つに数えられる  。","https://ja.wikipedia.org/wiki/道後山","中国百名山","https://ja.wikipedia.org/wiki/中国百名山","表形式","北緯35度04分12秒東経133度14分09秒","日本鳥取県日野郡日南町・広島県庄原市","1,268m","北緯35度04分12秒東経133度14分09秒﻿ / ﻿北緯35.07000度 東経133.23583度﻿ /35.07000; 133.23583座標:北緯35度04分12秒東経133度14分09秒﻿ / ﻿北緯35.07000度 東経133.23583度﻿ /35.07000; 133.23583","中国山地","","","","","","","","","","","","","","",""
"船通山","[44せんつうざん船通山鳥取県島根県1,142.4地理院地図Googleマップ北緯35度09分21秒東経133度10分43秒﻿ / ﻿北緯35.155909度 東経133.178625度﻿ /35.155909; 133.178625﻿ (船通山)斐伊川源流] 船通山 （せんつうざん）は、 鳥取県 日南町 と 島根県 奥出雲町 との県境にある 標高 1,142mの 山 である。 出雲地方 では古来「鳥上山（鳥髪山）」あるいは「鳥上峰（鳥髪峰）」とも呼ばれる。『 古事記 』によれば船通山の麓へ降った スサノオ は 八岐大蛇 を退治し、八岐大蛇の尾から得た 天叢雲剣 を 天照大神 に献上したという。 比婆道後帝釈国定公園 の一部。","https://ja.wikipedia.org/wiki/船通山","中国百名山","https://ja.wikipedia.org/wiki/中国百名山","表形式","北緯35度09分21秒東経133度10分43秒","日本鳥取県日野郡日南町・島根県仁多郡奥出雲町","1,142.4m","北緯35度09分21秒東経133度10分43秒﻿ / ﻿北緯35.15583度 東経133.17861度﻿ /35.15583; 133.17861座標:北緯35度09分21秒東経133度10分43秒﻿ / ﻿北緯35.15583度 東経133.17861度﻿ /35.15583; 133.17861","","","","","","","","","","","","","","","",""
"比婆山","[45画 像 募 集 中ひばやま比婆山広島県1,264地理院地図Googleマップ北緯35度03分59秒東経133度03分19秒﻿ / ﻿北緯35.066283度 東経133.055383度﻿ /35.066283; 133.055383﻿ (比婆山)新・花の百名山最高峰は立烏帽子山 1,299m] 比婆山 （ひばやま）は、 広島県 庄原市 にある標高1264  m の山。 中国山地 中部にあり、 比婆道後帝釈国定公園 に属している。","https://ja.wikipedia.org/wiki/比婆山","中国百名山","https://ja.wikipedia.org/wiki/中国百名山","表形式","北緯35度03分06秒東経133度03分56秒","広島県庄原市","1,299m","北緯35度03分06秒東経133度03分56秒﻿ / ﻿北緯35.05167度 東経133.06556度﻿ /35.05167; 133.06556","比婆山地","","","","","","","","","","","","","","",""
"吾妻山 (広島県・島根県)","[46あづまやま吾妻山島根県広島県1,238.4地理院地図Googleマップ北緯35度04分06秒東経133度01分59秒﻿ / ﻿北緯35.068283度 東経133.033096度﻿ /35.068283; 133.033096﻿ (吾妻山)日本三百名山] 吾妻山 （あづまやま）は 広島県 庄原市 と 島根県 仁多郡 奥出雲町 との境にある 標高 1,239mの山。 比婆道後帝釈国定公園 に属している。","https://ja.wikipedia.org/wiki/吾妻山_(広島県・島根県)","中国百名山","https://ja.wikipedia.org/wiki/中国百名山","表形式","北緯35度04分05秒東経133度01分59秒","日本広島県庄原市・島根県仁多郡奥出雲町","1,238.4m","北緯35度04分05秒東経133度01分59秒﻿ / ﻿北緯35.06806度 東経133.03306度﻿ /35.06806; 133.03306座標:北緯35度04分05秒東経133度01分59秒﻿ / ﻿北緯35.06806度 東経133.03306度﻿ /35.06806; 133.03306","比婆山地","","","","","","","","","","","","","","",""
"天狗山 (島根県) (存在しないページ)","[47画 像 募 集 中てんぐやま天狗山島根県610.4地理院地図Googleマップ北緯35度20分23秒東経133度04分58秒﻿ / ﻿北緯35.339653度 東経133.082849度﻿ /35.339653; 133.082849﻿ (天狗山)]","https://ja.wikipedia.org/w/index.php?title=天狗山_(島根県)&amp;action=edit&amp;redlink=1","中国百名山","https://ja.wikipedia.org/wiki/中国百名山","表形式","","","","","","","","","","","","","","","","","","","",""
"玉峰山 (存在しないページ)","[48画 像 募 集 中たまみねさん玉峰山島根県820.4地理院地図Googleマップ北緯35度12分56秒東経133度06分17秒﻿ / ﻿北緯35.215610度 東経133.104679度﻿ /35.215610; 133.104679﻿ (玉峰山)]","https://ja.wikipedia.org/w/index.php?title=玉峰山&amp;action=edit&amp;redlink=1","中国百名山","https://ja.wikipedia.org/wiki/中国百名山","表形式","","","","","","","","","","","","","","","","","","","",""
"猿政山 (存在しないページ)","[49さるまさやま猿政山島根県広島県1,267.7地理院地図Googleマップ北緯35度04分53秒東経132度58分04秒﻿ / ﻿北緯35.081313度 東経132.967776度﻿ /35.081313; 132.967776﻿ (猿政山)]","https://ja.wikipedia.org/w/index.php?title=猿政山&amp;action=edit&amp;redlink=1","中国百名山","https://ja.wikipedia.org/wiki/中国百名山","表形式","","","","","","","","","","","","","","","","","","","",""
"鯛ノ巣山 (存在しないページ)","[50画 像 募 集 中たいのすやま鯛ノ巣山島根県1,026.4地理院地図Googleマップ北緯35度06分50秒東経132度55分04秒﻿ / ﻿北緯35.113914度 東経132.917715度﻿ /35.113914; 132.917715﻿ (鯛ノ巣山)]","https://ja.wikipedia.org/w/index.php?title=鯛ノ巣山&amp;action=edit&amp;redlink=1","中国百名山","https://ja.wikipedia.org/wiki/中国百名山","表形式","","","","","","","","","","","","","","","","","","","",""
"琴引山 (存在しないページ)","[51画 像 募 集 中ことびきさん琴引山島根県1,013.4地理院地図Googleマップ北緯35度02分53秒東経132度46分57秒﻿ / ﻿北緯35.048183度 東経132.782490度﻿ /35.048183; 132.782490﻿ (琴引山)]","https://ja.wikipedia.org/w/index.php?title=琴引山&amp;action=edit&amp;redlink=1","中国百名山","https://ja.wikipedia.org/wiki/中国百名山","表形式","","","","","","","","","","","","","","","","","","","",""
"大万木山","[52おおよろぎさん大万木山島根県広島県1,218.0地理院地図Googleマップ北緯35度05分15秒東経132度51分16秒﻿ / ﻿北緯35.087547度 東経132.854546度﻿ /35.087547; 132.854546﻿ (大万木山)] 大万木山 （おおよろぎさん）は、 島根県 飯石郡 飯南町 と 広島県 庄原市 との境にある 標高 1,218mの 山 である。","https://ja.wikipedia.org/wiki/大万木山","中国百名山","https://ja.wikipedia.org/wiki/中国百名山","表形式","北緯35度05分15秒東経132度51分16秒","日本島根県飯石郡飯南町・広島県庄原市","1,218.0m","北緯35度05分15秒東経132度51分16秒﻿ / ﻿北緯35.08750度 東経132.85444度﻿ /35.08750; 132.85444座標:北緯35度05分15秒東経132度51分16秒﻿ / ﻿北緯35.08750度 東経132.85444度﻿ /35.08750; 132.85444","中国山地","","","","","","","","","","","","","","",""
"鼻高山 (存在しないページ)","[53画 像 募 集 中はなたかせん鼻高山島根県536.3地理院地図Googleマップ北緯35度24分45秒東経132度45分10秒﻿ / ﻿北緯35.412608度 東経132.752640度﻿ /35.412608; 132.752640﻿ (鼻高山)]","https://ja.wikipedia.org/w/index.php?title=鼻高山&amp;action=edit&amp;redlink=1","中国百名山","https://ja.wikipedia.org/wiki/中国百名山","表形式","","","","","","","","","","","","","","","","","","","",""
"大満寺山","[54画 像 募 集 中だいまんじさん大満寺山島根県607.7地理院地図Googleマップ北緯36度15分24秒東経133度19分50秒﻿ / ﻿北緯36.256773度 東経133.330531度﻿ /36.256773; 133.330531﻿ (大満寺山)隠岐諸島隠岐富士] 大満寺山 （だいまんじさん）は、 島根県 隠岐郡 隠岐の島町 にある 標高 607.7 メートル の山である。","https://ja.wikipedia.org/wiki/大満寺山","中国百名山","https://ja.wikipedia.org/wiki/中国百名山","表形式","北緯36度15分24.3秒東経133度19分49.9秒","日本島根県隠岐郡隠岐の島町","607.7m","北緯36度15分24.3秒東経133度19分49.9秒﻿ / ﻿北緯36.256750度 東経133.330528度﻿ /36.256750; 133.330528座標:北緯36度15分24.3秒東経133度19分49.9秒﻿ / ﻿北緯36.256750度 東経133.330528度﻿ /36.256750; 133.330528","","","","","","","","","","","","","","","",""
"三瓶山","[55さんべさん三瓶山島根県1,125.9地理院地図Googleマップ北緯35度08分26秒東経132度37分18秒﻿ / ﻿北緯35.140558度 東経132.621536度﻿ /35.140558; 132.621536﻿ (三瓶山)日本二百名山新日本百名山男三瓶山] 三瓶山 （さんべさん : Mt.sanbe）は、 島根県 のほぼ中央部、 大田市 と 飯石郡 飯南町 にまたがりそびえる 大山火山帯 に属する 火山 。 大山隠岐国立公園 の一部でもある。 2003年 （ 平成 15年）の 活火山 の定義見直しで活火山に指定された。","https://ja.wikipedia.org/wiki/三瓶山","中国百名山","https://ja.wikipedia.org/wiki/中国百名山","表形式","北緯35度07分55秒東経132度37分36秒","日本島根県大田市・飯南町","1,126m","北緯35度07分55秒東経132度37分36秒﻿ / ﻿北緯35.13194度 東経132.62667度﻿ /35.13194; 132.62667座標:北緯35度07分55秒東経132度37分36秒﻿ / ﻿北緯35.13194度 東経132.62667度﻿ /35.13194; 132.62667","独立峰","成層火山（活火山ランクC）","","","","","","","","","","","","","",""
"大江高山 (存在しないページ)","[56画 像 募 集 中おおえたかやま大江高山島根県808.0地理院地図Googleマップ北緯35度03分50秒東経132度25分43秒﻿ / ﻿北緯35.063907度 東経132.428679度﻿ /35.063907; 132.428679﻿ (大江高山)石見銀山]","https://ja.wikipedia.org/w/index.php?title=大江高山&amp;action=edit&amp;redlink=1","中国百名山","https://ja.wikipedia.org/wiki/中国百名山","表形式","","","","","","","","","","","","","","","","","","","",""
"冠山 (邑南町) (存在しないページ)","[57画 像 募 集 中かんざん冠山 (石見)島根県859.3地理院地図Googleマップ北緯34度55分09秒東経132度30分10秒﻿ / ﻿北緯34.919042度 東経132.502731度﻿ /34.919042; 132.502731﻿ (冠山 (石見))]","https://ja.wikipedia.org/w/index.php?title=冠山_(邑南町)&amp;action=edit&amp;redlink=1","中国百名山","https://ja.wikipedia.org/wiki/中国百名山","表形式","","","","","","","","","","","","","","","","","","","",""
"龍頭山 (存在しないページ)","[58画 像 募 集 中りゅうずやま龍頭山広島県928.4地理院地図Googleマップ北緯34度39分55秒東経132度25分58秒﻿ / ﻿北緯34.665271度 東経132.432756度﻿ /34.665271; 132.432756﻿ (龍頭山)]","https://ja.wikipedia.org/w/index.php?title=龍頭山&amp;action=edit&amp;redlink=1","中国百名山","https://ja.wikipedia.org/wiki/中国百名山","表形式","","","","","","","","","","","","","","","","","","","",""
"阿佐山","[59あさやま阿佐山島根県広島県1,218.2地理院地図Googleマップ北緯34度47分09秒東経132度22分53秒﻿ / ﻿北緯34.785932度 東経132.381411度﻿ /34.785932; 132.381411﻿ (阿佐山)] 座標 : .mw-parser-output .geo-default,.mw-parser-output .geo-dms,.mw-parser-output .geo-dec{display:inline}.mw-parser-output .geo-nondefault,.mw-parser-output .geo-multi-punct{display:none}.mw-parser-output .longitude,.mw-parser-output .latitude{white-space:nowrap} 北緯34度47分10秒 東経132度22分53秒 ﻿ / ﻿ 北緯34.7860597676347度 東経132.381281度 ﻿ / 34.7860597676347; 132.381281","https://ja.wikipedia.org/wiki/阿佐山","中国百名山","https://ja.wikipedia.org/wiki/中国百名山","表形式","","","","","","","","","","","","","","","","","","","",""
"雲月山 (存在しないページ)","[60画 像 募 集 中うんげつざん雲月山島根県広島県911.2地理院地図Googleマップ北緯34度48分08秒東経132度14分20秒﻿ / ﻿北緯34.802109度 東経132.238760度﻿ /34.802109; 132.238760﻿ (雲月山)]","https://ja.wikipedia.org/w/index.php?title=雲月山&amp;action=edit&amp;redlink=1","中国百名山","https://ja.wikipedia.org/wiki/中国百名山","表形式","","","","","","","","","","","","","","","","","","","",""
"金木山 (存在しないページ)","[61画 像 募 集 中かなぎやま金木山島根県719.8地理院地図Googleマップ北緯34度49分56秒東経132度11分27秒﻿ / ﻿北緯34.832142度 東経132.190964度﻿ /34.832142; 132.190964﻿ (金木山)]","https://ja.wikipedia.org/w/index.php?title=金木山&amp;action=edit&amp;redlink=1","中国百名山","https://ja.wikipedia.org/wiki/中国百名山","表形式","","","","","","","","","","","","","","","","","","","",""
"臥龍山","[62がりゅうざん臥龍山広島県1,223.4地理院地図Googleマップ北緯34度41分24秒東経132度11分48秒﻿ / ﻿北緯34.690121度 東経132.196763度﻿ /34.690121; 132.196763﻿ (臥龍山)刈尾山] 恵林寺 （えりんじ）は 兵庫県 神戸市 兵庫区 兵庫町にある 臨済宗南禅寺派 の仏教 寺院 。","https://ja.wikipedia.org/wiki/臥龍山","中国百名山","https://ja.wikipedia.org/wiki/中国百名山","表形式","北緯34度40分19.2秒東経135度10分23.8秒","兵庫県神戸市兵庫区兵庫町2-2-1北緯34度40分19.2秒東経135度10分23.8秒﻿ / ﻿北緯34.672000度 東経135.173278度﻿ /34.672000; 135.173278","","","","","","臥龍山","禅宗","南禅寺派","十一面観世音菩薩","貞和2年（1346年）","錦江省文禅師","梅蔭芳禅師","臥龍山恵林寺","福原西国三十三ヶ所第28番札所清盛七辨天","1140005000360","","",""
"深入山 (存在しないページ)","[63しんにゅうざん深入山広島県1,152.7地理院地図Googleマップ北緯34度39分00秒東経132度12分24秒﻿ / ﻿北緯34.649929度 東経132.206797度﻿ /34.649929; 132.206797﻿ (深入山)三段峡]","https://ja.wikipedia.org/w/index.php?title=深入山&amp;action=edit&amp;redlink=1","中国百名山","https://ja.wikipedia.org/wiki/中国百名山","表形式","","","","","","","","","","","","","","","","","","","",""
"恐羅漢山","[64おそらかんざん恐羅漢山島根県広島県1,346.4地理院地図Googleマップ北緯34度35分44秒東経132度07分47秒﻿ / ﻿北緯34.595463度 東経132.129674度﻿ /34.595463; 132.129674﻿ (恐羅漢山)島根県最高峰広島県最高峰] 恐羅漢山 （おそらかんざん）は、 広島県 山県郡 安芸太田町 と 島根県 益田市 との境にある 標高 1,346.4mの山で、広島県と島根県の 最高峰 である。 西中国山地国定公園 に指定されている。","https://ja.wikipedia.org/wiki/恐羅漢山","中国百名山","https://ja.wikipedia.org/wiki/中国百名山","表形式","北緯34度35分44秒東経132度07分47秒","日本広島県山県郡安芸太田町・島根県益田市","1,346.4m","北緯34度35分44秒東経132度07分47秒﻿ / ﻿北緯34.59556度 東経132.12972度﻿ /34.59556; 132.12972座標:北緯34度35分44秒東経132度07分47秒﻿ / ﻿北緯34.59556度 東経132.12972度﻿ /34.59556; 132.12972","中国山地","","","","","","","","","","","","","","",""
"春日山 (島根県) (存在しないページ)","[65画 像 募 集 中かすがやま春日山島根県989.2地理院地図Googleマップ北緯34度37分20秒東経132度03分17秒﻿ / ﻿北緯34.622287度 東経132.054736度﻿ /34.622287; 132.054736﻿ (春日山)]","https://ja.wikipedia.org/w/index.php?title=春日山_(島根県)&amp;action=edit&amp;redlink=1","中国百名山","https://ja.wikipedia.org/wiki/中国百名山","表形式","","","","","","","","","","","","","","","","","","","",""
"十方山","[66じっぽうざん十方山広島県1,318.9地理院地図Googleマップ北緯34度33分41秒東経132度08分36秒﻿ / ﻿北緯34.561520度 東経132.143267度﻿ /34.561520; 132.143267﻿ (十方山)] 十方山 （じっぽうざん）は、 広島県 廿日市市 と同 山県郡 安芸太田町 の市町境より少し廿日市市側に入ったところに 山頂 がある、標高1318.9mの 山 である。広島県内では 恐羅漢山 、 吉和冠山 に続く、第3位の標高を誇っている。その名の通り十方全てが見渡せ、天気が良ければ、 瀬戸内海 や 四国 の 石鎚連山 、 日本海 が望める    。","https://ja.wikipedia.org/wiki/十方山","中国百名山","https://ja.wikipedia.org/wiki/中国百名山","表形式","北緯34度33分41秒東経132度8分36秒","広島県廿日市市・山県郡安芸太田町","1,318.9m","北緯34度33分41秒東経132度8分36秒﻿ / ﻿北緯34.56139度 東経132.14333度﻿ /34.56139; 132.14333","中国山地","","","","","","","","","","","","","","",""
"大神ヶ岳 (存在しないページ)","[67画 像 募 集 中だいじんがたき大神ヶ岳島根県1,177地理院地図Googleマップ北緯34度30分54秒東経132度02分21秒﻿ / ﻿北緯34.515053度 東経132.039267度﻿ /34.515053; 132.039267﻿ (大神ヶ岳)]","https://ja.wikipedia.org/w/index.php?title=大神ヶ岳&amp;action=edit&amp;redlink=1","中国百名山","https://ja.wikipedia.org/wiki/中国百名山","表形式","","","","","","","","","","","","","","","","","","","",""
"小五郎山","[68画 像 募 集 中こごろうやま小五郎山山口県1,161.7地理院地図Googleマップ北緯34度25分01秒東経132度00分31秒﻿ / ﻿北緯34.416817度 東経132.008580度﻿ /34.416817; 132.008580﻿ (小五郎山)] 小五郎山 （こごろうさん）は、 山口県 岩国市 錦町 宇佐郷にある 標高 1,161.7mの 山 である  。 中国山地 西部の冠山山地に属しているこの山は西中国山地の雄として、その名を知られ、 中国百名山 にも指定されている  。","https://ja.wikipedia.org/wiki/小五郎山","中国百名山","https://ja.wikipedia.org/wiki/中国百名山","表形式","北緯34度25分00.5秒東経132度00分30.8秒","日本山口県岩国市錦町宇佐郷","1,161.7m","北緯34度25分00.5秒東経132度00分30.8秒﻿ / ﻿北緯34.416806度 東経132.008556度﻿ /34.416806; 132.008556座標:北緯34度25分00.5秒東経132度00分30.8秒﻿ / ﻿北緯34.416806度 東経132.008556度﻿ /34.416806; 132.008556","寂地山系＜冠山山地＜中国山地","","","","","","","","","","","","","","",""
"冠山 (廿日市市)","[69かんむりやま冠山 (吉和)広島県1,339.0地理院地図Googleマップ北緯34度28分07秒東経132度04分34秒﻿ / ﻿北緯34.468731度 東経132.076098度﻿ /34.468731; 132.076098﻿ (冠山 (吉和))] 冠山 （かんむりやま）は、 広島県 廿日市市 にある 山 である。標高は1338.98mで、広島県内で2番目の高さである。なお、 山頂 には 一等三角点 (区分は本点)  が設置されている","https://ja.wikipedia.org/wiki/冠山_(廿日市市)","中国百名山","https://ja.wikipedia.org/wiki/中国百名山","表形式","北緯34度28分05秒東経132度04分33秒","日本広島県廿日市市","1,338.98m","北緯34度28分05秒東経132度04分33秒﻿ / ﻿北緯34.46806度 東経132.07583度﻿ /34.46806; 132.07583座標:北緯34度28分05秒東経132度04分33秒﻿ / ﻿北緯34.46806度 東経132.07583度﻿ /34.46806; 132.07583","中国山地","","","","","","","","","","","","","","",""
"寂地山","[70じゃくちさん寂地山島根県山口県1,337地理院地図Googleマップ北緯34度28分02秒東経132度03分16秒﻿ / ﻿北緯34.467228度 東経132.054461度﻿ /34.467228; 132.054461﻿ (寂地山)山口県最高峰寂地峡] 寂地山 （じゃくちさん）は、 山口県 岩国市 と 島根県 吉賀町 との境界にある 標高 1,337mの 山 である。山口県の 最高峰 である。 中国百名山 に選定されている。","https://ja.wikipedia.org/wiki/寂地山","中国百名山","https://ja.wikipedia.org/wiki/中国百名山","表形式","北緯34度28分0秒東経132度03分20秒","山口県岩国市・島根県吉賀町","1,337m","北緯34度28分0秒東経132度03分20秒﻿ / ﻿北緯34.46667度 東経132.05556度﻿ /34.46667; 132.05556座標:北緯34度28分0秒東経132度03分20秒﻿ / ﻿北緯34.46667度 東経132.05556度﻿ /34.46667; 132.05556","中国山地","","","","","","","","","","","","","","",""
"安蔵寺山","[71あぞうじさん安蔵寺山島根県1,263.2地理院地図Googleマップ北緯34度28分38秒東経131度58分02秒﻿ / ﻿北緯34.477126度 東経131.967229度﻿ /34.477126; 131.967229﻿ (安蔵寺山)] 安蔵寺山 （あぞうじさん・あぞうじやま）は、 島根県 益田市 、 鹿足郡 津和野町 および同郡 吉賀町 の境に位置する 標高 1,263.2メートルの 山 である。","https://ja.wikipedia.org/wiki/安蔵寺山","中国百名山","https://ja.wikipedia.org/wiki/中国百名山","表形式","北緯34度28分40秒東経131度58分0秒","島根県益田市・鹿足郡津和野町・同郡吉賀町","1,263.2m","北緯34度28分40秒東経131度58分0秒﻿ / ﻿北緯34.47778度 東経131.96667度﻿ /34.47778; 131.96667座標:北緯34度28分40秒東経131度58分0秒﻿ / ﻿北緯34.47778度 東経131.96667度﻿ /34.47778; 131.96667","中国山地","","","","","","","","","","","","","","",""
"鬼ヶ城山 (広島県・山口県)","[72画 像 募 集 中おにがじょうやま鬼ヶ城山広島県山口県1,030.9地理院地図Googleマップ北緯34度24分35秒東経132度04分17秒﻿ / ﻿北緯34.409830度 東経132.071465度﻿ /34.409830; 132.071465﻿ (鬼ヶ城山)] 鬼ヶ城山 （おにがじょうやま）は 広島県 廿日市市 と 山口県 岩国市 に跨る山。標高1031.0メートル  。 中国百名山 のひとつ。","https://ja.wikipedia.org/wiki/鬼ヶ城山_(広島県・山口県)","中国百名山","https://ja.wikipedia.org/wiki/中国百名山","表形式","北緯34度24分35.7秒東経132度04分14.8秒","広島県廿日市市飯山山口県岩国市錦町","1,031.0m","北緯34度24分35.7秒東経132度04分14.8秒﻿ / ﻿北緯34.409917度 東経132.070778度﻿ /34.409917; 132.070778座標:北緯34度24分35.7秒東経132度04分14.8秒﻿ / ﻿北緯34.409917度 東経132.070778度﻿ /34.409917; 132.070778","中国山地","","","","","","","","","","","","","","",""
"羅漢山","[73らかんざん羅漢山広島県山口県1,108.9地理院地図Googleマップ北緯34度21分20秒東経132度04分02秒﻿ / ﻿北緯34.355584度 東経132.067231度﻿ /34.355584; 132.067231﻿ (羅漢山)] 座標 : .mw-parser-output .geo-default,.mw-parser-output .geo-dms,.mw-parser-output .geo-dec{display:inline}.mw-parser-output .geo-nondefault,.mw-parser-output .geo-multi-punct{display:none}.mw-parser-output .longitude,.mw-parser-output .latitude{white-space:nowrap} 北緯34度21分20秒 東経132度04分02秒 ﻿ / ﻿ 北緯34.3555987693148度 東経132.067242度 ﻿ / 34.3555987693148; 132.067242","https://ja.wikipedia.org/wiki/羅漢山","中国百名山","https://ja.wikipedia.org/wiki/中国百名山","表形式","","","","","","","","","","","","","","","","","","","",""
"鷹ノ巣山 (東広島市・安芸高田市) (存在しないページ)","[74画 像 募 集 中たかのすやま鷹ノ巣山広島県922.1地理院地図Googleマップ北緯34度33分58秒東経132度44分46秒﻿ / ﻿北緯34.565994度 東経132.746014度﻿ /34.565994; 132.746014﻿ (鷹ノ巣山)]","https://ja.wikipedia.org/w/index.php?title=鷹ノ巣山_(東広島市・安芸高田市)&amp;action=edit&amp;redlink=1","中国百名山","https://ja.wikipedia.org/wiki/中国百名山","表形式","","","","","","","","","","","","","","","","","","","",""
"鎌倉寺山 (存在しないページ)","[75画 像 募 集 中かまくらじやま鎌倉寺山広島県610地理院地図Googleマップ北緯34度32分48秒東経132度41分18秒﻿ / ﻿北緯34.546761度 東経132.688242度﻿ /34.546761; 132.688242﻿ (鎌倉寺山)]","https://ja.wikipedia.org/w/index.php?title=鎌倉寺山&amp;action=edit&amp;redlink=1","中国百名山","https://ja.wikipedia.org/wiki/中国百名山","表形式","","","","","","","","","","","","","","","","","","","",""
"白木山 (広島県)","[76しらきやま白木山広島県889.3地理院地図Googleマップ北緯34度31分17秒東経132度34分32秒﻿ / ﻿北緯34.521261度 東経132.575438度﻿ /34.521261; 132.575438﻿ (白木山)] 白木山 （しらきやま）は、 広島県 広島市 安佐北区 にある 標高 889  m の 山 。","https://ja.wikipedia.org/wiki/白木山_(広島県)","中国百名山","https://ja.wikipedia.org/wiki/中国百名山","表形式","北緯34度31分17秒東経132度34分32秒","広島県広島市安佐北区","888.9m","北緯34度31分17秒東経132度34分32秒﻿ / ﻿北緯34.52139度 東経132.57556度﻿ /34.52139; 132.57556座標:北緯34度31分17秒東経132度34分32秒﻿ / ﻿北緯34.52139度 東経132.57556度﻿ /34.52139; 132.57556","","","","","","","","","","","","","","","",""
"呉娑々宇山 (存在しないページ)","[77画 像 募 集 中ごさそうざん呉娑々宇山広島県682.2地理院地図Googleマップ北緯34度25分22秒東経132度32分52秒﻿ / ﻿北緯34.422894度 東経132.547850度﻿ /34.422894; 132.547850﻿ (呉娑々宇山)]","https://ja.wikipedia.org/w/index.php?title=呉娑々宇山&amp;action=edit&amp;redlink=1","中国百名山","https://ja.wikipedia.org/wiki/中国百名山","表形式","","","","","","","","","","","","","","","","","","","",""
"天応烏帽子岩山 (存在しないページ)","[78画 像 募 集 中てんのうえぼしいわやま天応烏帽子岩山広島県410地理院地図Googleマップ北緯34度16分47秒東経132度31分50秒﻿ / ﻿北緯34.279842度 東経132.530583度﻿ /34.279842; 132.530583﻿ (天応烏帽子岩山)]","https://ja.wikipedia.org/w/index.php?title=天応烏帽子岩山&amp;action=edit&amp;redlink=1","中国百名山","https://ja.wikipedia.org/wiki/中国百名山","表形式","","","","","","","","","","","","","","","","","","","",""
"古鷹山 (存在しないページ)","[79ふるたかやま古鷹山広島県394地理院地図Googleマップ北緯34度15分31秒東経132度28分42秒﻿ / ﻿北緯34.258653度 東経132.478338度﻿ /34.258653; 132.478338﻿ (古鷹山)]","https://ja.wikipedia.org/w/index.php?title=古鷹山&amp;action=edit&amp;redlink=1","中国百名山","https://ja.wikipedia.org/wiki/中国百名山","表形式","","","","","","","","","","","","","","","","","","","",""
"窓ヶ山 (存在しないページ)","[80まどがやま窓ヶ山広島県711.2地理院地図Googleマップ北緯34度26分22秒東経132度20分11秒﻿ / ﻿北緯34.439566度 東経132.336282度﻿ /34.439566; 132.336282﻿ (窓ヶ山)]","https://ja.wikipedia.org/w/index.php?title=窓ヶ山&amp;action=edit&amp;redlink=1","中国百名山","https://ja.wikipedia.org/wiki/中国百名山","表形式","","","","","","","","","","","","","","","","","","","",""
"大峯山 (広島県) (存在しないページ)","[81画 像 募 集 中おおみねやま大峯山広島県1,039.8地理院地図Googleマップ北緯34度24分56秒東経132度12分58秒﻿ / ﻿北緯34.415511度 東経132.216200度﻿ /34.415511; 132.216200﻿ (大峯山)]","https://ja.wikipedia.org/w/index.php?title=大峯山_(広島県)&amp;action=edit&amp;redlink=1","中国百名山","https://ja.wikipedia.org/wiki/中国百名山","表形式","","","","","","","","","","","","","","","","","","","",""
"三倉岳 (存在しないページ)","[82みくらだけ三倉岳広島県701.8地理院地図Googleマップ北緯34度19分01秒東経132度08分53秒﻿ / ﻿北緯34.317050度 東経132.148012度﻿ /34.317050; 132.148012﻿ (三倉岳)]","https://ja.wikipedia.org/w/index.php?title=三倉岳&amp;action=edit&amp;redlink=1","中国百名山","https://ja.wikipedia.org/wiki/中国百名山","表形式","","","","","","","","","","","","","","","","","","","",""
"弥山 (広島県)","[83みせん弥山広島県529.8地理院地図Googleマップ北緯34度16分46秒東経132度19分11秒﻿ / ﻿北緯34.279568度 東経132.319599度﻿ /34.279568; 132.319599﻿ (弥山)新日本百名山宮島厳島神社] 弥山 （みせん）は 広島県 廿日市市 宮島町 の宮島（ 厳島 ）の中央部にある標高535 mの 山 。古くからの信仰の対象になっている。","https://ja.wikipedia.org/wiki/弥山_(広島県)","中国百名山","https://ja.wikipedia.org/wiki/中国百名山","表形式","北緯34度16分47秒東経132度19分11秒","日本広島県廿日市市宮島町","535m","北緯34度16分47秒東経132度19分11秒﻿ / ﻿北緯34.27972度 東経132.31972度﻿ /34.27972; 132.31972座標:北緯34度16分47秒東経132度19分11秒﻿ / ﻿北緯34.27972度 東経132.31972度﻿ /34.27972; 132.31972","宮島（厳島）","火成岩","","","","","","","","","","","","","",""
"青野山","[84あおのやま青野山島根県907.6地理院地図Googleマップ北緯34度27分44秒東経131度47分53秒﻿ / ﻿北緯34.462208度 東経131.798081度﻿ /34.462208; 131.798081﻿ (青野山)] 青野山 （あおのやま）は 島根県 鹿足郡 津和野町 に位置する標高907mの 火山  。国の 天然記念物 ・ 名勝 に指定されている   。","https://ja.wikipedia.org/wiki/青野山","中国百名山","https://ja.wikipedia.org/wiki/中国百名山","表形式","北緯34度27分45秒東経131度47分53秒","島根県鹿足郡津和野町","907m","北緯34度27分45秒東経131度47分53秒﻿ / ﻿北緯34.46250度 東経131.79806度﻿ /34.46250; 131.79806座標:北緯34度27分45秒東経131度47分53秒﻿ / ﻿北緯34.46250度 東経131.79806度﻿ /34.46250; 131.79806","中国山地および青野山火山群","溶岩ドーム","12.7万年前または23万年前","","","","","","","","","","","","",""
"高岳山 (存在しないページ)","[85画 像 募 集 中たかだけやま高岳山島根県山口県1,040.7地理院地図Googleマップ北緯34度24分00秒東経131度47分05秒﻿ / ﻿北緯34.399946度 東経131.784683度﻿ /34.399946; 131.784683﻿ (高岳山)]","https://ja.wikipedia.org/w/index.php?title=高岳山&amp;action=edit&amp;redlink=1","中国百名山","https://ja.wikipedia.org/wiki/中国百名山","表形式","","","","","","","","","","","","","","","","","","","",""
"十種ヶ峰","[86画 像 募 集 中とくさがみね十種ヶ峰島根県山口県988.8地理院地図Googleマップ北緯34度26分18秒東経131度41分43秒﻿ / ﻿北緯34.438334度 東経131.695282度﻿ /34.438334; 131.695282﻿ (十種ヶ峰)長門富士] 十種ヶ峰 （とくさがみね）は、 山口県 と 島根県 にまたがる 標高 989mの 山 。俗名は 長門富士 。","https://ja.wikipedia.org/wiki/十種ヶ峰","中国百名山","https://ja.wikipedia.org/wiki/中国百名山","表形式","北緯34度26分18秒東経131度41分43秒","日本山口県山口市島根県鹿足郡津和野町","989m","北緯34度26分18秒東経131度41分43秒﻿ / ﻿北緯34.43833度 東経131.69528度﻿ /34.43833; 131.69528座標:北緯34度26分18秒東経131度41分43秒﻿ / ﻿北緯34.43833度 東経131.69528度﻿ /34.43833; 131.69528","中国山地","","","","","","","","","","","","","","",""
"弟見山 (存在しないページ)","[87画 像 募 集 中おととみやま弟見山島根県山口県1,085.3地理院地図Googleマップ北緯34度21分12秒東経131度46分41秒﻿ / ﻿北緯34.353375度 東経131.777993度﻿ /34.353375; 131.777993﻿ (弟見山)]","https://ja.wikipedia.org/w/index.php?title=弟見山&amp;action=edit&amp;redlink=1","中国百名山","https://ja.wikipedia.org/wiki/中国百名山","表形式","","","","","","","","","","","","","","","","","","","",""
"高山 (山口県) (存在しないページ)","[88画 像 募 集 中たかやま高山山口県319.9地理院地図Googleマップ北緯34度25分19秒東経131度10分36秒﻿ / ﻿北緯34.421848度 東経131.176643度﻿ /34.421848; 131.176643﻿ (高山)]","https://ja.wikipedia.org/w/index.php?title=高山_(山口県)&amp;action=edit&amp;redlink=1","中国百名山","https://ja.wikipedia.org/wiki/中国百名山","表形式","","","","","","","","","","","","","","","","","","","",""
"馬糞ヶ岳","[89画 像 募 集 中ばふんがだけ馬糞ヶ岳山口県985.2地理院地図Googleマップ北緯34度15分02秒東経131度53分47秒﻿ / ﻿北緯34.250621度 東経131.896392度﻿ /34.250621; 131.896392﻿ (馬糞ヶ岳)] 馬糞ヶ岳 （ばふんがたけ）は、 山口県 周南市 と 岩国市 錦町 との境界にある 山 である。 標高 985.2m。元来の名は、秘密尾岳である。山容が馬糞に似ていることから馬糞ヶ岳と呼ばれるようになった。","https://ja.wikipedia.org/wiki/馬糞ヶ岳","中国百名山","https://ja.wikipedia.org/wiki/中国百名山","表形式","北緯34度15分02.3秒東経131度53分46.8秒","日本山口県周南市・岩国市","985.2m","北緯34度15分02.3秒東経131度53分46.8秒﻿ / ﻿北緯34.250639度 東経131.896333度﻿ /34.250639; 131.896333座標:北緯34度15分02.3秒東経131度53分46.8秒﻿ / ﻿北緯34.250639度 東経131.896333度﻿ /34.250639; 131.896333","","","","","","","","","","","","","","","",""
"嘉納山 (存在しないページ)","[90画 像 募 集 中かのうさん嘉納山山口県684.9地理院地図Googleマップ北緯33度54分54秒東経132度14分40秒﻿ / ﻿北緯33.915010度 東経132.244415度﻿ /33.915010; 132.244415﻿ (嘉納山)]","https://ja.wikipedia.org/w/index.php?title=嘉納山&amp;action=edit&amp;redlink=1","中国百名山","https://ja.wikipedia.org/wiki/中国百名山","表形式","","","","","","","","","","","","","","","","","","","",""
"銭壺山","[91画 像 募 集 中ぜにつぼやま銭壺山山口県540.1地理院地図Googleマップ北緯34度00分40秒東経132度11分48秒﻿ / ﻿北緯34.011088度 東経132.196712度﻿ /34.011088; 132.196712﻿ (銭壺山)] 銭壷山 (ぜにつぼやま) は、 山口県 東部の 岩国市 由宇 と 柳井市 大畠 の境に位置する、 標高 540.1mの 山 である  。","https://ja.wikipedia.org/wiki/銭壺山","中国百名山","https://ja.wikipedia.org/wiki/中国百名山","表形式","北緯34度00分40秒東経132度11分48秒","日本山口県岩国市由宇町･柳井市大畠町","540.1m","北緯34度00分40秒東経132度11分48秒﻿ / ﻿北緯34.01111度 東経132.19667度﻿ /34.01111; 132.19667座標:北緯34度00分40秒東経132度11分48秒﻿ / ﻿北緯34.01111度 東経132.19667度﻿ /34.01111; 132.19667","周東山系銭壺山地","","","","","","","","","","","","","","",""
"琴石山 (存在しないページ)","[92画 像 募 集 中こといしやま琴石山山口県545.2地理院地図Googleマップ北緯33度58分24秒東経132度08分57秒﻿ / ﻿北緯33.973409度 東経132.149180度﻿ /33.973409; 132.149180﻿ (琴石山)]","https://ja.wikipedia.org/w/index.php?title=琴石山&amp;action=edit&amp;redlink=1","中国百名山","https://ja.wikipedia.org/wiki/中国百名山","表形式","","","","","","","","","","","","","","","","","","","",""
"石城山","[93いわきさん石城山山口県350.1地理院地図Googleマップ北緯33度59分19秒東経132度02分05秒﻿ / ﻿北緯33.988564度 東経132.034702度﻿ /33.988564; 132.034702﻿ (石城山)西ノ富士] 石城山 （いわきさん）は、 山口県 光市 と 熊毛郡 田布施町 にまたがる標高362メートルの 山 。山口県立自然公園に指定されており、石城山県立自然公園の中心となる山である。別名は西ノ富士。中国百名山のうちの1つ。","https://ja.wikipedia.org/wiki/石城山","中国百名山","https://ja.wikipedia.org/wiki/中国百名山","表形式","北緯33度59分15.42秒東経132度2分20.78秒","日本山口県光市、熊毛郡田布施町石城山-地理院地図石城山-Google マップ","362m","北緯33度59分15.42秒東経132度2分20.78秒﻿ / ﻿北緯33.9876167度 東経132.0391056度﻿ /33.9876167; 132.0391056座標:北緯33度59分15.42秒東経132度2分20.78秒﻿ / ﻿北緯33.9876167度 東経132.0391056度﻿ /33.9876167; 132.0391056","","","","","","","","","","","","","","","",""
"烏帽子岳 (山口県) (存在しないページ)","[94画 像 募 集 中えぼしだけ烏帽子岳山口県696.6地理院地図Googleマップ北緯34度05分13秒東経131度58分10秒﻿ / ﻿北緯34.087065度 東経131.969563度﻿ /34.087065; 131.969563﻿ (烏帽子岳)]","https://ja.wikipedia.org/w/index.php?title=烏帽子岳_(山口県)&amp;action=edit&amp;redlink=1","中国百名山","https://ja.wikipedia.org/wiki/中国百名山","表形式","","","","","","","","","","","","","","","","","","","",""
"右田ヶ岳","[95みぎたがたけ右田ヶ岳山口県426.0地理院地図Googleマップ北緯34度05分12秒東経131度33分25秒﻿ / ﻿北緯34.086550度 東経131.556949度﻿ /34.086550; 131.556949﻿ (右田ヶ岳)] 右田ヶ岳 （みぎたがだけ）は、 山口県 防府市 にある 標高 426.0mの山である。","https://ja.wikipedia.org/wiki/右田ヶ岳","中国百名山","https://ja.wikipedia.org/wiki/中国百名山","表形式","北緯34度05分11.5秒東経131度33分25.0秒","日本山口県防府市","426.0m","北緯34度05分11.5秒東経131度33分25.0秒﻿ / ﻿北緯34.086528度 東経131.556944度﻿ /34.086528; 131.556944座標:北緯34度05分11.5秒東経131度33分25.0秒﻿ / ﻿北緯34.086528度 東経131.556944度﻿ /34.086528; 131.556944","","","","","","","","","","","","","","","",""
"東鳳翩山","[96ひがしほうべんざん東鳳翩山山口県734.2地理院地図Googleマップ北緯34度13分19秒東経131度26分34秒﻿ / ﻿北緯34.221940度 東経131.442855度﻿ /34.221940; 131.442855﻿ (東鳳翩山)新日本百名山] 東鳳翩山 （ひがしほうべんざん）は、 山口県 山口市 と山口県 萩市 に跨る標高734.2mの山で、 中国山地 の一部、長門（ながと）山地を代表する山。 新日本百名山 の一座。","https://ja.wikipedia.org/wiki/東鳳翩山","中国百名山","https://ja.wikipedia.org/wiki/中国百名山","表形式","北緯34度13分19秒東経131度26分34秒","山口県山口市上宇野令山口県萩市佐々並","734.2m","北緯34度13分19秒東経131度26分34秒﻿ / ﻿北緯34.22194度 東経131.44278度﻿ /34.22194; 131.44278","","","","","","","","","","","","","","","",""
"龍護峰","[97りゅうごぼう龍護峰山口県425.5地理院地図Googleマップ北緯34度13分59秒東経131度16分51秒﻿ / ﻿北緯34.232983度 東経131.280705度﻿ /34.232983; 131.280705﻿ (龍護峰)秋吉台] 龍護峰 （りゅうごほう）は、 山口県 美祢市 に広がる日本一広い カルスト台地 、 秋吉台 の標高最高地点である。山頂からは360度の展望で、広大な草原の先に山々のパノラマが展開する。中国百名山。","https://ja.wikipedia.org/wiki/龍護峰","中国百名山","https://ja.wikipedia.org/wiki/中国百名山","表形式","北緯34度13分57.7秒東経131度16分49.1秒","山口県美祢市","426m","北緯34度13分57.7秒東経131度16分49.1秒﻿ / ﻿北緯34.232694度 東経131.280306度﻿ /34.232694; 131.280306","","","","","","","","","","","","","","","",""
"花尾山","[98はなおさん花尾山山口県669.1地理院地図Googleマップ北緯34度17分02秒東経131度13分16秒﻿ / ﻿北緯34.283882度 東経131.221028度﻿ /34.283882; 131.221028﻿ (花尾山)] 花尾山 （はなおさん）は、 日本 の 山 。","https://ja.wikipedia.org/wiki/花尾山","中国百名山","https://ja.wikipedia.org/wiki/中国百名山","表形式","","","","","","","","","","","","","","","","","","","",""
"白滝山 (下関市)","[99画 像 募 集 中しらたきやま白滝山山口県667.6地理院地図Googleマップ北緯34度18分11秒東経131度01分23秒﻿ / ﻿北緯34.303095度 東経131.023123度﻿ /34.303095; 131.023123﻿ (白滝山)] 白滝山 （しらたきやま）は、 山口県 下関市 にある標高667.6mの 山 である。","https://ja.wikipedia.org/wiki/白滝山_(下関市)","中国百名山","https://ja.wikipedia.org/wiki/中国百名山","表形式","北緯34度18分10.9秒東経131度1分23.8秒","山口県下関市","667.6m","北緯34度18分10.9秒東経131度1分23.8秒﻿ / ﻿北緯34.303028度 東経131.023278度﻿ /34.303028; 131.023278","","","","","","","","","","","","","","","",""
"竜王山 (下関市)","[100画 像 募 集 中りゅうおうざん竜王山山口県613.9地理院地図Googleマップ北緯34度04分06秒東経130度56分09秒﻿ / ﻿北緯34.068408度 東経130.935859度﻿ /34.068408; 130.935859﻿ (竜王山)] 竜王山 （りゅうおうざん）は、 山口県 下関市 にある標高613.9mの 山 である。登山路が複数整備されており、展望がよいことで知られる。 中国百名山 の1つ。","https://ja.wikipedia.org/wiki/竜王山_(下関市)","中国百名山","https://ja.wikipedia.org/wiki/中国百名山","表形式","北緯34度4分5.9秒東経130度56分8.2秒","山口県下関市吉見","613.9m","北緯34度4分5.9秒東経130度56分8.2秒﻿ / ﻿北緯34.068306度 東経130.935611度﻿ /34.068306; 130.935611座標:北緯34度4分5.9秒東経130度56分8.2秒﻿ / ﻿北緯34.068306度 東経130.935611度﻿ /34.068306; 130.935611","","","","","","","","","","","","","","","",""
