﻿"タイトル","コメント","URL","親リストタイトル","親リストURL","一覧抽出方法","座標","所在地","面積","国","外部リンク","都道府県","地方","市町村コード","総人口","隣接自治体","法人番号","人口密度","市の花","市長","市の木","位置","郡","他のシンボル","町の花","標高"
"室蘭市","[室蘭・地球岬- ヤングカップル部門第1位] ","https://ja.wikipedia.org/wiki/室蘭市","新日本観光地100選","https://ja.wikipedia.org/wiki/新日本観光地100選","箇条書き,制限あり","北緯42度18分54.9秒東経140度58分26.5秒","〒051-8511北海道室蘭市幸町1-2北緯42度18分54.9秒東経140度58分26.5秒﻿ / ﻿北緯42.315250度 東経140.974028度﻿ /42.315250; 140.974028","80.88km2","日本","公式ウェブサイト","北海道（胆振総合振興局）","北海道地方","01205-0","80,709人（住民基本台帳人口、2021年5月31日）","胆振総合振興局:登別市、伊達市","8000020012050","998人/km2","ツツジ","青山剛","ナナカマド","","","市の鳥：ヒガラ市の魚：クロソイ","",""
"函館市","[函館] ","https://ja.wikipedia.org/wiki/函館市","新日本観光地100選","https://ja.wikipedia.org/wiki/新日本観光地100選","箇条書き,制限あり","北緯41度46分7.2秒東経140度43分44.1秒","〒040-8666北海道函館市東雲町4-13北緯41度46分7.2秒東経140度43分44.1秒﻿ / ﻿北緯41.768667度 東経140.728917度﻿ /41.768667; 140.728917﻿ (函館市)座標:北緯41度46分7.2秒東経140度43分44.1秒﻿ / ﻿北緯41.768667度 東経140.728917度﻿ /41.768667; 140.728917﻿ (函館市)","677.86km2","日本","函館市公式サイト","北海道（渡島総合振興局）","北海道地方","01202-5","250,059人（住民基本台帳人口、2021年5月31日）","北斗市亀田郡七飯町、茅部郡鹿部町（海上を隔てて隣接）青森県下北郡大間町","9000020012025","369人/km2","つつじ（やまつつじ）","工藤壽樹","おんこ（いちい）","","","市の鳥：ヤマガラ市の魚：イカ","",""
"江差町","[江差・松前] ","https://ja.wikipedia.org/wiki/江差町","新日本観光地100選","https://ja.wikipedia.org/wiki/新日本観光地100選","箇条書き,制限あり","北緯41度52分8.9秒東経140度7分38.8秒","〒043-8560北海道檜山郡江差町字中歌町193-1北緯41度52分8.9秒東経140度7分38.8秒﻿ / ﻿北緯41.869139度 東経140.127444度﻿ /41.869139; 140.127444","109.53km2","日本","江差町","北海道（檜山振興局）","北海道地方","01361-7","7,221人（住民基本台帳人口、2021年5月31日）","檜山郡上ノ国町、厚沢部町、爾志郡乙部町","1000020013617","65.9人/km2","","","","","檜山郡","","ハマナス",""
"大沼 (七飯町)","[大沼] 大沼 （おおぬま）は、 北海道 亀田郡 七飯町 にある 湖  。大沼、小沼、蓴菜(じゅんさい)沼などの大小の湖沼群や 北海道駒ヶ岳 などの周辺の総称として「大沼」とも呼ばれている。大沼という地名は アイヌ語 の「 ポロ・ト 」に由来している  。ポロは「大いなる」を意味し、トは「湖沼」や「水溜まり」を意味している  。そこで、「大湖」または「大沼」ということになって「大沼」が採られた  。","https://ja.wikipedia.org/wiki/大沼_(七飯町)","新日本観光地100選","https://ja.wikipedia.org/wiki/新日本観光地100選","箇条書き,制限あり","北緯41度59分51秒東経140度41分02秒","北海道（渡島総合振興局）北緯41度59分51秒東経140度41分02秒﻿ / ﻿北緯41.99750度 東経140.68389度﻿ /41.99750; 140.68389﻿ (大沼)大沼-地理院地図大沼-Google マップ大沼の位置北海道南部の地図を表示大沼 (七飯町) (北海道)北海道の地図を表示大沼 (七飯町) (日本)日本の地図を表示","5.31km2","","","","","","","","","","","","","","","","",""
"釧路市","[釧路] ","https://ja.wikipedia.org/wiki/釧路市","新日本観光地100選","https://ja.wikipedia.org/wiki/新日本観光地100選","箇条書き,制限あり","北緯42度59分5.60秒東経144度22分54.16秒","〒085-8505北海道釧路市黒金町7丁目5番地北緯42度59分5.60秒東経144度22分54.16秒﻿ / ﻿北緯42.9848889度 東経144.3817111度﻿ /42.9848889; 144.3817111﻿ (釧路市)座標:北緯42度59分5.60秒東経144度22分54.16秒﻿ / ﻿北緯42.9848889度 東経144.3817111度﻿ /42.9848889; 144.3817111﻿ (釧路市)","1,362.90km2","日本","公式ウェブサイト（日本語）","北海道（釧路総合振興局）","北海道地方","01206-8","164,400人（住民基本台帳人口、2021年5月31日）","釧路総合振興局：白糠郡白糠町、阿寒郡鶴居村、釧路郡釧路町、川上郡弟子屈町十勝総合振興局：足寄郡足寄町、十勝郡浦幌町オホーツク総合振興局：網走郡津別町","7000020012068","121人/km2","キンレンカ、スズラン、エゾリンドウ","蝦名大也","ハシドイ、エゾヤマザクラ、ナナカマド","","","","",""
"阿寒町","[阿寒] 阿寒町 （あかんちょう）は、北海道東部、 釧路支庁 管内の阿寒郡にあった町。 マリモ で有名な 阿寒湖 を有する。","https://ja.wikipedia.org/wiki/阿寒町","新日本観光地100選","https://ja.wikipedia.org/wiki/新日本観光地100選","箇条書き,制限あり","北緯43度06分45秒東経144度07分25秒","〒085-0292北海道阿寒郡阿寒町中央1丁目4番1号","739.25km2","日本","","北海道釧路支庁","北海道地方","01666-7","6,401人（住民基本台帳、2005年9月末日）","釧路市、阿寒郡鶴居村、川上郡弟子屈町、白糠郡白糠町、網走郡津別町、足寄郡足寄町","","","","","","","阿寒郡","","すずらん",""
"十和田湖","[十和田湖・八甲田（青森県・秋田県）] 十和田湖 （とわだこ）は、 青森県 十和田市 と 秋田県 鹿角郡 小坂町 にまたがる 湖 。日本の湖沼としては、最大水深は326.8mで第3位  、面積では12番目  。東岸には、十和田湖の水が唯一流れ出る 奥入瀬川 があり、北東に約14kmにわたり 奥入瀬渓流 が延びる。約20km北には 八甲田山 が位置する。","https://ja.wikipedia.org/wiki/十和田湖","新日本観光地100選","https://ja.wikipedia.org/wiki/新日本観光地100選","箇条書き,制限あり","北緯40度27分53秒東経140度52分38秒","日本青森県十和田市秋田県鹿角郡小坂町","61.11km2","","","","","","","","","","","","","北緯40度27分53秒東経140度52分38秒﻿ / ﻿北緯40.46472度 東経140.87722度﻿ /40.46472; 140.87722座標:北緯40度27分53秒東経140度52分38秒﻿ / ﻿北緯40.46472度 東経140.87722度﻿ /40.46472; 140.87722","","","",""
"古牧温泉","[古牧温泉祭魚洞公園（青森県）] 古牧温泉 （こまきおんせん）は、 青森県 三沢市 （旧国 陸奥国 ）にある温泉である。","https://ja.wikipedia.org/wiki/古牧温泉","新日本観光地100選","https://ja.wikipedia.org/wiki/新日本観光地100選","箇条書き,制限あり","","","","","星野リゾート青森屋","","","","","","","","","","","","","","",""
"八戸市","[八戸（青森県）] ","https://ja.wikipedia.org/wiki/八戸市","新日本観光地100選","https://ja.wikipedia.org/wiki/新日本観光地100選","箇条書き,制限あり","北緯40度30分44.2秒東経141度29分18.2秒","〒031-8686（八戸市庁）青森県八戸市内丸一丁目1番1号北緯40度30分44.2秒東経141度29分18.2秒﻿ / ﻿北緯40.512278度 東経141.488389度﻿ /40.512278; 141.488389","305.56km2","日本","公式ウェブサイト","青森県","東北地方","02203-9","219,651人（推計人口、2021年5月1日）","三戸郡階上町、五戸町、南部町、上北郡おいらせ町岩手県九戸郡軽米町","2000020022039","719人/km2","菊","小林眞","オンコ（イチイ）","","","","",""
"下北半島","[下北半島（青森県）] 下北半島 （しもきたはんとう）は、 青森県 北東部に位置する 本州 の最北端部の 半島 。半島全体が 下北半島国定公園 に指定されており、 日本三大霊場 に数えられる 恐山 などがある。","https://ja.wikipedia.org/wiki/下北半島","新日本観光地100選","https://ja.wikipedia.org/wiki/新日本観光地100選","箇条書き,制限あり","","","","","","","","","","","","","","","","","","","",""
"上山温泉","[上山温泉（山形県）] 上山温泉 （かみのやまおんせん）は、 山形県 上山市 （旧国 出羽国 、 明治 以降は 羽前国 ）にある 温泉 。古くは同じ山形県の 湯野浜温泉 、 福島県 の 東山温泉 と共に「奥羽三楽郷」に数えられた。","https://ja.wikipedia.org/wiki/上山温泉","新日本観光地100選","https://ja.wikipedia.org/wiki/新日本観光地100選","箇条書き,制限あり","北緯38度09分29.5秒東経140度16分23.9秒","山形県上山市","","","かみのやま温泉","","","","","","","","","","","","","","",""
"男鹿半島","[男鹿半島（秋田県）] 男鹿半島 （おがはんとう）は、 秋田県 北西部にある 日本海 に突き出た 半島 。半島部の大半が 男鹿市 に属する。","https://ja.wikipedia.org/wiki/男鹿半島","新日本観光地100選","https://ja.wikipedia.org/wiki/新日本観光地100選","箇条書き,制限あり","","","","","","","","","","","","","","","","","","","",""
"鳥海山","[鳥海山（山形県・秋田県）] 鳥海山 （ちょうかいさん、ちょうかいざん  ）は、 山形県 と 秋田県 に跨がる 標高 2,236mの 活火山 。山頂に雪が積もった姿が富士山に類似しているため、 出羽富士 （でわふじ）とも呼ばれ親しまれている。秋田県では 秋田富士 （あきたふじ）、山形県では 庄内富士 （しょうないふじ）とも呼ばれている。古くからの名では鳥見山（とりみやま）という。 鳥海国定公園 に属する。 日本百名山  ・ 日本百景 の一つ。2007年（平成19年）に 日本の地質百選 に選定された。2009年（平成21年）に 国史跡 「鳥海山」として指定された。","https://ja.wikipedia.org/wiki/鳥海山","新日本観光地100選","https://ja.wikipedia.org/wiki/新日本観光地100選","箇条書き,制限あり","北緯39度05分57秒東経140度02分56秒","日本山形県飽海郡遊佐町・酒田市・秋田県由利本荘市・にかほ市","","","","","","","","","","","","","","北緯39度05分57秒東経140度02分56秒﻿ / ﻿北緯39.09917度 東経140.04889度﻿ /39.09917; 140.04889座標:北緯39度05分57秒東経140度02分56秒﻿ / ﻿北緯39.09917度 東経140.04889度﻿ /39.09917; 140.04889","","","","2,236m"
"田沢湖","[田沢湖（秋田県）] 田沢湖 （たざわこ）は、 秋田県 仙北市 にある 淡水湖 。 一級河川 雄物川 水系に属する。 日本 で最も深い湖であり、日本で19番目に広い湖沼である  。その全域が 田沢湖抱返り県立自然公園 に指定されており、 日本百景 にも選ばれている景勝地である。1956年（昭和31年）から2005年（平成17年）まで存在した自治体である 田沢湖町 の名の由来であり、現在も旧田沢湖町の区域の地名冠称として使われている。","https://ja.wikipedia.org/wiki/田沢湖","新日本観光地100選","https://ja.wikipedia.org/wiki/新日本観光地100選","箇条書き,制限あり","北緯39度43分30秒東経140度39分41秒","日本秋田県仙北市","25.75km2","","","","","","","","","","","","","北緯39度43分30秒東経140度39分41秒﻿ / ﻿北緯39.72500度 東経140.66139度﻿ /39.72500; 140.66139座標:北緯39度43分30秒東経140度39分41秒﻿ / ﻿北緯39.72500度 東経140.66139度﻿ /39.72500; 140.66139","","","",""
"最上川","[最上川（山形県）] 最上川 （もがみがわ）は、 山形県 を流れる 一級河川 最上川 水系 の 本川 。流路延長229 km は、一つの都府県のみを 流域 とする河川としては 日本 国内最長である。 流域面積 は7,040 km 2 で、山形県の面積の約75%にあたる。 日本三大急流 の一つである。","https://ja.wikipedia.org/wiki/最上川","新日本観光地100選","https://ja.wikipedia.org/wiki/新日本観光地100選","箇条書き,制限あり","","","","","","","","","","","","","","","","","","","",""
"いわき市","[いわき（福島県）] ","https://ja.wikipedia.org/wiki/いわき市","新日本観光地100選","https://ja.wikipedia.org/wiki/新日本観光地100選","箇条書き,制限あり","北緯37度3分1.8秒東経140度53分15.8秒","〒970-8686福島県いわき市平字梅本21番地北緯37度3分1.8秒東経140度53分15.8秒﻿ / ﻿北緯37.050500度 東経140.887722度﻿ /37.050500; 140.887722","1,232.02km2","日本","公式ウェブサイト","福島県","東北地方","07204-4","334,593人（推計人口、2021年6月1日）","田村市、田村郡小野町、双葉郡広野町、楢葉町、川内村、石川郡古殿町、平田村、東白川郡鮫川村茨城県北茨城市","9000020072044","272人/km2","ツツジ（1973年3月20日制定）","清水敏男","クロマツ（1971年10月1日制定）","","","","",""
"蔵王連峰","[宮城蔵王（宮城県）] 蔵王連峰 （ざおうれんぽう）は、 東北地方 の中央を南北に連なる 奥羽山脈 の中にあって、 宮城県 と 山形県 の両県南部の県境に位置する 連峰     。奥羽山脈において時と場所を移しながら次々と繰り返された火山活動によって形成された複合火山群である  。","https://ja.wikipedia.org/wiki/蔵王連峰","新日本観光地100選","https://ja.wikipedia.org/wiki/新日本観光地100選","箇条書き,制限あり","北緯38度08分37秒東経140度26分22秒","宮城県・山形県","","","","","","","","","","","","","","北緯38度08分37秒東経140度26分22秒﻿ / ﻿北緯38.14361度 東経140.43944度﻿ /38.14361; 140.43944座標:北緯38度08分37秒東経140度26分22秒﻿ / ﻿北緯38.14361度 東経140.43944度﻿ /38.14361; 140.43944（熊野岳）","","","",""
"松島","[松島（宮城県）] 松島 （まつしま）は、 宮城県 の松島湾内外にある 諸島 のこと。または、それら諸島と湾周囲を囲む 松島丘陵 も含めた修景地区のことである。 日本三景 の1つに数えられている。2018年の観光入込客数は600万人  。","https://ja.wikipedia.org/wiki/松島","新日本観光地100選","https://ja.wikipedia.org/wiki/新日本観光地100選","箇条書き,制限あり","","","","","","","","","","","","","","","","","","","",""
"花巻温泉郷","[花巻温泉郷（岩手県）] 花巻温泉郷 （はなまきおんせんきょう）は、 岩手県 花巻市 （旧国 陸奥国 、明治以降は 陸中国 ）の西部に位置する 温泉 の総称（ 温泉郷 ）である。 豊沢川 沿いに 松倉温泉 から 新鉛温泉 までの8つが、山を挟んで北側に 花巻温泉 、 台温泉 が存在する。豊沢川沿いの8湯は 花巻南温泉峡 （はなまきみなみおんせんきょう）と呼ばれる場合も多い。 南花巻温泉峡 と表記されることも。豊沢川沿いの峡谷にあるため、温泉郷ではなく「温泉峡」を名乗る。温泉峡を名乗る温泉地は他にも 湯田温泉峡 が存在。","https://ja.wikipedia.org/wiki/花巻温泉郷","新日本観光地100選","https://ja.wikipedia.org/wiki/新日本観光地100選","箇条書き,制限あり","","","","","","","","","","","","","","","","","","","",""
"八幡平","[八幡平（岩手県・秋田県）] 八幡平 （はちまんたい）は、 秋田県 と 岩手県 にまたがる 標高 1,614 m の山及びその周囲の高原台地  。 深田久弥 の 日本百名山 に挙げられている   。山域は 1956年 （昭和31年）に 十和田八幡平国立公園 に指定されている。","https://ja.wikipedia.org/wiki/八幡平","新日本観光地100選","https://ja.wikipedia.org/wiki/新日本観光地100選","箇条書き,制限あり","北緯39度57分28秒東経140度51分15秒","日本岩手県八幡平市秋田県仙北市・鹿角市","","","","","","","","","","","","","","北緯39度57分28秒東経140度51分15秒﻿ / ﻿北緯39.95778度 東経140.85417度﻿ /39.95778; 140.85417座標:北緯39度57分28秒東経140度51分15秒﻿ / ﻿北緯39.95778度 東経140.85417度﻿ /39.95778; 140.85417","","","","1,613.50m"
"日光市","[日光（栃木県）] 地理院地図 Google Bing GeoHack MapFan Mapion Yahoo! NAVITIME ゼンリン","https://ja.wikipedia.org/wiki/日光市","新日本観光地100選","https://ja.wikipedia.org/wiki/新日本観光地100選","箇条書き,制限あり","北緯36度43分11.4秒東経139度41分53.4秒","〒321-1292栃木県日光市今市本町1番地北緯36度43分11.4秒東経139度41分53.4秒﻿ / ﻿北緯36.719833度 東経139.698167度﻿ /36.719833; 139.698167","1,449.83km2","日本","公式ウェブサイト","栃木県","関東地方","09206-1","76,800人（推計人口、2021年6月1日）","宇都宮市、鹿沼市、那須塩原市、塩谷郡塩谷町群馬県：沼田市、みどり市、利根郡片品村福島県：南会津郡南会津町、檜枝岐村","6000020092061","53人/km2","ニッコウキスゲ・ヤシオツツジ","粉川昭一","もみじ・シラカンバ","","","市の鳥：カワセミ・ウグイス市の魚：ヒメマス・イワナ","",""
"伊豆大島","[伊豆大島（東京都）] 伊豆大島 （いずおおしま）は、日本の 伊豆諸島 北部に位置する伊豆諸島最大の 島 。 本州 で最も近い 伊豆半島 からは南東方約25kmに位置する。面積は91.06 km 2 。行政区域は、 東京都 大島町 である。","https://ja.wikipedia.org/wiki/伊豆大島","新日本観光地100選","https://ja.wikipedia.org/wiki/新日本観光地100選","箇条書き,制限あり","北緯34度44分0秒東経139度24分0秒","日本　東京都大島町","91.06km²","","","","","","","","","","","","","","","","",""
"秩父市","[秩父（埼玉県）] ","https://ja.wikipedia.org/wiki/秩父市","新日本観光地100選","https://ja.wikipedia.org/wiki/新日本観光地100選","箇条書き,制限あり","北緯35度59分30.4秒東経139度5分7.7秒","〒368-8686埼玉県秩父市熊木町8番15号北緯35度59分30.4秒東経139度5分7.7秒﻿ / ﻿北緯35.991778度 東経139.085472度﻿ /35.991778; 139.085472","577.83km2（境界未定部分あり）","日本","公式ウェブサイト","埼玉県","関東地方","11207-1","58,806人（推計人口、2021年6月1日）","飯能市、比企郡ときがわ町、児玉郡神川町、秩父郡小鹿野町、皆野町、横瀬町、東秩父村東京都西多摩郡奥多摩町山梨県：甲州市、山梨市、北都留郡丹波山村長野県南佐久郡川上村群馬県：藤岡市、多野郡神流町、上野村","1000020112071","102人/km2","シバザクラ","北堀篤","カエデ","","","","",""
"長瀞町","[長瀞（埼玉県）] ","https://ja.wikipedia.org/wiki/長瀞町","新日本観光地100選","https://ja.wikipedia.org/wiki/新日本観光地100選","箇条書き,制限あり","北緯36度6分53.3秒東経139度6分35秒","〒369-1304埼玉県秩父郡長瀞町大字本野上1035番地北緯36度6分53.3秒東経139度6分35秒﻿ / ﻿北緯36.114806度 東経139.10972度﻿ /36.114806; 139.10972","30.43km2","日本","公式ウェブサイト","埼玉県","関東地方","11363-8","6,608人（推計人口、2021年6月1日）","本庄市、秩父郡皆野町、児玉郡美里町、大里郡寄居町","3000020113638","217人/km2","","","","","秩父郡","","サクラ",""
"久慈郡","[奥久慈（茨城県・福島県）] 久慈郡 （くじぐん）は、 茨城県 （ 常陸国 ）の 郡 。","https://ja.wikipedia.org/wiki/久慈郡","新日本観光地100選","https://ja.wikipedia.org/wiki/新日本観光地100選","箇条書き,制限あり","","","","","","","","","","","","","","","","","","","",""
"水戸市","[水戸（茨城県）] ","https://ja.wikipedia.org/wiki/水戸市","新日本観光地100選","https://ja.wikipedia.org/wiki/新日本観光地100選","箇条書き,制限あり","北緯36度21分57秒東経140度28分16.5秒","〒310-8610茨城県水戸市中央一丁目4番1号北緯36度21分57秒東経140度28分16.5秒﻿ / ﻿北緯36.36583度 東経140.471250度﻿ /36.36583; 140.471250","217.32km2（境界未定部分あり）","日本","公式ウェブサイト","茨城県","関東地方","08201-5","268,993人（推計人口、2021年6月1日）","ひたちなか市、笠間市、那珂市、東茨城郡城里町、大洗町、茨城町","4000020082015","1,238人/km2","ハギ（1991年4月1日制定）","高橋靖","ウメ（1991年4月1日制定）","","","市の鳥：ハクセキレイ（1991年4月1日制定）市の歌：水戸市歌（1959年11月3日制定、西条八十作詞、古関裕而作曲）","",""
"湘南海岸","[湘南海岸（神奈川県）] 湘南海岸 （しょうなんかいがん）は、 神奈川県 の 湘南 と呼称されている地域のうち 茅ヶ崎市 から 鎌倉市 にある沿岸地域・海岸。","https://ja.wikipedia.org/wiki/湘南海岸","新日本観光地100選","https://ja.wikipedia.org/wiki/新日本観光地100選","箇条書き,制限あり","","","","","","","","","","","","","","","","","","","",""
"大洗町","[大洗（茨城県）] ","https://ja.wikipedia.org/wiki/大洗町","新日本観光地100選","https://ja.wikipedia.org/wiki/新日本観光地100選","箇条書き,制限あり","北緯36度18分48秒東経140度34分29.5秒","〒311-1392茨城県東茨城郡大洗町磯浜町6881-275北緯36度18分48秒東経140度34分29.5秒﻿ / ﻿北緯36.31333度 東経140.574861度﻿ /36.31333; 140.574861","23.74km2","日本","公式ウェブサイト","茨城県","関東地方","08309-7","15,592人（推計人口、2021年6月1日）","水戸市、ひたちなか市、鉾田市、東茨城郡茨城町","2000020083097","657人/km2","","","","","東茨城郡","町の鳥 :かもめイメージキャラクター :アライッペ","つつじ",""
"横浜市","[横浜（神奈川県）] ","https://ja.wikipedia.org/wiki/横浜市","新日本観光地100選","https://ja.wikipedia.org/wiki/新日本観光地100選","箇条書き,制限あり","北緯35度27分01.2秒東経139度38分03.2秒","〒231-0005神奈川県横浜市中区本町6丁目50番地の10北緯35度27分01.2秒東経139度38分03.2秒﻿ / ﻿北緯35.450333度 東経139.634222度﻿ /35.450333; 139.634222座標:北緯35度27分01.2秒東経139度38分03.2秒﻿ / ﻿北緯35.450333度 東経139.634222度﻿ /35.450333; 139.634222横浜市本庁舎外観市庁舎位置","437.56km2","日本","公式ウェブサイト","神奈川県","関東地方","14100-3","3,779,890人（推計人口、2021年6月1日）","川崎市藤沢市大和市横須賀市鎌倉市逗子市東京都町田市","3000020141003","8,639人/km2","バラ","林文子","イチョウ、ケヤキ、サザンカ、サンゴジュ、シイ、ツバキ","","","","",""
"箱根町","[箱根（神奈川県）] ","https://ja.wikipedia.org/wiki/箱根町","新日本観光地100選","https://ja.wikipedia.org/wiki/新日本観光地100選","箇条書き,制限あり","北緯35度13分56.5秒東経139度6分25秒","〒250-0398神奈川県足柄下郡箱根町湯本256番地北緯35度13分56.5秒東経139度6分25秒﻿ / ﻿北緯35.232361度 東経139.10694度﻿ /35.232361; 139.10694座標:北緯35度13分56.5秒東経139度6分25秒﻿ / ﻿北緯35.232361度 東経139.10694度﻿ /35.232361; 139.10694町庁舎位置","92.86km2","日本","公式ウェブサイト","神奈川県","関東地方","14382-1","11,317人（推計人口、2021年6月1日）","小田原市、南足柄市、足柄下郡湯河原町静岡県：御殿場市、裾野市、三島市、駿東郡小山町、田方郡函南町","7000020143821","122人/km2","","","","","足柄下郡","","ハコネバラ",""
"鎌倉市","[鎌倉（神奈川県）] ","https://ja.wikipedia.org/wiki/鎌倉市","新日本観光地100選","https://ja.wikipedia.org/wiki/新日本観光地100選","箇条書き,制限あり","北緯35度19分9.3秒東経139度32分48.1秒","〒248-8686神奈川県鎌倉市御成町18番10号北緯35度19分9.3秒東経139度32分48.1秒﻿ / ﻿北緯35.319250度 東経139.546694度﻿ /35.319250; 139.546694﻿ (鎌倉市)座標:北緯35度19分9.3秒東経139度32分48.1秒﻿ / ﻿北緯35.319250度 東経139.546694度﻿ /35.319250; 139.546694﻿ (鎌倉市)","39.67km2","日本","公式ウェブサイト","神奈川県","関東地方","14204-2","172,792人（推計人口、2021年6月1日）","横浜市、逗子市、藤沢市","3000020142042","4,356人/km2","リンドウ","松尾崇","ヤマザクラ","","","-","",""
"常陸太田市","[常陸太田（茨城県）] ","https://ja.wikipedia.org/wiki/常陸太田市","新日本観光地100選","https://ja.wikipedia.org/wiki/新日本観光地100選","箇条書き,制限あり","北緯36度32分17.8秒東経140度31分51.3秒","〒313-8611茨城県常陸太田市金井町3690北緯36度32分17.8秒東経140度31分51.3秒﻿ / ﻿北緯36.538278度 東経140.530917度﻿ /36.538278; 140.530917座標:北緯36度32分17.8秒東経140度31分51.3秒﻿ / ﻿北緯36.538278度 東経140.530917度﻿ /36.538278; 140.530917","371.99km2","日本","公式ウェブサイト","茨城県","関東地方","08212-1","47,275人（推計人口、2021年6月1日）","高萩市、日立市、常陸大宮市、那珂市、久慈郡大子町福島県：東白川郡矢祭町、塙町","5000020082121","127人/km2","ヤマブキ","大久保太一","ケヤキ","","","","",""
"銚子市","[銚子・犬吠埼（千葉県）] ","https://ja.wikipedia.org/wiki/銚子市","新日本観光地100選","https://ja.wikipedia.org/wiki/新日本観光地100選","箇条書き,制限あり","北緯35度44分4.7秒東経140度49分36.4秒","〒288-8601千葉県銚子市若宮町1番地1北緯35度44分4.7秒東経140度49分36.4秒﻿ / ﻿北緯35.734639度 東経140.826778度﻿ /35.734639; 140.826778","84.20km2","日本","公式ウェブサイト","千葉県","関東地方","12202-5","56,995人（推計人口、2021年6月1日）","旭市香取郡：東庄町茨城県：神栖市","6000020122025","677人/km2","オオマツヨイグサ","越川信一","サザンカ","","","","",""
"草津町","[草津・白根（群馬県）] ","https://ja.wikipedia.org/wiki/草津町","新日本観光地100選","https://ja.wikipedia.org/wiki/新日本観光地100選","箇条書き,制限あり","北緯36度37分14.5秒東経138度35分45.9秒","〒377-1792群馬県吾妻郡草津町大字草津28番地北緯36度37分14.5秒東経138度35分45.9秒﻿ / ﻿北緯36.620694度 東経138.596083度﻿ /36.620694; 138.596083座標:北緯36度37分14.5秒東経138度35分45.9秒﻿ / ﻿北緯36.620694度 東経138.596083度﻿ /36.620694; 138.596083","49.75km2（境界未定部分あり）","日本","公式ウェブサイト","群馬県","関東地方","10426-4","6,093人（推計人口、2021年6月1日）","吾妻郡長野原町、中之条町、嬬恋村長野県：上高井郡高山村","4000020104264","122人/km2","","","","","吾妻郡","","シャクナゲ",""
"富士五湖","[富士五湖（山梨県）] 富士五湖 （ ふじごこ ）は、 山梨県 側の 富士山 麓に位置する5つの 湖 の総称。下記の5つの湖を指す。 富士急行 の創設者である 堀内良平 によって命名された  。","https://ja.wikipedia.org/wiki/富士五湖","新日本観光地100選","https://ja.wikipedia.org/wiki/新日本観光地100選","箇条書き,制限あり","","","","","","","","","","","","","","","","","","","",""
"金峰山 (山梨県・長野県)","[御岳・昇仙峡（山梨県）] 金峰山 （きんぷさん/きんぽうざん）は、 山梨県 甲府市 と 長野県 南佐久郡 川上村 の境界にある標高2,599 m の 山 である。別名「 甲州御岳山 」  。","https://ja.wikipedia.org/wiki/金峰山_(山梨県・長野県)","新日本観光地100選","https://ja.wikipedia.org/wiki/新日本観光地100選","箇条書き,制限あり","北緯35度52分17秒東経138度37分31秒","山梨県甲府市長野県南佐久郡川上村","","","","","","","","","","","","","","北緯35度52分17秒東経138度37分31秒﻿ / ﻿北緯35.87139度 東経138.62528度﻿ /35.87139; 138.62528座標:北緯35度52分17秒東経138度37分31秒﻿ / ﻿北緯35.87139度 東経138.62528度﻿ /35.87139; 138.62528","","","","2,599m"
"石和温泉","[石和温泉（山梨県）] 石和温泉 （いさわおんせん）は、 山梨県 笛吹市 の旧 東八代郡 石和町 地域にある 温泉 。石和温泉に隣接する形で、同市の旧 東山梨郡 春日居町 地域にある 春日居温泉 と合わせて、 石和・春日居温泉郷 を形成する。","https://ja.wikipedia.org/wiki/石和温泉","新日本観光地100選","https://ja.wikipedia.org/wiki/新日本観光地100選","箇条書き,制限あり","北緯35度39分28.3秒東経138度38分45.6秒","山梨県笛吹市","","","","","","","","","","","","","","","","","",""
"清里高原","[清里・八ヶ岳（山梨県・長野県）] 清里高原 （きよさとこうげん）は、 山梨県 北杜市 高根町に広がる 高原 である。 八ヶ岳 の南東麓に広がる 観光地 として有名である。","https://ja.wikipedia.org/wiki/清里高原","新日本観光地100選","https://ja.wikipedia.org/wiki/新日本観光地100選","箇条書き,制限あり","","","","","","","","","","","","","","","","","","","",""
"松本市","[松本（長野県）] ","https://ja.wikipedia.org/wiki/松本市","新日本観光地100選","https://ja.wikipedia.org/wiki/新日本観光地100選","箇条書き,制限あり","北緯36度14分16.8秒東経137度58分19.1秒","〒390-8620長野県松本市丸の内3番7号北緯36度14分16.8秒東経137度58分19.1秒﻿ / ﻿北緯36.238000度 東経137.971972度﻿ /36.238000; 137.971972座標:北緯36度14分16.8秒東経137度58分19.1秒﻿ / ﻿北緯36.238000度 東経137.971972度﻿ /36.238000; 137.971972松本市役所庁舎","978.47km2","日本","公式ウェブサイト","長野県","中部地方、甲信越地方、信越地方","20202-9","238,971人（推計人口、2021年6月1日）","塩尻市、安曇野市、大町市、岡谷市、上田市、諏訪郡下諏訪町、東筑摩郡山形村、朝日村、筑北村、小県郡長和町、青木村、木曽郡木曽町、木祖村岐阜県高山市","2000020202029","244人/km2","れんげつつじ","臥雲義尚","あかまつ","","","","",""
"諏訪地域","[諏訪温泉（長野県）] 諏訪地域 （すわちいき）は、 長野県 南信地方 の 諏訪市 、 岡谷市 、 茅野市 を中心とした地域。県を10地域に分ける時に用いられる  。旧 諏訪郡 全体と一致している。","https://ja.wikipedia.org/wiki/諏訪地域","新日本観光地100選","https://ja.wikipedia.org/wiki/新日本観光地100選","箇条書き,制限あり","","","","","","","","","","","","","","","","","","","",""
"赤石山脈","[南アルプス（山梨県・長野県）] 赤石山脈 （あかいしさんみゃく）は、 長野県 、 山梨県 、 静岡県 に跨って連なる 山脈 。通称 南アルプス とも呼ばれ、 飛驒山脈 （北アルプス）、 木曽山脈 （中央アルプス）と共に 日本アルプス と呼ばれることもある。","https://ja.wikipedia.org/wiki/赤石山脈","新日本観光地100選","https://ja.wikipedia.org/wiki/新日本観光地100選","箇条書き,制限あり","北緯35度40分30秒東経138度14分19秒","日本長野県・山梨県・静岡県","","","","","","","","","","","","","","北緯35度40分30秒東経138度14分19秒﻿ / ﻿北緯35.67500度 東経138.23861度﻿ /35.67500; 138.23861","","","",""
"美ヶ原","[美ヶ原高原（長野県）] 美ヶ原 （うつくしがはら）は、 八ヶ岳中信高原国定公園 北西部にある 長野県 松本市 、 上田市 、 小県郡 長和町 にまたがる 高原 。 日本百名山 の一つ。","https://ja.wikipedia.org/wiki/美ヶ原","新日本観光地100選","https://ja.wikipedia.org/wiki/新日本観光地100選","箇条書き,制限あり","北緯36度13分32.8685秒東経138度6分26.7915秒","長野県松本市・上田市・小県郡長和町","","","","","","","","","","","","","","北緯36度13分32.8685秒東経138度6分26.7915秒﻿ / ﻿北緯36.225796806度 東経138.107442083度﻿ /36.225796806; 138.107442083","","","","2034.34（王ヶ頭）m"
"乾徳山","[乾徳山・西沢渓谷（山梨県）] 乾徳山 （けんとくさん）は、 山梨県 山梨市 にある標高2,031mの 山 で、 奥秩父 の山域にある。","https://ja.wikipedia.org/wiki/乾徳山","新日本観光地100選","https://ja.wikipedia.org/wiki/新日本観光地100選","箇条書き,制限あり","北緯35度49分23秒東経138度42分54秒","山梨県山梨市","","","","","","","","","","","","","","北緯35度49分23秒東経138度42分54秒﻿ / ﻿北緯35.82306度 東経138.71500度﻿ /35.82306; 138.71500","","","","2,031m"
"安曇野","[安曇野（長野県）] 安曇野 （ 現代仮名遣い :あずみの、 歴史的仮名遣い :あづみの）は、 長野県 中部（ 中信地方 ）にある 松本盆地 のうち、 梓川 ・ 犀川 の西岸（押野崎以南）から 高瀬川 流域の最南部にかけて広がる扇状地全体を総括している。","https://ja.wikipedia.org/wiki/安曇野","新日本観光地100選","https://ja.wikipedia.org/wiki/新日本観光地100選","箇条書き,制限あり","","","","","","","","","","","","","","","","","","","",""
"上高地","[上高地・北アルプス（長野県・岐阜県）] 上高地 （かみこうち）とは、 長野県 西部の 飛騨山脈 南部の 梓川 上流の 景勝地 である。 中部山岳国立公園 の一部ともなっており、国の 文化財 （ 特別名勝 ・ 特別天然記念物 ）に指定されている。 標高 約1,500 m 。全域が 松本市 に属する。「かみこうち」の名称は本来「神垣内」の 漢字 表記だが、後に現在の「上高地」の漢字表記が一般的となった。「神垣内」とは、 穂高神社 の祭神・「 穂高見命 」（ほたかみのみこと）が穂高岳に降臨し、この地（穂高神社奥宮と 明神池 ）で祀られていることに由来する。","https://ja.wikipedia.org/wiki/上高地","新日本観光地100選","https://ja.wikipedia.org/wiki/新日本観光地100選","箇条書き,制限あり","","","","","","","","","","","","","","","","","","","",""
"軽井沢","[軽井沢（長野県）] 軽井沢 （かるいざわ）は、 長野県 東信地方 の 佐久地域 にある地名である。一般的に長野県 北佐久郡 軽井沢町 の 旧軽井沢 地区（ ウィキ座標 、 旧軽井沢メインストリート も参照）、あるいは軽井沢町全体を指す。日本有数の 避暑地 で、 リゾートホテル や ペンション 、 別荘 、 保養所 などが多数存在する。","https://ja.wikipedia.org/wiki/軽井沢","新日本観光地100選","https://ja.wikipedia.org/wiki/新日本観光地100選","箇条書き,制限あり","","","","","","","","","","","","","","","","","","","",""
"佐渡島","[佐渡（新潟県）] 佐渡島 （さどがしま    、さどしま   ）は、 新潟県 西方沖に位置する 島 。全域が 新潟県 佐渡市 に属し、 佐渡弥彦米山国定公園 、 佐渡ジオパーク に含まれる。 人口 は52,135人（2020年5月1日現在）。","https://ja.wikipedia.org/wiki/佐渡島","新日本観光地100選","https://ja.wikipedia.org/wiki/新日本観光地100選","箇条書き,制限あり","北緯38度2分0秒東経138度22分0秒","日本（新潟県）","854.76km²","","","","","","","","","","","","","","","","",""
"日本平","[日本平（静岡県）] 日本平 （にほんだいら）は、 静岡県 静岡市 駿河区 と 清水区 の境界にある 丘陵 地、および 景勝地 である。名称は 日本武尊 （やまとたけるのみこと）伝説に由来する。","https://ja.wikipedia.org/wiki/日本平","新日本観光地100選","https://ja.wikipedia.org/wiki/新日本観光地100選","箇条書き,制限あり","北緯34度58分25.582秒東経138度27分56.664秒","日本静岡県静岡市駿河区・清水区","","","","","","","","","","","","","","北緯34度58分25.582秒東経138度27分56.664秒﻿ / ﻿北緯34.97377278度 東経138.46574000度﻿ /34.97377278; 138.46574000座標:北緯34度58分25.582秒東経138度27分56.664秒﻿ / ﻿北緯34.97377278度 東経138.46574000度﻿ /34.97377278; 138.46574000","","","","307m"
"三保の松原","[三保の松原（静岡県）] 三保松原 （みほのまつばら）は、 静岡県 静岡市 清水区 の 三保半島 にある景勝地。その美しさから 日本新三景 （ 大沼 、三保の松原、 耶馬溪 ）、 日本三大松原 （三保の松原、 虹の松原 、 気比の松原 ）のひとつとされ、国の 名勝 に指定されている  。また、 ユネスコ の 世界文化遺産 「 富士山-信仰の対象と芸術の源泉 」の構成資産に登録されている。また、2020年（令和2年）6月19日には、 文化庁 の「 日本遺産 」のストーリー『日本初「旅ブーム」を起こした弥次さん喜多さん、駿州の旅～滑稽本と浮世絵が描く東海道旅のガイドブック（道中記）～』の構成文化財の1つに認定された  。","https://ja.wikipedia.org/wiki/三保の松原","新日本観光地100選","https://ja.wikipedia.org/wiki/新日本観光地100選","箇条書き,制限あり","","","","","","","","","","","","","","","","","","","",""
"高山市","[飛騨高山（岐阜県）] ","https://ja.wikipedia.org/wiki/高山市","新日本観光地100選","https://ja.wikipedia.org/wiki/新日本観光地100選","箇条書き,制限あり","北緯36度8分45.7秒東経137度15分7.8秒","〒506-8555岐阜県高山市花岡町二丁目18番地北緯36度8分45.7秒東経137度15分7.8秒﻿ / ﻿北緯36.146028度 東経137.252167度﻿ /36.146028; 137.252167座標:北緯36度8分45.7秒東経137度15分7.8秒﻿ / ﻿北緯36.146028度 東経137.252167度﻿ /36.146028; 137.252167","2,177.61km2","日本","公式ウェブサイト","岐阜県","中部地方、東海地方","21203-2","83,637人（推計人口、2021年5月1日）","飛騨市、郡上市、下呂市、大野郡白川村長野県：大町市、松本市、木曽郡木曽町富山県富山市石川県白山市福井県大野市","6000020212032","38.4人/km2","こばのみつばつつじ","國島芳明","いちい","","","","",""
"富士山","[富士山（静岡県・山梨県）] 富士山 （ふじさん、 英語 : Mount Fuji ）は、 山梨県 （ 富士吉田市 、 南都留郡 鳴沢村 ）と、 静岡県 （ 富士宮市 、 裾野市 、 富士市 、 御殿場市 、 駿東郡 小山町 ）に跨る 活火山 である  。 標高 3776.12 m 、 日本最高峰 （ 剣ヶ峰 ）  の 独立峰 で、その優美な風貌は日本国外でも 日本 の 象徴 として広く知られている。数多くの芸術作品の題材とされ芸術面のみならず、気候や地層など地質学的にも社会的に大きな影響を与えている。懸垂曲線の山容を有した玄武岩質成層火山で構成され、その山体は 駿河湾 の海岸まで及ぶ。","https://ja.wikipedia.org/wiki/富士山","新日本観光地100選","https://ja.wikipedia.org/wiki/新日本観光地100選","箇条書き,制限あり","北緯35度21分45秒東経138度43分50秒","日本静岡県富士宮市裾野市富士市御殿場市駿東郡小山町山梨県富士吉田市南都留郡鳴沢村","","","","","","","","","","","","","","北緯35度21分45秒東経138度43分50秒﻿ / ﻿北緯35.3625度 東経138.7306度﻿ /35.3625; 138.7306座標:北緯35度21分45秒東経138度43分50秒﻿ / ﻿北緯35.3625度 東経138.7306度﻿ /35.3625; 138.7306","","","","3,776.12m"
"伊東温泉","[伊東温泉（静岡県）] 伊東温泉 （いとうおんせん）は、 静岡県 伊東市 （旧国 伊豆国 ）にある 温泉 。 ハトヤホテル のCMで全国的に有名である。","https://ja.wikipedia.org/wiki/伊東温泉","新日本観光地100選","https://ja.wikipedia.org/wiki/新日本観光地100選","箇条書き,制限あり","北緯34度59分25秒東経139度05分02秒","静岡県伊東市","","","伊東市・伊東観光協会","","","","","","","","","","","","","","",""
"白川郷","[白川郷（岐阜県）] 白川郷 （しらかわごう）は、 岐阜県 内の 庄川 流域の呼称である。","https://ja.wikipedia.org/wiki/白川郷","新日本観光地100選","https://ja.wikipedia.org/wiki/新日本観光地100選","箇条書き,制限あり","","","","","","","","","","","","","","","","","","","",""
"奥飛騨温泉郷","[奥飛騨温泉郷（岐阜県）] 奥飛騨温泉郷 （おくひだおんせんごう）は、 岐阜県 高山市 （旧国 飛騨国 ）にある5つの 温泉 の総称（ 温泉郷 ）である。 平湯温泉 、 福地温泉 、 新平湯温泉 、 栃尾温泉 、 新穂高温泉 から構成されている。","https://ja.wikipedia.org/wiki/奥飛騨温泉郷","新日本観光地100選","https://ja.wikipedia.org/wiki/新日本観光地100選","箇条書き,制限あり","","","","","","","","","","","","","","","","","","","",""
"犬山市","[犬山・明治村・日本ライン（愛知県・岐阜県）] ","https://ja.wikipedia.org/wiki/犬山市","新日本観光地100選","https://ja.wikipedia.org/wiki/新日本観光地100選","箇条書き,制限あり","北緯35度22分43秒東経136度56分40.2秒","〒484-8501愛知県犬山市大字犬山字東畑36北緯35度22分43秒東経136度56分40.2秒﻿ / ﻿北緯35.37861度 東経136.944500度﻿ /35.37861; 136.944500座標:北緯35度22分43秒東経136度56分40.2秒﻿ / ﻿北緯35.37861度 東経136.944500度﻿ /35.37861; 136.944500","74.90km2","日本","公式ウェブサイト","愛知県","中部地方、東海地方","23215-7","72,696人（推計人口、2021年5月1日）","春日井市、小牧市、丹羽郡大口町、扶桑町岐阜県：多治見市、各務原市、可児市、加茂郡坂祝町","3000020232157","971人/km2","サクラ","山田拓郎","カナメモチ","","","なし","",""
"寸又峡","[寸又峡（静岡県）] 寸又峡 （すまたきょう）は 静岡県 中部、 川根本町 にある 大井川 支流、 寸又川 の 峡谷 。全長16kmで、比高は100mに達する。","https://ja.wikipedia.org/wiki/寸又峡","新日本観光地100選","https://ja.wikipedia.org/wiki/新日本観光地100選","箇条書き,制限あり","","","","","","","","","","","","","","","","","","","",""
"御前崎","[御前崎（静岡県）] 御前崎 （おまえざき）は、 静岡県 御前崎市 御前崎に属し、東に 駿河湾 を、南に 遠州灘 を望む 岬 。静岡県では島嶼を除けば最南端である。","https://ja.wikipedia.org/wiki/御前崎","新日本観光地100選","https://ja.wikipedia.org/wiki/新日本観光地100選","箇条書き,制限あり","","","","日本","","静岡県","","","","","","","","","","","","","",""
"熱海温泉","[熱海温泉（静岡県）] 熱海温泉 （あたみおんせん）は、 静岡県 熱海市 にある 温泉 である。日本の 三大温泉 の一つとも言われる。","https://ja.wikipedia.org/wiki/熱海温泉","新日本観光地100選","https://ja.wikipedia.org/wiki/新日本観光地100選","箇条書き,制限あり","北緯35度06分04秒東経139度04分01秒","静岡県熱海市","","","熱海市観光協会","","","","","","","","","","","","","","",""
"伊勢市","[伊勢・二見（三重県）] ","https://ja.wikipedia.org/wiki/伊勢市","新日本観光地100選","https://ja.wikipedia.org/wiki/新日本観光地100選","箇条書き,制限あり","北緯34度29分15秒東経136度42分33.5秒","〒516-0037三重県伊勢市岩渕一丁目7番29号北緯34度29分15秒東経136度42分33.5秒﻿ / ﻿北緯34.48750度 東経136.709306度﻿ /34.48750; 136.709306座標:北緯34度29分15秒東経136度42分33.5秒﻿ / ﻿北緯34.48750度 東経136.709306度﻿ /34.48750; 136.709306市庁舎位置","208.35km2","日本","公式ウェブサイト","三重県","東海地方、近畿地方","24203-9","122,738人（推計人口、2021年1月1日）","鳥羽市、志摩市、度会郡南伊勢町、度会町、玉城町、多気郡明和町","5000020242039","589人/km2","オヤネザクラ","鈴木健一","オガタマノキ","","","","",""
"金沢市","[金沢（石川県）] ","https://ja.wikipedia.org/wiki/金沢市","新日本観光地100選","https://ja.wikipedia.org/wiki/新日本観光地100選","箇条書き,制限あり","北緯36度33分39.8秒東経136度39分23.4秒","〒920-8577石川県金沢市広坂一丁目1番1号北緯36度33分39.8秒東経136度39分23.4秒﻿ / ﻿北緯36.561056度 東経136.656500度﻿ /36.561056; 136.656500座標:北緯36度33分39.8秒東経136度39分23.4秒﻿ / ﻿北緯36.561056度 東経136.656500度﻿ /36.561056; 136.656500","468.64km2","日本","公式ウェブサイト","石川県","中部地方、北陸地方","17201-4","462,628人（推計人口、2021年6月1日）","白山市、野々市市、河北郡津幡町、内灘町富山県：小矢部市、南砺市","4000020172014","987人/km2","花菖蒲サルビア四季咲きベゴニアインパチェンスゼラニウム（すべて推奨花）","山野之義","梅","","","","",""
"能登半島","[能登半島（石川県）] 能登半島 （のとはんとう）とは、 北陸地方 の中央付近から 日本海 へ北に向けて突き出した 半島 である。日本における日本海側海岸線で最も突出面積が大きい半島である。 近世 以前は、多くが 能登国 であったため、こう呼ばれる。","https://ja.wikipedia.org/wiki/能登半島","新日本観光地100選","https://ja.wikipedia.org/wiki/新日本観光地100選","箇条書き,制限あり","北緯37度15分23.6秒東経136度52分43.1秒","","","","","","","","","","","","","","","","","","",""
"氷見市","[氷見（富山県）] ","https://ja.wikipedia.org/wiki/氷見市","新日本観光地100選","https://ja.wikipedia.org/wiki/新日本観光地100選","箇条書き,制限あり","北緯36度51分24秒東経136度58分23秒","〒935-8686富山県氷見市鞍川1060番地北緯36度51分24秒東経136度58分23秒﻿ / ﻿北緯36.85667度 東経136.97306度﻿ /36.85667; 136.97306","230.56km2","日本","公式ウェブサイト","富山県","中部地方、北陸地方","16205-1","43,347人（推計人口、2021年6月1日）","高岡市石川県：七尾市、羽咋市、羽咋郡宝達志水町、鹿島郡中能登町","9000020162051","188人/km2","ユリ","林正之","ツツジ","","","","",""
"和倉温泉","[和倉温泉（石川県）] 和倉温泉 （わくらおんせん）は、 石川県 七尾市 に位置する 温泉 である。","https://ja.wikipedia.org/wiki/和倉温泉","新日本観光地100選","https://ja.wikipedia.org/wiki/新日本観光地100選","箇条書き,制限あり","北緯37度5分12秒東経136度55分6秒","石川県七尾市和倉町和倉温泉石川県の地図を表示和倉温泉日本の地図を表示","","","和倉温泉～わくらづくし～（和倉温泉観光協会HP）","","","","","","","","","","","","","","",""
"立山","[立山（富山県）] 立山 （たてやま）は、 日本 の 飛騨山脈 （北アルプス）北部、 中部山岳国立公園 を代表する雄大な群峰・連峰群である  。 立山連峰 と 後立山連峰 からなる複列連峰である。特に、立山連峰では、雄峰立山七十二峰八千八谷と謳われ、古来より信仰  の対象として神々が宿る精神的な山々の空間を 立山 と称した。仏教観の 須弥山 。古くは多知夜麻（たちやま）とも立山（りゅうさん・りゅうせん）とも称された。国文学表現の植(う)うる剣とも太刀の峯とも謳われる。","https://ja.wikipedia.org/wiki/立山","新日本観光地100選","https://ja.wikipedia.org/wiki/新日本観光地100選","箇条書き,制限あり","北緯36度34分33秒東経137度37分11秒","富山県中新川郡立山町芦峅寺","","","","","","","","","","","","","","北緯36度34分33秒東経137度37分11秒﻿ / ﻿北緯36.57583度 東経137.61972度﻿ /36.57583; 137.61972","","","","3,015m"
"黒部峡谷","[黒部峡谷（富山県）] 黒部峡谷 （くろべきょうこく）は、 富山県 黒部市 、 黒部川 中流 - 上流にある 峡谷 （ V字谷 ）である。 飛騨山脈 北部を 立山連峰 と 後立山連峰 に分断する大規模な峡谷で、国の 特別天然記念物 （天然保護区域）及び 特別名勝 指定。 中部山岳国立公園 に含まれる。 清津渓谷 、 大杉谷 とともに 日本三大渓谷 に選定され、また 日本の秘境百選 の一つにも挙げられている。","https://ja.wikipedia.org/wiki/黒部峡谷","新日本観光地100選","https://ja.wikipedia.org/wiki/新日本観光地100選","箇条書き,制限あり","","","","","","","","","","","","","","","","","","","",""
"五箇山","[五箇山（富山県）] 五箇山 （ごかやま）は、 富山県 の南西端にある 南砺市 の旧 平村 、旧 上平村 、旧 利賀村 を合わせた地域を指す。","https://ja.wikipedia.org/wiki/五箇山","新日本観光地100選","https://ja.wikipedia.org/wiki/新日本観光地100選","箇条書き,制限あり","","","","","","","","","","","","","","","","","","","",""
"武生市","[武生（福井県）] 武生市 （たけふし）は、かつて 福井県 中部にあった 市 。 福井市 に次いで福井県第2の人口を有していた。","https://ja.wikipedia.org/wiki/武生市","新日本観光地100選","https://ja.wikipedia.org/wiki/新日本観光地100選","箇条書き,制限あり","北緯35度54分12秒東経136度10分07秒","〒915-8530福井県武生市府中1丁目13-7（現在の越前市府中1丁目13-7）","185.32km2","日本","","福井県","中部地方、北陸地方","18203-6","74,068人（2004年3月1日）","鯖江市・今立町・池田町南越前町・越前町","","","キク","","タケ","","","-","",""
"姫路市","[姫路（兵庫県）] ","https://ja.wikipedia.org/wiki/姫路市","新日本観光地100選","https://ja.wikipedia.org/wiki/新日本観光地100選","箇条書き,制限あり","北緯34度48分54.6秒東経134度41分7.4秒","〒670-8501兵庫県姫路市安田四丁目1番地北緯34度48分54.6秒東経134度41分7.4秒﻿ / ﻿北緯34.815167度 東経134.685389度﻿ /34.815167; 134.685389座標:北緯34度48分54.6秒東経134度41分7.4秒﻿ / ﻿北緯34.815167度 東経134.685389度﻿ /34.815167; 134.685389市庁舎位置","534.48km2","日本","www.city.himeji.lg.jp","兵庫県","近畿地方","28201-4","528,581人（推計人口、2021年6月1日）","加古川市、高砂市、加西市、たつの市、宍粟市、揖保郡太子町、神崎郡福崎町、神河町、市川町（海上で隣接）相生市、赤穂市香川県：小豆郡小豆島町岡山県：備前市","1000020282014","989人/km2","サギソウ","清元秀泰","カシ","","","","",""
"京都市","[京都（京都府）] ","https://ja.wikipedia.org/wiki/京都市","新日本観光地100選","https://ja.wikipedia.org/wiki/新日本観光地100選","箇条書き,制限あり","北緯35度0分41.8秒東経135度46分5.2秒","〒604-8571京都府京都市中京区寺町通御池上る上本能寺前町488番地北緯35度0分41.8秒東経135度46分5.2秒﻿ / ﻿北緯35.011611度 東経135.768111度﻿ /35.011611; 135.768111﻿ (京都市)座標:北緯35度0分41.8秒東経135度46分5.2秒﻿ / ﻿北緯35.011611度 東経135.768111度﻿ /35.011611; 135.768111﻿ (京都市)","827.83km2","日本","京都市情報館","京都府","近畿地方","26100-9","1,459,583人（推計人口、2021年6月1日）","宇治市長岡京市南丹市亀岡市向日市八幡市乙訓郡大山崎町久世郡久御山町滋賀県大津市高島市大阪府高槻市三島郡島本町","2000020261009","1,763人/km2","ツバキツツジサトザクラ","門川大作","シダレヤナギタカオカエデカツラ","","","","",""
"生駒山","[生駒山（大阪府・奈良県）] 生駒山 （いこまやま・いこまさん）は、 奈良県 生駒市 と 大阪府 東大阪市 との県境にある 標高 642mの 山 。 生駒山地 の主峰である。","https://ja.wikipedia.org/wiki/生駒山","新日本観光地100選","https://ja.wikipedia.org/wiki/新日本観光地100選","箇条書き,制限あり","北緯34度40分42.4533秒東経135度40分44.3796秒","奈良県生駒市菜畑町大阪府東大阪市山手町","","","","","","","","","","","","","","北緯34度40分42.4533秒東経135度40分44.3796秒﻿ / ﻿北緯34.678459250度 東経135.678994333度﻿ /34.678459250; 135.678994333座標:北緯34度40分42.4533秒東経135度40分44.3796秒﻿ / ﻿北緯34.678459250度 東経135.678994333度﻿ /34.678459250; 135.678994333","","","","641.99m"
"串本町","[串本（和歌山県）] ","https://ja.wikipedia.org/wiki/串本町","新日本観光地100選","https://ja.wikipedia.org/wiki/新日本観光地100選","箇条書き,制限あり","北緯33度28分21秒東経135度46分53.3秒","〒649-3592和歌山県東牟婁郡串本町串本1800番地北緯33度28分21秒東経135度46分53.3秒﻿ / ﻿北緯33.47250度 東経135.781472度﻿ /33.47250; 135.781472﻿ (串本町)座標:北緯33度28分21秒東経135度46分53.3秒﻿ / ﻿北緯33.47250度 東経135.781472度﻿ /33.47250; 135.781472﻿ (串本町)","135.67km2（境界未定部分あり）","日本","公式ウェブサイト","和歌山県","近畿地方","30428-0","14,803人（推計人口、2021年6月1日）","東牟婁郡古座川町、那智勝浦町、西牟婁郡すさみ町","9000020304280","109人/km2","","","","","東牟婁郡","","モチノキ",""
"南紀白浜温泉","[白浜温泉（和歌山県）] 南紀白浜温泉 （なんきしらはまおんせん）、もしくは 白浜温泉 （しらはまおんせん）は 和歌山県 西牟婁郡 白浜町 にある 温泉 である。かつては 熱海温泉 、 別府温泉 と並んで「日本三大温泉」と言われていた。温泉として非常に歴史が古く、 日本三古湯 のひとつに数えられ、古い文献では 牟婁の湯 と呼ばれていた。広義での白浜は 温泉郷 であり、さらに湯崎、大浦、古賀浦、綱不知、白浜、更に近年は東白浜、新白浜を加え7ヶ所の温泉地に細分できる。 白良浜 を中心に海岸沿いに温泉施設、宿泊施設が広がっており、周辺には多くの観光地もあるリゾートとなっている。 紀勢自動車道 の 南紀白浜インターチェンジ や 南紀白浜空港 もあり遠方からの交通の便もよい。","https://ja.wikipedia.org/wiki/南紀白浜温泉","新日本観光地100選","https://ja.wikipedia.org/wiki/新日本観光地100選","箇条書き,制限あり","北緯33度40分34秒東経135度20分16秒","和歌山県西牟婁郡白浜町南紀白浜温泉和歌山駅和歌山県地図","","","南紀白浜温泉（白浜観光協会）","","","","","","","","","","","","","","",""
"奈良市","[奈良（奈良県）] 〒 630-8580 奈良県奈良市二条大路南一丁目1番1号  .mw-parser-output .geo-default,.mw-parser-output .geo-dms,.mw-parser-output .geo-dec{display:inline}.mw-parser-output .geo-nondefault,.mw-parser-output .geo-multi-punct{display:none}.mw-parser-output .longitude,.mw-parser-output .latitude{white-space:nowrap} 北緯34度41分6秒 東経135度48分17.2秒 ﻿ / ﻿ 北緯34.68500度 東経135.804778度 ﻿ / 34.68500; 135.804778 ﻿ ( 奈良市 ) 座標 : 北緯34度41分6秒 東経135度48分17.2秒 ﻿ / ﻿ 北緯34.68500度 東経135.804778度 ﻿ / 34.68500; 135.804778 ﻿ ( 奈良市 )","https://ja.wikipedia.org/wiki/奈良市","新日本観光地100選","https://ja.wikipedia.org/wiki/新日本観光地100選","箇条書き,制限あり","北緯34度41分6秒東経135度48分17.2秒","〒630-8580奈良県奈良市二条大路南一丁目1番1号北緯34度41分6秒東経135度48分17.2秒﻿ / ﻿北緯34.68500度 東経135.804778度﻿ /34.68500; 135.804778﻿ (奈良市)座標:北緯34度41分6秒東経135度48分17.2秒﻿ / ﻿北緯34.68500度 東経135.804778度﻿ /34.68500; 135.804778﻿ (奈良市)市庁舎位置","276.94km2","日本","公式ウェブサイト","奈良県","近畿地方","29201-0","352,198人（推計人口、2021年6月1日）","生駒市、大和郡山市、天理市、桜井市、宇陀市、山辺郡山添村京都府：木津川市、相楽郡笠置町、精華町、南山城村三重県伊賀市","4000020292010","1,272人/km2","ナラノヤエザクラ","仲川元庸","イチイガシ","","","","",""
"那智勝浦町","[那智・勝浦（和歌山県）] 地理院地図 Google Bing GeoHack MapFan Mapion Yahoo! NAVITIME ゼンリン","https://ja.wikipedia.org/wiki/那智勝浦町","新日本観光地100選","https://ja.wikipedia.org/wiki/新日本観光地100選","箇条書き,制限あり","北緯33度37分33.8秒東経135度56分27.8秒","〒649-5392和歌山県東牟婁郡那智勝浦町大字築地七丁目1番地1北緯33度37分33.8秒東経135度56分27.8秒﻿ / ﻿北緯33.626056度 東経135.941056度﻿ /33.626056; 135.941056﻿ (那智勝浦町)座標:北緯33度37分33.8秒東経135度56分27.8秒﻿ / ﻿北緯33.626056度 東経135.941056度﻿ /33.626056; 135.941056﻿ (那智勝浦町)","183.31km2（境界未定部分あり）","日本","公式ウェブサイト","和歌山県","近畿地方","30421-2","13,984人（推計人口、2021年6月1日）","新宮市、東牟婁郡太地町、串本町、古座川町","3000020304212","76.3人/km2","","","","","東牟婁郡","","ツツジ",""
"紀伊路","[中辺路（和歌山県）] 紀伊路 （きいじ、古くは 紀路 〈きじ〉とも）は、 熊野三山 への参詣道・ 熊野古道 のひとつ。","https://ja.wikipedia.org/wiki/紀伊路","新日本観光地100選","https://ja.wikipedia.org/wiki/新日本観光地100選","箇条書き,制限あり","","","","","","","","","","","","","","","","","","","",""
"神戸市","[神戸（兵庫県）] ","https://ja.wikipedia.org/wiki/神戸市","新日本観光地100選","https://ja.wikipedia.org/wiki/新日本観光地100選","箇条書き,制限あり","北緯34度41分24.6秒東経135度11分43.6秒","〒650-8570兵庫県神戸市中央区加納町六丁目5番1号北緯34度41分24.6秒東経135度11分43.6秒﻿ / ﻿北緯34.690167度 東経135.195444度﻿ /34.690167; 135.195444﻿ (神戸市)座標:北緯34度41分24.6秒東経135度11分43.6秒﻿ / ﻿北緯34.690167度 東経135.195444度﻿ /34.690167; 135.195444﻿ (神戸市)市庁舎位置","557.02km2（境界未定部分あり）","日本","公式ウェブサイト","兵庫県","近畿地方","28100-0","1,522,188人（推計人口、2021年6月1日）","明石市、三木市、三田市、宝塚市、西宮市、芦屋市、加古郡稲美町、淡路市（海上で隣接）","9000020281000","2,733人/km2","アジサイ","久元喜造","サザンカ","","","","",""
"鳥取砂丘","[鳥取砂丘（鳥取県）] 座標 : .mw-parser-output .geo-default,.mw-parser-output .geo-dms,.mw-parser-output .geo-dec{display:inline}.mw-parser-output .geo-nondefault,.mw-parser-output .geo-multi-punct{display:none}.mw-parser-output .longitude,.mw-parser-output .latitude{white-space:nowrap} 北緯35度32分33秒 東経134度13分49秒 ﻿ / ﻿ 北緯35.54250度 東経134.23028度 ﻿ / 35.54250; 134.23028","https://ja.wikipedia.org/wiki/鳥取砂丘","新日本観光地100選","https://ja.wikipedia.org/wiki/新日本観光地100選","箇条書き,制限あり","","","","","","","","","","","","","","","","","","","",""
"岩国市","[岩国（山口県）] ","https://ja.wikipedia.org/wiki/岩国市","新日本観光地100選","https://ja.wikipedia.org/wiki/新日本観光地100選","箇条書き,制限あり","北緯34度9分59.7秒東経132度13分7.8秒","〒740-8585山口県岩国市今津町一丁目14番51号北緯34度9分59.7秒東経132度13分7.8秒﻿ / ﻿北緯34.166583度 東経132.218833度﻿ /34.166583; 132.218833﻿ (岩国市)座標:北緯34度9分59.7秒東経132度13分7.8秒﻿ / ﻿北緯34.166583度 東経132.218833度﻿ /34.166583; 132.218833﻿ (岩国市)市庁舎位置","873.72km2","日本","公式ウェブサイト","山口県","中国地方中国・四国地方","35208-0","128,019人（推計人口、2021年6月1日）","光市、柳井市、周南市、玖珂郡和木町、熊毛郡田布施町広島県：大竹市、廿日市市島根県：益田市、鹿足郡吉賀町","1000020352080","147人/km2","","福田良彦","","","","","",""
"尾道市","[尾道（広島県）] ","https://ja.wikipedia.org/wiki/尾道市","新日本観光地100選","https://ja.wikipedia.org/wiki/新日本観光地100選","箇条書き,制限あり","北緯34度24分32秒東経133度12分18.1秒","〒722-8501広島県尾道市久保一丁目15番1号北緯34度24分32秒東経133度12分18.1秒﻿ / ﻿北緯34.40889度 東経133.205028度﻿ /34.40889; 133.205028座標:北緯34度24分32秒東経133度12分18.1秒﻿ / ﻿北緯34.40889度 東経133.205028度﻿ /34.40889; 133.205028尾道市役所庁舎位置","285.11km2","日本","公式ウェブサイト","広島県","中国地方、山陽地方中国・四国地方","34205-0","129,042人（推計人口、2021年6月1日）","福山市、三原市、府中市、世羅郡世羅町愛媛県：今治市、越智郡上島町","8000020342050","453人/km2","サクラ","平谷祐宏","サクラ","","","","",""
"倉敷市","[倉敷（岡山県）] ","https://ja.wikipedia.org/wiki/倉敷市","新日本観光地100選","https://ja.wikipedia.org/wiki/新日本観光地100選","箇条書き,制限あり","北緯34度35分6.3秒東経133度46分19.6秒","〒710-0833岡山県倉敷市西中新田640番地北緯34度35分6.3秒東経133度46分19.6秒﻿ / ﻿北緯34.585083度 東経133.772111度﻿ /34.585083; 133.772111﻿ (倉敷市)座標:北緯34度35分6.3秒東経133度46分19.6秒﻿ / ﻿北緯34.585083度 東経133.772111度﻿ /34.585083; 133.772111﻿ (倉敷市)市庁舎位置","355.63km2","日本","公式ウェブサイト","岡山県","中国地方、山陽地方中国・四国地方","33202-0","474,185人（推計人口、2021年6月1日）","岡山市、玉野市、総社市、浅口市、小田郡矢掛町、都窪郡早島町（海上で隣接）香川県：坂出市、丸亀市","6000020332020","1,333人/km2","フジ","伊東香織","クスノキ","","","","",""
"津和野町","[津和野（島根県）] ","https://ja.wikipedia.org/wiki/津和野町","新日本観光地100選","https://ja.wikipedia.org/wiki/新日本観光地100選","箇条書き,制限あり","北緯34度32分37.3秒東経131度50分18.1秒","〒699-5292島根県鹿足郡津和野町日原54番25号北緯34度32分37.3秒東経131度50分18.1秒﻿ / ﻿北緯34.543694度 東経131.838361度﻿ /34.543694; 131.838361役場庁舎位置","307.03km2","日本","公式ウェブサイト","島根県","中国地方、山陰地方中国・四国地方","32501-5","6,793人（推計人口、2021年6月1日）","益田市、鹿足郡吉賀町山口県：山口市、萩市","7000020325015","22.1人/km2","","","","","鹿足郡","白鷺","つわぶき",""
"厳島","[宮島（広島県）] 厳島 （いつくしま）は、日本の 広島県 廿日市市 宮島町にある島。 瀬戸内海 西部、 広島湾 の北西部に位置する。通称は 宮島 （みやじま）。また 安芸の宮島 ともいう。","https://ja.wikipedia.org/wiki/厳島","新日本観光地100選","https://ja.wikipedia.org/wiki/新日本観光地100選","箇条書き,制限あり","北緯34度16分0秒東経132度18分0秒","日本（広島県廿日市市）","30.39km²","","","","","","","","","","","","","","","","",""
"広島市","[広島（広島県）] ","https://ja.wikipedia.org/wiki/広島市","新日本観光地100選","https://ja.wikipedia.org/wiki/新日本観光地100選","箇条書き,制限あり","北緯34度23分6.9秒東経132度27分19.1秒","〒730-8586広島県広島市中区国泰寺町一丁目6番34号北緯34度23分6.9秒東経132度27分19.1秒﻿ / ﻿北緯34.385250度 東経132.455306度﻿ /34.385250; 132.455306座標:北緯34度23分6.9秒東経132度27分19.1秒﻿ / ﻿北緯34.385250度 東経132.455306度﻿ /34.385250; 132.455306広島市役所庁舎位置広島市役所庁舎","906.68km2","日本","広島市","広島県","中国地方、山陽地方中国・四国地方","34100-2","1,195,649人（推計人口、2021年6月1日）","呉市、東広島市、安芸高田市、廿日市市安芸郡熊野町、海田町、府中町、坂町山県郡北広島町、安芸太田町（海を隔てて）江田島市","9000020341002","1,319人/km2","キョウチクトウ","松井一實","クスノキ","","","","",""
"高松市","[高松・屋島（香川県）] 〒 760-8571 香川県高松市 番町 一丁目8番15号 .mw-parser-output .geo-default,.mw-parser-output .geo-dms,.mw-parser-output .geo-dec{display:inline}.mw-parser-output .geo-nondefault,.mw-parser-output .geo-multi-punct{display:none}.mw-parser-output .longitude,.mw-parser-output .latitude{white-space:nowrap} 北緯34度20分34.1秒 東経134度2分47.8秒 ﻿ / ﻿ 北緯34.342806度 東経134.046611度 ﻿ / 34.342806; 134.046611 ﻿ ( 高松市 ) 座標 : 北緯34度20分34.1秒 東経134度2分47.8秒 ﻿ / ﻿ 北緯34.342806度 東経134.046611度 ﻿ / 34.342806; 134.046611 ﻿ ( 高松市 )","https://ja.wikipedia.org/wiki/高松市","新日本観光地100選","https://ja.wikipedia.org/wiki/新日本観光地100選","箇条書き,制限あり","北緯34度20分34.1秒東経134度2分47.8秒","〒760-8571香川県高松市番町一丁目8番15号北緯34度20分34.1秒東経134度2分47.8秒﻿ / ﻿北緯34.342806度 東経134.046611度﻿ /34.342806; 134.046611﻿ (高松市)座標:北緯34度20分34.1秒東経134度2分47.8秒﻿ / ﻿北緯34.342806度 東経134.046611度﻿ /34.342806; 134.046611﻿ (高松市)市庁舎位置","375.41km2","日本","公式ウェブサイト","香川県","四国地方中国・四国地方","37201-3","416,601人（推計人口、2021年6月1日）","坂出市、さぬき市、木田郡三木町、綾歌郡綾川町、仲多度郡まんのう町徳島県美馬市岡山県玉野市（海をはさんで隣接）香川郡直島町、小豆郡土庄町、小豆島町","1000020372013","1,110人/km2","ツツジ","大西秀人","黒松","","","","",""
"小豆島","[小豆島（香川県）] 小豆島 （しょうどしま）は、 瀬戸内海 ・ 播磨灘 にある 島 。行政区分は 香川県 小豆郡 に属し  、 小豆島町 、 土庄町 の2町からなり、人口は2万8,764人（2016年度推計）。近年、人口が減少の一途をたどっており、2013年6月24日に隣接する 沖之島 とあわせて、 国土交通省 より「 離島振興法 」の指定を受けた。離島振興法の活用で、今後10年間の人口減少率を10%以内に抑えることを目指す  。","https://ja.wikipedia.org/wiki/小豆島","新日本観光地100選","https://ja.wikipedia.org/wiki/新日本観光地100選","箇条書き,制限あり","北緯34度30分49秒東経134度17分8秒","日本（香川県小豆郡）","153.30km²","","","","","","","","","","","","","","","","",""
"瀬戸大橋","[瀬戸大橋（香川県）] 瀬戸大橋 （せとおおはし）は、 本州 の 岡山県 倉敷市 と 四国 の 香川県 坂出市 を結ぶ  10の橋の総称である。瀬戸内海をまたぐ 本州四国連絡橋 の児島・坂出ルートにあたり、橋の大部分は香川県に属する。1988年（昭和63年）に全線開通。それにより初めて四国と本州が陸路で結ばれた。","https://ja.wikipedia.org/wiki/瀬戸大橋","新日本観光地100選","https://ja.wikipedia.org/wiki/新日本観光地100選","箇条書き,制限あり","北緯34度23分54秒東経133度48分36秒","香川県坂出市-岡山県倉敷市","","日本","","","","","","","","","","","","","","","",""
"足摺岬","[足摺岬（高知県）] 足摺岬 （あしずりみさき）は、 高知県 南西部 土佐清水市 に属し、 太平洋 （ フィリピン海 ）に突き出る足摺半島の先端の 岬 。 足摺宇和海国立公園 に指定されている。","https://ja.wikipedia.org/wiki/足摺岬","新日本観光地100選","https://ja.wikipedia.org/wiki/新日本観光地100選","箇条書き,制限あり","","","","","","","","","","","","","","","","","","","",""
"松山市","[松山・道後温泉（愛媛県）] ","https://ja.wikipedia.org/wiki/松山市","新日本観光地100選","https://ja.wikipedia.org/wiki/新日本観光地100選","箇条書き,制限あり","北緯33度50分21秒東経132度45分56.3秒","〒790-8571愛媛県松山市二番町四丁目7番地2北緯33度50分21秒東経132度45分56.3秒﻿ / ﻿北緯33.83917度 東経132.765639度﻿ /33.83917; 132.765639座標:北緯33度50分21秒東経132度45分56.3秒﻿ / ﻿北緯33.83917度 東経132.765639度﻿ /33.83917; 132.765639市庁舎位置","429.40km2","日本","公式ウェブサイト","愛媛県","四国地方中国・四国地方","38201-9","510,570人（推計人口、2021年6月1日）","東温市、今治市、伊予郡松前町、砥部町、上浮穴郡久万高原町（海上により隣接）山口県大島郡周防大島町広島県呉市","3000020382019","1,189人/km2","ヤブツバキ","野志克仁","","","","","",""
"日和佐町","[日和佐（徳島県）] 日和佐町 （ひわさちょう）は、 徳島県 海部郡 に属した 町 。","https://ja.wikipedia.org/wiki/日和佐町","新日本観光地100選","https://ja.wikipedia.org/wiki/新日本観光地100選","箇条書き,制限あり","","徳島県海部郡日和佐町大字奥河内","15.09km2.","日本","","徳島県","四国地方中国・四国地方","なし","5,927人（国勢調査、1955年）","由岐町、赤河内村","","","","","","","海部郡","","",""
"長崎市","[長崎（長崎県）] 〒 850-8685 長崎県長崎市桜町2番22号 .mw-parser-output .geo-default,.mw-parser-output .geo-dms,.mw-parser-output .geo-dec{display:inline}.mw-parser-output .geo-nondefault,.mw-parser-output .geo-multi-punct{display:none}.mw-parser-output .longitude,.mw-parser-output .latitude{white-space:nowrap} 北緯32度45分1.2秒 東経129度52分40.3秒 ﻿ / ﻿ 北緯32.750333度 東経129.877861度 ﻿ / 32.750333; 129.877861 ﻿ ( 長崎市 ) 座標 : 北緯32度45分1.2秒 東経129度52分40.3秒 ﻿ / ﻿ 北緯32.750333度 東経129.877861度 ﻿ / 32.750333; 129.877861 ﻿ ( 長崎市 )","https://ja.wikipedia.org/wiki/長崎市","新日本観光地100選","https://ja.wikipedia.org/wiki/新日本観光地100選","箇条書き,制限あり","北緯32度45分1.2秒東経129度52分40.3秒","〒850-8685長崎県長崎市桜町2番22号北緯32度45分1.2秒東経129度52分40.3秒﻿ / ﻿北緯32.750333度 東経129.877861度﻿ /32.750333; 129.877861﻿ (長崎市)座標:北緯32度45分1.2秒東経129度52分40.3秒﻿ / ﻿北緯32.750333度 東経129.877861度﻿ /32.750333; 129.877861﻿ (長崎市)市庁舎位置","405.86km2","日本","公式ウェブサイト","長崎県","九州地方","42201-1","402,506人（推計人口、2021年6月1日）","諫早市、西海市、西彼杵郡時津町、長与町","6000020422011","992人/km2","アジサイ（1968年3月21日制定）","田上富久","ナンキンハゼ（1975年8月1日制定）","","","","",""
"別府市","[別府（大分県）] ","https://ja.wikipedia.org/wiki/別府市","新日本観光地100選","https://ja.wikipedia.org/wiki/新日本観光地100選","箇条書き,制限あり","北緯33度17分4.6秒東経131度29分28.6秒","〒874-8511大分県別府市上野口町1番15号北緯33度17分4.6秒東経131度29分28.6秒﻿ / ﻿北緯33.284611度 東経131.491278度﻿ /33.284611; 131.491278座標:北緯33度17分4.6秒東経131度29分28.6秒﻿ / ﻿北緯33.284611度 東経131.491278度﻿ /33.284611; 131.491278","125.34km2（境界未定部分あり）","日本","公式ウェブサイト","大分県","九州地方","44202-0","115,558人（推計人口、2021年6月1日）","大分市、宇佐市、由布市、速見郡日出町","3000020442020","922人/km2","オオムラサキ","長野恭紘","キンモクセイ、クスノキ","","","","",""
"湯布院町","[湯布院温泉（大分県）] 湯布院町 （ゆふいんちょう）は、 大分県 のほぼ中央に位置し、 大分郡 に属していた 町 である。町内に3ヶ所の 温泉 地がある町として町名は有名であった。","https://ja.wikipedia.org/wiki/湯布院町","新日本観光地100選","https://ja.wikipedia.org/wiki/新日本観光地100選","箇条書き,制限あり","北緯33度15分52秒東経131度21分20秒","〒879-5192大分県大分郡湯布院町大字川上3738-1","127.77km2（境界未定部分あり）","日本","","大分県","九州地方","44364-6","11,667人（2005年6月1日）","別府市、宇佐市、大分郡庄内町、玖珠郡玖珠町、九重町","","","","","","","大分郡","","サザンカ",""
"日南海岸国定公園","[日南海岸（宮崎県）] 日南海岸国定公園 （にちなんかいがんこくていこうえん）は、 宮崎県 南部から 鹿児島県 志布志湾 西岸の 肝属川 河口までの海岸線を包括した 国定公園 。 1955年 6月1日 指定。","https://ja.wikipedia.org/wiki/日南海岸国定公園","新日本観光地100選","https://ja.wikipedia.org/wiki/新日本観光地100選","箇条書き,制限あり","","","","","","","","","","","","","","","","","","","",""
"長崎オランダ村","[長崎オランダ村（長崎県）] 長崎オランダ村 （ながさきオランダむら、英語表記:Nagasaki Holland Village）は、かつて 長崎県 西彼杵郡 西彼町 （現・ 西海市 ）にあった テーマパーク 。 佐世保市 のテーマパーク ハウステンボス のルーツとなった施設である  。 1983年 （ 昭和 58年）開園  、 2001年 （ 平成 13年） 10月21日 に閉園  。","https://ja.wikipedia.org/wiki/長崎オランダ村","新日本観光地100選","https://ja.wikipedia.org/wiki/新日本観光地100選","箇条書き,制限あり","北緯32度59分49.22秒東経129度45分26.88秒","〒851-3305長崎県西彼杵郡西彼町喰場郷1686-3（閉園時点）","約16万5,000m2","","","","","","","","","","","","","北緯32度59分49.22秒東経129度45分26.88秒﻿ / ﻿北緯32.9970056度 東経129.7574667度﻿ /32.9970056; 129.7574667","","","",""
"高千穂峡","[高千穂峡（宮崎県）] 真名井の滝 （まないのたき）は、高千穂峡の川幅が狭まった部分に流れ落ちる 滝 である。 日本の滝百選 の一つ。","https://ja.wikipedia.org/wiki/高千穂峡","新日本観光地100選","https://ja.wikipedia.org/wiki/新日本観光地100選","箇条書き,制限あり","北緯32度42分3秒東経131度18分2秒","宮崎県高千穂町","","","","","","","","","","","","","","北緯32度42分3秒東経131度18分2秒﻿ / ﻿北緯32.70083度 東経131.30056度﻿ /32.70083; 131.30056","","","",""
"阿蘇山","[阿蘇（熊本県）] 阿蘇山 （あそさん）は、 日本 の 九州 中央部、 熊本県 阿蘇地方に位置する 火山 。 カルデラ を伴う大型の 複成火山 であり、 活火山 である。","https://ja.wikipedia.org/wiki/阿蘇山","新日本観光地100選","https://ja.wikipedia.org/wiki/新日本観光地100選","箇条書き,制限あり","北緯32度53分3秒東経131度6分14秒","日本熊本県","","","","","","","","","","","","","","北緯32度53分3秒東経131度6分14秒﻿ / ﻿北緯32.88417度 東経131.10389度﻿ /32.88417; 131.10389座標:北緯32度53分3秒東経131度6分14秒﻿ / ﻿北緯32.88417度 東経131.10389度﻿ /32.88417; 131.10389","","","",""
"国東半島","[国東半島（大分県）] 国東半島 （くにさきはんとう）は、 大分県 の北東部に位置する 半島 である。","https://ja.wikipedia.org/wiki/国東半島","新日本観光地100選","https://ja.wikipedia.org/wiki/新日本観光地100選","箇条書き,制限あり","","","","","","","","","","","","","","","","","","","",""
"雲仙岳","[雲仙（長崎県）] 雲仙岳 （うんぜんだけ）は、 長崎県 の 島原半島 中央部にそびえる 火山 である。半島西方の 橘湾 を中心とする 千々石カルデラ の外輪に位置する。広義では、 火山学 上の「雲仙火山」と同義で、最高峰の 平成新山 をはじめ、三岳（三峰）とも呼ばれる 普賢岳 ・ 国見岳 ・ 妙見岳 、五峰（五岳）とも呼ばれる 野岳 ・ 九千部岳 ・ 矢岳 ・ 高岩山・絹笠山 を含め、東の 眉山から 西の 猿葉山 まで、総計20以上の山々から構成される。雲仙岳の形の複雑さは、三岳五峰（三峰五岳）、八葉、二十四峰、三十六峰などさまざまな数字で表現されたが、観光上のキャッチフレーズとして「三峰五岳の雲仙岳」が多用されるようになった結果、狭義として八つの山（ときには三つの山）のみを指す用法も生まれた。歴史的には海上にそびえる山並み全体を指す名称である。行政区分では 島原市 、 南島原市 、 雲仙市 にまたがる。しばしば、旧最高峰の普賢岳（雲仙普賢岳）の名称と混同して用いられる。","https://ja.wikipedia.org/wiki/雲仙岳","新日本観光地100選","https://ja.wikipedia.org/wiki/新日本観光地100選","箇条書き,制限あり","北緯32度45分41秒東経130度17分56秒","長崎県島原市、南島原市、雲仙市","","","","","","","","","","","","","","北緯32度45分41秒東経130度17分56秒﻿ / ﻿北緯32.76139度 東経130.29889度﻿ /32.76139; 130.29889座標:北緯32度45分41秒東経130度17分56秒﻿ / ﻿北緯32.76139度 東経130.29889度﻿ /32.76139; 130.29889","","","","1,483m"
"九重山","[くじゅう（大分県・熊本県）] 九重山 （くじゅうさん）は 大分県 玖珠郡 九重町 と 竹田市 久住町 の境界に位置する山々の総称（地質学上の呼称）  。最高峰は 九州 本土最高峰でもある 中岳 (標高1,791m）  。","https://ja.wikipedia.org/wiki/九重山","新日本観光地100選","https://ja.wikipedia.org/wiki/新日本観光地100選","箇条書き,制限あり","北緯33度05分09秒東経131度14分56秒","大分県","","","","","","","","","","","","","","北緯33度05分09秒東経131度14分56秒﻿ / ﻿北緯33.08583度 東経131.24889度﻿ /33.08583; 131.24889座標:北緯33度05分09秒東経131度14分56秒﻿ / ﻿北緯33.08583度 東経131.24889度﻿ /33.08583; 131.24889","","","",""
"島原市","[島原（長崎県）] ","https://ja.wikipedia.org/wiki/島原市","新日本観光地100選","https://ja.wikipedia.org/wiki/新日本観光地100選","箇条書き,制限あり","北緯32度47分17.3秒東経130度22分12.9秒","〒855-8555長崎県島原市上の町537北緯32度47分17.3秒東経130度22分12.9秒﻿ / ﻿北緯32.788139度 東経130.370250度﻿ /32.788139; 130.370250座標:北緯32度47分17.3秒東経130度22分12.9秒﻿ / ﻿北緯32.788139度 東経130.370250度﻿ /32.788139; 130.370250","82.97km2","日本","公式ウェブサイト","長崎県","九州地方","42203-7","42,502人（推計人口、2021年6月1日）","雲仙市、南島原市（海を隔てて）熊本県熊本市","5000020422037","512人/km2","ウメ","古川隆三郎","くすの木","","","なし","",""
