﻿"タイトル","コメント","URL","親リストタイトル","親リストURL","一覧抽出方法","座標","  市域","国","標高","等時帯","人口","市長","  都市圏","市外局番"," 市","ナンバープレート","    ,人口密度","郵便番号"," ,州","簡体字","繁体字","拼音","カタカナ,転写","国家","行政級別"
"上海","[1上海  中華人民共和国54,700,00025,0004,574] 同国の 商業 ・ 金融 ・ 工業 ・ 交通 などの中心地。強力な 世界都市 であり、英国のシンクタンクZ/Yenグループが 2021年 3月に発表した世界 金融センター ランキングによると、 ニューヨーク 、 ロンドン に次ぐ世界3位  。アメリカの シンクタンク が2021年に発表した総合的な世界都市ランキングにおいて、世界10位の都市と評価された  。","https://ja.wikipedia.org/wiki/上海","世界の都市的地域の人口順位","https://ja.wikipedia.org/wiki/世界の都市的地域の人口順位","表形式","北緯31度10分00秒 東経121度29分00秒","","","","","","龔正（市委副書記）","","","","滬A, B, D, E, F, G, H, J, K, L, M, N滬C（郊外）","","200000 –202100","","上海","上海","Shànghǎi","北京官話：シャンハイ、呉語・上海語：ザォンヘー","中華人民共和国","直轄市"
"北京","[2北京  中華人民共和国47,520,0003,4975,000] 行政区画 上は 直轄市 であり、中国の 華北 の中央に位置する。人口は2171万（2015年）。中国の政治の中枢であり、 上海 と並ぶ経済・学術・文化の中心地である。アジア屈指の 世界都市 。古くは 大都 ・ 燕京 ・ 北平 とも呼ばれた。","https://ja.wikipedia.org/wiki/北京","世界の都市的地域の人口順位","https://ja.wikipedia.org/wiki/世界の都市的地域の人口順位","表形式","北緯39度54分20秒 東経116度23分29秒","","","","","","陳吉寧（前環境保護相、元清華大学校長）","","","","京A, C, E, F,G, H, J, K, L, M, P, N, Q, Y(小型自動車)（藍地に白字）京A,G(大型自動車)（黄地に黒字）京E(中型バス)（黄地に黒字）京B(タクシー)（藍地に白字）京A, D(警察)（白地に黒字）京O(当局により廃止)（藍地に白字）","","100000 -102600","","北京","北京","Běijīng","ベイジン","中華人民共和国","直轄市"
"広州","[3広州-仏山  中華人民共和国45,897,3133,1735,300] 北京市 、 上海市 、 深圳市 と共に「一線都市」に分類されており、「北上広深」として四大都市に数えられることもある  。アメリカの シンクタンク が 2020年 に発表した総合的な 世界都市ランキング において、世界63位の都市と評価された  。中国本土では 北京市 、 上海市 に次ぐ3位である。","https://ja.wikipedia.org/wiki/広州市","世界の都市的地域の人口順位","https://ja.wikipedia.org/wiki/世界の都市的地域の人口順位","表形式","北緯23度07分43.67秒 東経113度15分32.31秒","","","","","","温国輝","","","","粤A","","510000","","广州","廣州"," Guăngzhōu","クワンチョウ（普通話）クアンツァウ（広東語）","中華人民共和国","副省級市"
"東京","[4東京  日本国42,159,6208,5474,300] ","https://ja.wikipedia.org/wiki/東京","世界の都市的地域の人口順位","https://ja.wikipedia.org/wiki/世界の都市的地域の人口順位","表形式","","","","","","","","","","","","","","","","","","","",""
"サンパウロ","[5サンパウロ[2] 人口約1,200万人。ブラジルのみならず、 南半球 最大の メガシティ である。 2016年 の 都市圏人口 （近郊を含む）は2,060万人で、世界第10位、南半球では第1位である  。アメリカの シンクタンク が2016年に発表した 世界都市 ランキングでは、世界34位と評価された。ブラジルの都市としては、 リオデジャネイロ を凌ぎ首位であった  。","https://ja.wikipedia.org/wiki/サンパウロ","世界の都市的地域の人口順位","https://ja.wikipedia.org/wiki/世界の都市的地域の人口順位","表形式","南緯23度32分35.88秒 西経46度37分58.8秒","1521.11km2","ブラジル","760m","UTC-3","（2016年現在）","ヒカールドゥ・ヌーニス（ブラジル民主運動党）","","","サンパウロ市","","  7,914人/km2","","サンパウロ州","","","","","",""
"京阪神","[6京阪神  日本国26,987,0003,2125,300] 一般的に 京阪神 と言えば、 京阪神大都市圏 を指すことが比較的多い。しかし、場合によっては下記のような例も見られる。","https://ja.wikipedia.org/wiki/京阪神","世界の都市的地域の人口順位","https://ja.wikipedia.org/wiki/世界の都市的地域の人口順位","表形式","","","日本","","","","","","","","","","","","","","","","",""
"ソウル","[7ソウル-仁川  大韓民国25,369,2852,16310,400] アジア最大級の都市で、世界5位の 人口 に加え、 東京都 の都内総生産を凌駕する世界4位の都市圏経済力を有する     。政治、経済、交通、文化、教育・学術面において 大韓民国 の中枢をなす。","https://ja.wikipedia.org/wiki/ソウル特別市","世界の都市的地域の人口順位","https://ja.wikipedia.org/wiki/世界の都市的地域の人口順位","表形式","北緯37度34分 東経126度58分","","","","","","","","","","","","","","","","","","",""
"デリー","[8デリー  インド共和国24,897,4611,94311,500] デリー首都圏 を構成し、 ニューデリー と オールドデリー に分けられる。ニューデリーの中にはニューデリー行政区があり、ここに連邦の 首都 機能がある。古くは現在のオールドデリーだけの町であったが、 イギリス 統治 下の新しい 首府 としてニューデリーが建設された。イギリスの設計と建設による新都市部分をニューデリーと呼び、古くからある町をオールドデリーと呼んでいる。 2019年 の近郊を含む 都市圏人口 はおよそ2850万人であり、世界第3位の巨大な 大都市圏 を形成している。デリー首都圏の2014年の 都市GDP は2936億ドルであり、世界第36位である  。","https://ja.wikipedia.org/wiki/デリー","世界の都市的地域の人口順位","https://ja.wikipedia.org/wiki/世界の都市的地域の人口順位","表形式","北緯28度36分36秒 東経77度13分48秒","1,483km2(573mi2)","インド","239m(784ft)","UTC+5:30  (UTC+5:30)","（2011年現在）","","21,753,486人","011","デリー連邦直轄地","DL","  12,591.71人/km2（32,612.39人/mi2）","","","","","","","",""
"ラゴス","[9ラゴス  ナイジェリア連邦共和国23,957,4187,51112,700] 独立 後の人口調査は2回だけだが（ 1972年 と 1991年 ）、その人口の推計は1,000万前後と思われ、 アフリカ 最大級の メガシティ である。 2016年 の 都市圏人口 では1,283万人であり、世界第24位、アフリカでは カイロ に次ぐ第2位と推計されている  。","https://ja.wikipedia.org/wiki/ラゴス","世界の都市的地域の人口順位","https://ja.wikipedia.org/wiki/世界の都市的地域の人口順位","表形式","北緯6度27分11秒 東経3度23分45秒","","ナイジェリア","34m","西アフリカ時間(UTC+1)","（2006年国勢調査（暫定データ）現在）","","2,706.7 km2","","","","  7,941人/km2","","ラゴス州","","","","","",""
"パリ","[10パリ  フランス共和国23,155,1012,8443,800] 市域は ティエールの城壁 跡に造られた 環状高速道路 の内側の市街地（面積は86.99 km 2 。参考： 東京都 ・ 山手線 の内側は63km 2 、 ニューヨーク市 ・ マンハッタン は59km 2 ）、および、その外側西部の ブローニュの森 と外側東部の ヴァンセンヌの森 を併せた形となっており、面積は105.40km 2 。 ケスタ 地形を呈する パリ盆地 のほぼ中央に位置し、市内を セーヌ川 が貫く。この川の 中州 である シテ島 を中心に発達した。市内の地形は比較的平坦であるが、標高は最低でセーヌ川沿いの35メートル、最高でモンマルトルの丘の130メートルである  。北緯49度とやや高緯度に位置するが、温かい 北大西洋海流 と 偏西風 によって1年を通して比較的温暖となっており、 西岸海洋性気候 の代表的な都市である。","https://ja.wikipedia.org/wiki/パリ","世界の都市的地域の人口順位","https://ja.wikipedia.org/wiki/世界の都市的地域の人口順位","表形式","北緯48度51分44秒東経2度21分04秒","","フランス","平均:33m最低:28m最高:131m","","市：2,148,271人都市圏：12,532,901人（2020年1月）","","","","","","","75001 - 75020、75116","","","","","","",""
"キンシャサ","[11キンシャサ  コンゴ民主共和国22,785,0001,73315,500] アフリカ でも特に成長著しい メガシティ の１つであり、人口は約1,457万人。","https://ja.wikipedia.org/wiki/キンシャサ","世界の都市的地域の人口順位","https://ja.wikipedia.org/wiki/世界の都市的地域の人口順位","表形式","南緯4度19分30秒 東経15度19分20秒","","コンゴ民主共和国","240 m","UTC+1(西アフリカ時間)","","","","243 + 9","","","","","","","","","","",""
"マニラ","[12マニラ  フィリピン共和国21,951,0001,42515,400] 「東洋の真珠」などの美称があり、フィリピンが スペイン人 によって 植民地 化された 16世紀 末よりフィリピンの首府であり、独立後も一貫して首都でありつづけている。市域人口は178万人（2015年）であり、人口1,155万人を抱える マニラ首都圏 の中核都市である。さらに近郊を含む 都市圏人口 は2016年時点で2,293万人であり、世界有数の 大都市圏 を形成している  。マニラ首都圏全体で首都機能を果たしているため、首都圏自体を首都とみなすこともある  。","https://ja.wikipedia.org/wiki/マニラ","世界の都市的地域の人口順位","https://ja.wikipedia.org/wiki/世界の都市的地域の人口順位","表形式","北緯14度35分0秒 東経120度58分0秒","","フィリピン","16.0 m","UTC+8(フィリピン標準時)","","","","2","","","","0900–1096","","","","","","",""
"ダッカ","[13ダッカ  バングラデシュ人民共和国21,573,46186744,400] バングラデシュ中央部に位置し、ブリゴンガ排水路によって ドレッショリ川 に通じる同国の 商業 ・ 工業 ・ 文化 ・ 教育 の中心地であるダッカは、「モスクの街」としても知られる  。 ジュート ・ 綿 加工や食品加工などの 製造業 が行われ、特にまた高品質な モスリン 生産の地としても有名である。街中には約40万台と言われる リキシャ が毎日行き交う事でも知られる  。","https://ja.wikipedia.org/wiki/ダッカ","世界の都市的地域の人口順位","https://ja.wikipedia.org/wiki/世界の都市的地域の人口順位","表形式","北緯23度42分7.2秒 東経90度22分1秒","145km2(56mi2)","バングラデシュ","2m","UTC+6  (UTC+6)","（2011年現在）","Sadeque Hossain Khoka","","02","ダッカ","","  61,421人/km2（159,036人/mi2）","","","","","","","",""
"ムンバイ","[14ムンバイ  インド共和国20,543,16496530,900] インド第2の大都市であり  、首都 デリー と共に 南アジア を代表する 世界都市 の一つである。和名は孟買。","https://ja.wikipedia.org/wiki/ムンバイ","世界の都市的地域の人口順位","https://ja.wikipedia.org/wiki/世界の都市的地域の人口順位","表形式","北緯18度57分53秒 東経72度49分33秒","603.4km2(233mi2)","インド","8m(26ft)","IST（インド標準時）  (UTC+5:30)","（2011年現在）","キショリ・ペドネカール（英語版）（シヴ・セーナー）","21,290,000人","+022","ムンバイ","MH 01 - 03","  20,694人/km2（53,597人/mi2）","","マハーラーシュトラ州","","","","","",""
"ニューヨーク","[15ニューヨーク  アメリカ合衆国20,458,13011,6421,800] ニューヨーク市はアメリカ合衆国北東部の大西洋に面し、巨大な ニューヨーク港 を持つ。市は ブロンクス 、 ブルックリン 、 マンハッタン 、 クイーンズ 、 スタテンアイランド という5つの 行政区 （バロウ、ボロウ）に分けられる。2010年の国勢調査における市域人口は817万5,133人を数え  、陸地面積は790km 2   、人口密度はアメリカ国内の主要都市の中で2位である  。ニューヨーク都市圏の人口もまた国内最大であり、 ハドソン川 対岸の ニュージャージー州 ニューアーク や ジャージーシティ 、本土側の ヨンカーズ や ニューロシェル 、および ロングアイランド などを含む都市圏は1,889万7,109人、 コネチカット州 の スタンフォード 、 ブリッジポート 、 ニューヘイブン やニュージャージー州の州都 トレントン 、内陸のポキプシーなどを含む広域都市圏は2,208万5,649人（いずれも2010年国勢調査）の人口を抱えている  。","https://ja.wikipedia.org/wiki/ニューヨーク","世界の都市的地域の人口順位","https://ja.wikipedia.org/wiki/世界の都市的地域の人口順位","表形式","北緯40度42分46秒 西経74度00分22秒","1,214.4km2","アメリカ合衆国","平均10m","東部標準時(UTC-5)","（2020年現在）","エリック・アダムス（英語版）（民主党）","17,405 km2","","ニューヨーク市","","",""," ニューヨーク州","","","","","",""
"カイロ","[16カイロ  エジプト・アラブ共和国19,989,0001,70910,400] アラブ世界 で最も人口の多い 都市 であり、アラブ世界及び 中東 を代表する 世界都市 の一つ。 アラブ連盟 の本部所在地でもあり、アラブ文化圏の中心都市である。","https://ja.wikipedia.org/wiki/カイロ","世界の都市的地域の人口順位","https://ja.wikipedia.org/wiki/世界の都市的地域の人口順位","表形式","北緯30度2分 東経31度14分",""," エジプト","23 m","UTC+02:00(EST)","","","","(+20) 2","","","","","","","","","","",""
"モスクワ","[17モスクワ  ロシア連邦19,652,0004,4033,500] 北緯55度45分、東経37度37分に位置する。市の中心を モスクワ川 が蛇行しながら流れる。市域 面積 は2,511平方キロメートルに達する。植生的には北の 針葉樹林 帯と南の混合樹林帯との接点に位置する。土壌は ポドゾル が主で、肥沃ではない  。","https://ja.wikipedia.org/wiki/モスクワ","世界の都市的地域の人口順位","https://ja.wikipedia.org/wiki/世界の都市的地域の人口順位","表形式","北緯55度45分8秒 東経37度37分56秒","","ロシア","158m","モスクワ時間(UTC+3)","（2020年現在）","セルゲイ・ソビャーニン（統一ロシア）","","+7 495、+7 499","","77、99、97、177、199、197、777、799、797","  5,049人/km2","101xxx – 129xxx","","","","","","",""
"ロサンゼルス","[18ロサンゼルス  アメリカ合衆国17,854,1256,2992,400] ロサンゼルスは ロサンゼルス郡 内にある。同郡には他に ビバリーヒルズ 、 サンタモニカ 、 ロングビーチ などが含まれる。郡の面積は12,308km²で、人口は約976万人。市内には ハリウッド や バレー などがある。","https://ja.wikipedia.org/wiki/ロサンゼルス","世界の都市的地域の人口順位","https://ja.wikipedia.org/wiki/世界の都市的地域の人口順位","表形式","北緯34度3分0秒 西経118度15分0秒","1,301.970km2(502.693mi2)","アメリカ合衆国","※71m(233ft)","太平洋標準時(UTC-8)","（2016年現在）","エリック・ガーセッティ（英語版）（民主党）","","213、310、323、424、747、818","ロサンゼルス市","","  3,276人/km2（8,484人/mi2）",""," カリフォルニア州","","","","","",""
"コルカタ","[19コルカタ  インド共和国16,867,4311,20411,900] 2011年 の市域 人口 は448万人。 2016年 の近郊を含む 都市圏人口 は1,481万人であり、世界第20位、インドでは デリー と ムンバイ に次ぐ第3位である  。和名で甲谷佗、加爾各搭、軽骨田という表記も可能である。","https://ja.wikipedia.org/wiki/コルカタ","世界の都市的地域の人口順位","https://ja.wikipedia.org/wiki/世界の都市的地域の人口順位","表形式","北緯22度34分22秒 東経88度21分50秒","205.00km2","インド","9m","IST(UTC+5:30)","（2011年現在）","Firhad Hakim（AITMC）","1,886.67 km2","","コルカタ","WB","  22,000人/km2","","西ベンガル州","","","","","",""
"メキシコシティ","[20メキシコシティ  メキシコ合衆国16,579,0002,0469.543] メキシコ最大の 都市 であり、 2016年 の近郊を含む 都市圏人口 は2,023万人であり、世界第12位である  。メキシコのみならず ラテンアメリカ の経済の中心地の一つであり、 2014年 の 都市圏GDP は3,837億 ドル である  。これはラテンアメリカでは サンパウロ （ ブラジル ）に次ぐ第2位であり、世界では第18位に位置する。","https://ja.wikipedia.org/wiki/メキシコシティ","世界の都市的地域の人口順位","https://ja.wikipedia.org/wiki/世界の都市的地域の人口順位","表形式","北緯19度26分 西経99度8分",""," メキシコ","2,240 m","UTC−06:00(CST)","","","","","","","","","","","","","","",""
"ブエノスアイレス","[21ブエノスアイレス  アルゼンチン共和国16,213,0002,6425,200] どの 州 にも属しておらずブエノスアイレス自治市  とも呼ばれる（なお、 1880年 の首都令以来、 ブエノスアイレス州 の州都は ラ・プラタ 市である）。 大ブエノスアイレス都市圏 の 都市圏人口 は 2016年 時点で1,428万人であり、世界第21位である  。建国以来アルゼンチンの政治、経済、文化の中心である。アルゼンチンの縮図ともなっている一方で、内陸部との差異が大きすぎるため、しばしば「国内共和国」と呼ばれる。","https://ja.wikipedia.org/wiki/ブエノスアイレス","世界の都市的地域の人口順位","https://ja.wikipedia.org/wiki/世界の都市的地域の人口順位","表形式","南緯34度36分13秒 西経58度22分54秒","203km2","アルゼンチン","25m","UTC-3  (UTC-3)","（2010年現在）","","4,758 km2","011","ブエノスアイレス","","  14,240人/km2","C1000 - C14??","","","","","","",""
"イスタンブール","[22イスタンブール  トルコ共和国15,461,2311,3999,700] サライブルヌ （ 英語版 ） の岬に紀元前660年に ビュザンティオン として創建され、現在では歴史上最も重要な都市の一つとしてイスタンブールは知られている。 330年 に コンスタンティノープル として再建されて以降およそ16世紀の間、 ローマ帝国 （330年 - 395年）、 ビザンティン （395年 - 1204年、1261年 - 1453年）、 ラテン帝国 （1204年 - 1261年）、 オスマン帝国 （1453年 - 1922年） と4つの帝国の首都であった   。1453年にオスマン帝国により都市が征服され コンスタンティノープルの陥落 が起こる以前のローマやビザンティンの時代は キリスト教 発展の要であったが、征服後は イスラム教 の中心やオスマンの カリフ の中心に変わった  。1923年にトルコ共和国が アンカラ を新しい首都に制定したが、宮殿や帝国のモスクは今でもイスタンブールの丘に見ることが出来、イスタンブールの以前の中心的な役割を想起させる遺産となっている。イスタンブールは歴史上重要な シルクロード に沿った戦略的な場所に位置する  。ヨーロッパ＝アナトリア間の鉄道網（ オリエンタル鉄道 ・ トルコ国鉄 ）と黒海・地中海を結ぶ唯一の航路がイスタンブールで交わっている。アナトリア中から移住者がイスタンブールやその周辺に集まって居住地が広まり、1950年代以来人口は10倍に増加している   。20世紀後半には芸術祭が確立し、その間にインフラが改善され複合的な交通網が整備されていった。","https://ja.wikipedia.org/wiki/イスタンブール","世界の都市的地域の人口順位","https://ja.wikipedia.org/wiki/世界の都市的地域の人口順位","表形式","北緯41度0分44.06秒 東経28度58分33.66秒","5,343km2(2,063mi2)","トルコ","100m(328ft)","極東ヨーロッパ時間(UTC+3)","（2020年現在）","Ekrem İmamoğlu（共和人民党）","","(+90) 212（ヨーロッパ側）(+90) 216（アジア側）","イスタンブール","34","  2,976人/km2","34010 - 34850（ヨーロッパ側）80000 - 81800（アジア側）","","","","","","",""
"中京","[23中京  日本国15,014,8973,8202,600] 別名 名古屋圏 （なごやけん）、 中部圏 （ちゅうぶけん）。","https://ja.wikipedia.org/wiki/中京圏","世界の都市的地域の人口順位","https://ja.wikipedia.org/wiki/世界の都市的地域の人口順位","表形式","","","日本","","","","","","","","","","","","","","","","",""
"カラチ","[24カラチ  パキスタン・イスラム共和国12,879,00077718,300] 2016年 の近郊を含む 都市的地域の人口 は2,282万人であり、世界第7位である  。また、パキスタンにおける商業・金融の中心地でもある。位置は、 北緯 24度48分、 東経 66度59分。パキスタン建国から1960年8月1日に 首都 機能が イスラマバード に移転するまでは、同国の首都であった。","https://ja.wikipedia.org/wiki/カラチ","世界の都市的地域の人口順位","https://ja.wikipedia.org/wiki/世界の都市的地域の人口順位","表形式","北緯24度51分36秒 東経67度00分36秒","3,527km2(1,356mi2)","パキスタン","8m(26ft)","パキスタン標準時(UTC+5)","（2017年現在）","","16,051,521人","021","カラチ","","  3,900人/km2（10,000人/mi2）","","シンド州","","","","","",""
"リマ","[25リマ  ペルー共和国12,336,00099818.000] 1535年1月18日に、 インカ帝国 を征服した スペイン人 の フランシスコ・ピサロ ら コンキスタドーレス 一行は、リマック川右岸のリマの首長、タウリチェスコの館で、スペイン式の儀式に基づいて「副王たちの都」（\"La Ciudad de los Reyes\"）を創設した  。場所の選定として最初はアンデス山脈中腹の ハウハ が候補に上ったが、高度と海路交通の不便さなどから見送られ、 太平洋 に面したリマク川の畔のリマの地が選定された  。1542年にリマは ペルー副王領 の首都に指定され、 ヌエバ・エスパーニャ副王領 の メヒコ市 と共に、それまでの イスパニョーラ島 の サント・ドミンゴ に代わって アメリカ大陸におけるスペイン植民地支配 の中心地となった。","https://ja.wikipedia.org/wiki/リマ","世界の都市的地域の人口順位","https://ja.wikipedia.org/wiki/世界の都市的地域の人口順位","表形式","南緯12度5分36秒 西経77度2分48秒","2,672.3km2","ペルー","0 - 1,548m","UTC-5  (UTC-5)","（2018年現在）","ホルヘ・ムニョス（無所属）","2,819.3 km2","","リマ","","","","","","","","","",""
"リオデジャネイロ","[26リオデジャネイロ  ブラジル連邦12,043,0002,0206,000] 人口は600万人を超え、 サンパウロ に次いでブラジル第2位にランクされる。経済規模（域内総生産）でもサンパウロに次いで第2位にあり、アメリカの シンクタンク が公表した ビジネス ・ 人材 ・ 文化 ・ 政治 などを対象とした総合的な 世界都市ランキング において、世界第56位、国内ではサンパウロに次ぐ第2位の都市と評価された  。都市周辺の美しい 文化的景観 は「 リオデジャネイロ:山と海との間のカリオカの景観群 」として、2012年に 世界遺産 リストに登録された。","https://ja.wikipedia.org/wiki/リオデジャネイロ","世界の都市的地域の人口順位","https://ja.wikipedia.org/wiki/世界の都市的地域の人口順位","表形式","南緯22度54分30秒 西経43度11分47秒","1,260km2","ブラジル","0〜380m","UTC-3  (UTC-3)","（2016年現在）","エドゥアルド・パイス（共和党）","4,557.3 km2","+55 21","リオ・デ・ジャネイロ","","  5,158人/km2","","","","","","","",""
"深圳","[27深圳  中華人民共和国11,885,0001,7486,800] 深圳市は 香港 の 新界 と接し、 経済特区 に指定されている。 北京市 、 上海市 、 広州市 と共に、中国本土の4大都市と称される「北上広深」の一つであり、「一線都市」に分類されている  。中国屈指の 世界都市 であり、 金融センター としても重要な機能を果たしている。 2010年 の近郊を含む 都市的地域の人口 は1,447万人であり、世界第15位である  。アメリカの シンクタンク が 2020年 に発表した総合的な 世界都市ランキング において、世界75位の都市と評価された  。中国本土では 北京市 、 上海市 、 広州市 に次ぐ4位である。","https://ja.wikipedia.org/wiki/深圳","世界の都市的地域の人口順位","https://ja.wikipedia.org/wiki/世界の都市的地域の人口順位","表形式","北緯22度33分 東経114度06分","","","","","","陳如桂","","","","粤B","","518000","","深圳","深圳","Shēnzhèn","シェンチェン","中華人民共和国","副省級市"
"シカゴ","[28シカゴ  アメリカ合衆国10,986,7346,8561,300] イリノイ州最大にして 北アメリカ 屈指の 世界都市 。国内では ニューヨーク と ロサンゼルス に次ぐ人口を持つ。","https://ja.wikipedia.org/wiki/シカゴ","世界の都市的地域の人口順位","https://ja.wikipedia.org/wiki/世界の都市的地域の人口順位","表形式","北緯41度54分 西経87度39分","606.2km2(234.0mi2)","アメリカ合衆国","179m(587ft)","中部標準時(UTC-6)","（2010年現在）","ロリ・ライトフット（英語版）（民主党）","28,160 km2(10,874 mi2)","","シカゴ市","","  4,447.4人/km2（11,864.4人/mi2）",""," イリノイ州","","","","","",""
"天津","[29天津  中華人民共和国10,584,3141,6845,300] 華北平原海河の五大支流の合流する所に位置し、東に 渤海 を、北に燕山を臨む。市内を流れる 海河 は天津の母親河とも呼ばれる。","https://ja.wikipedia.org/wiki/天津","世界の都市的地域の人口順位","https://ja.wikipedia.org/wiki/世界の都市的地域の人口順位","表形式","北緯39度07分25秒 東経117度11分53秒","","","","","","（空位）","","","","津A, B, C, D, F, G, H津E (タクシー)","","300000/301000","","天津","天津","Tiānjīn","ティエンジン","中華人民共和国","直轄市"
"チェンナイ","[30チェンナイ  インド共和国10,211,31460914,600] 「南インドの玄関口」「南アジアの デトロイト 」「インドの健康首都」「インド銀行業の首都」の異名を持つ。","https://ja.wikipedia.org/wiki/チェンナイ","世界の都市的地域の人口順位","https://ja.wikipedia.org/wiki/世界の都市的地域の人口順位","表形式","北緯13度5分 東経80度16分","426km2","インド","6m","IST(UTC+5:30)","（2011年現在）","","1,189 km2","+91 44","チェンナイ","TN-01 to TN-14, TN-18, TN-22, TN-85","  17,000人/km2","","タミル・ナードゥ州","","","","","",""
"ボゴタ","[31ボゴタ  コロンビア共和国10,014,56441421,000] 1991年 に名称が サンタ・フェ・デ・ボゴタ （Santa Fe de Bogotá）に変わったが、 2000年 に再び現在の名称になった。","https://ja.wikipedia.org/wiki/ボゴタ","世界の都市的地域の人口順位","https://ja.wikipedia.org/wiki/世界の都市的地域の人口順位","表形式","北緯4度39分0秒 西経74度3分0秒","1,587km2"," コロンビア","2,640m","UTC-5  (UTC-5)","（2019年7月現在）","クラウディア・ロペス","","","ボゴタ","","  5,218人/km2","","","","","","","",""
"バンガロール","[32バンガロール  インド共和国8,670,00073811,700] デカン高原 の南、カルナータカ州南西部のマイソール高原の上に位置し、標高は920m。市域人口は842万人（2011年）に達し、インド第3の人口である  。 2016年 の 都市圏人口 は1,016万人であり、同国第4位の 大都市圏 を形成している  。インドにおける IT産業 の中心都市。","https://ja.wikipedia.org/wiki/バンガロール","世界の都市的地域の人口順位","https://ja.wikipedia.org/wiki/世界の都市的地域の人口順位","表形式","北緯12度58分12秒 東経77度33分36秒","741km2","インド","920m","IST(UTC+5:30)","（2011年現在）","","8,499,399人","91-(0)80","ベンガルール","KA 01, KA 02, KA 03, KA 04, KA 05, KA 41, KA 50, KA 51, KA 53","","","カルナータカ州","","","","","",""
"ロンドン","[33ロンドン  イギリス8,586,0001,6235,300] イギリス や ヨーロッパ 域内で最大の 都市圏 を形成している。ロンドンは テムズ川 河畔に位置し、2000年前の ローマ帝国 による ロンディニウム 創建が都市の起源である  。ロンディニウム当時の街の中心部は、現在の シティ・オブ・ロンドン （シティ）に相当する地域にあった。シティの 市街壁 内の面積は約1 平方マイル （2.6km 2 ）あり、中世以来その範囲はほぼ変わっていない。少なくとも 19世紀 以降、「ロンドン」の名称はシティの市街壁を越えて開発が進んだシティ周辺地域をも含めて用いられている  。ロンドンでは市街地の大部分が コナベーション により形成されている  。ロンドンを管轄する リージョン である グレーター・ロンドン では  、選挙で選出された ロンドン市長 と ロンドン議会 により統治が行われている  。","https://ja.wikipedia.org/wiki/ロンドン","世界の都市的地域の人口順位","https://ja.wikipedia.org/wiki/世界の都市的地域の人口順位","表形式","北緯51度30分28秒 西経0度07分41秒","","イギリス","","UTC+0(グリニッジ標準時)","","","","","","","","E, EC, N, NW, SE, SW, W, WC, BR, CM, CR, DA, EN, HA, IG, KT, RM, SM, TN, TW, UB, WD","","","","","","",""
"ホーチミン","[34ホーチミン  ベトナム社会主義共和国8,400,0008429,900] ベトナム 国民の父 として親しまれる人物である「 ホー・チ・ミン 」と音韻弁別するため、通常は ホーチミン市 又は ホーチミン・シティ （ 英語 : Ho Chi Minh City ）と呼ぶ。旧名は サイゴン （ ベトナム語 ： Sài Gòn  / 柴棍 、 中 ： 西貢 ）であり、現地では今なお「サイゴン」という表現が、様々な場面で使われており、都市名としては「ホーチミン市」よりも通じる  。また、 ベトナム人 の間では「 HCMC 」「 TP.HCM 」と省略されることが多い。","https://ja.wikipedia.org/wiki/ホーチミン市","世界の都市的地域の人口順位","https://ja.wikipedia.org/wiki/世界の都市的地域の人口順位","表形式","北緯10度46分10秒 東経106度40分55秒","","","","","","","","28","","50 → 59","","70","","","","","","",""
"台北市","[35台北市  中華民国8,330,1251,1407,300] 台北市は急速な人口増加のため、台北盆地の山際にまで 都市化 が進展している。北部は夜市で有名な士林、山の手高級住宅地の 天母 、 温泉 で有名な北投から、地域内には台北最古の寺・ 関渡宮 が立地している 関渡 にいたる。中心部は古くから栄えた地域であり、日本時代の建築や清時代の遺構が多い。総統府、台北最古の寺の一つの 龍山寺 、古くからの繁華街・西門町もここにある。南部には茶の産地である 木柵 を擁する。","https://ja.wikipedia.org/wiki/台北市","世界の都市的地域の人口順位","https://ja.wikipedia.org/wiki/世界の都市的地域の人口順位","表形式","北緯25度5分27.8秒東経121度33分35.4秒","","","","","","","","","","","","","","","","","","",""
"東莞","[36東莞  中華人民共和国8,278,0001,4505,700] 唐 代の757年に、番禺（ 広州 ）の東にある、「莞草」（ イグサ ）の産地として「東莞」と名付けられた。","https://ja.wikipedia.org/wiki/東莞市","世界の都市的地域の人口順位","https://ja.wikipedia.org/wiki/世界の都市的地域の人口順位","表形式","北緯23度2分 東経113度43分","","","","","","袁宝成","","","","粤S","","523000","","东莞","東莞","Dōngguǎn","ドングアン","中華人民共和国","地級市"
"ハイデラバード","[37ハイデラバード  インド共和国7,903,0008819,900] インド陸軍 、 空軍 の駐屯地である、近接する双子都市 シカンダラーバード を併せた州都領域は、259 km 2 にわたって広がっている。両都市は、 フセイン・サガール （湖）を挟んで隣り合わせるように位置する。また、ハイデラバードは ムーシー川 によって大まかに、オールドシティーと呼ばれる南部と比較的現代的な北部に分けることができる。南部は総じて ムスリム の住民が多く、定時には アザーン も聞こえてくるムスリム文化が色濃く残る地域で、 チャール・ミナール や メッカ・マスジド などといった歴史的建造物も多い。北部では特にフセイン・サーガル北東岸の開発は目覚ましい。","https://ja.wikipedia.org/wiki/ハイデラバード_(インド)","世界の都市的地域の人口順位","https://ja.wikipedia.org/wiki/世界の都市的地域の人口順位","表形式","北緯17度22分12秒 東経78度28分48秒","260km2","インド","489m","IST(UTC+5:30)","（2011年現在）","","7,749,334人","91-40","ハイデラバード","AP9, AP10, AP11, AP12, AP13, AP28, AP29","","","テランガーナ州","","","","","",""
"成都","[38成都  中華人民共和国7,895,0009718,100] 成都平原 の中央にあり、 岷江 支流の 錦水 に沿う。西部には 龍門山脈 が屹立する。中国西南部の要衝である。","https://ja.wikipedia.org/wiki/成都市","世界の都市的地域の人口順位","https://ja.wikipedia.org/wiki/世界の都市的地域の人口順位","表形式","北緯30度39分49秒 東経104度04分00秒","","","","","","羅強","","","","川A、川G","","610000","","成都","成都","Chéngdū","チェンドゥ","中華人民共和国","副省級市"
"ジャカルタ","[39ジャカルタ  インドネシア共和国7.894.3442,7849,400] 人口は950万人を超えており、 2016年 の近郊を含む 都市圏人口 は3,120万人と、 東京都市圏 に次いで世界第2位  。世界屈指の メガシティ であり、 東南アジア 有数の 世界都市 でもある。 東南アジア諸国連合 ( ASEAN ) の事務局が置かれる  。","https://ja.wikipedia.org/wiki/ジャカルタ","世界の都市的地域の人口順位","https://ja.wikipedia.org/wiki/世界の都市的地域の人口順位","表形式","南緯6度12分 東経106度48分","","インドネシア","7 m","UTC+7(WIB)","","","","+62 21","","","","","","","","","","",""
"ラホール","[40ラホール  パキスタン・イスラム共和国7,743,00058313,300] ムガル帝国の首都など豊かな歴史を誇り、ムガル帝国時代や植民地時代の建築物が保存されている。ムガル帝国時代の建築物には、 バードシャーヒー・モスク や ラホール城 、 シャーラマール庭園 、 ジャハーンギール とその妃 ヌール・ジャハーン の廟などがあり、観光地となっている。英国によって建設された植民地時代の建築物であるラホール高等裁判所、中央郵便局 (GPO)、またそれ以前から残る多くの大学もムガル・ゴシックスタイルを残している。インドのプールナ・スワラージ（完全な独立）やパキスタンの分離独立が決定された重要な場所でもある。","https://ja.wikipedia.org/wiki/ラホール","世界の都市的地域の人口順位","https://ja.wikipedia.org/wiki/世界の都市的地域の人口順位","表形式","北緯31度32分59秒 東経70度24分37秒","1,772km2(684mi2)","パキスタン","217m(712ft)","","（2017年現在）","","","042","ラホール","","  6,279人/km2（16,266人/mi2）","","パンジャーブ州","","","","","",""
"ヨハネスブルグ","[41ヨハネスブルグ-イーストランド  南アフリカ共和国7,618,0002,5253,000] ヨハネスブルグは周辺地域からの人口流入などによって南アフリカ共和国最大の都市に成長し、人口は 2019年 で約563万人を数える  。2019年の近郊を含む 都市圏人口 は1,050万人を擁する メガシティ で、同国内では第1位、 アフリカ 内でも第4位である  。","https://ja.wikipedia.org/wiki/ヨハネスブルグ","世界の都市的地域の人口順位","https://ja.wikipedia.org/wiki/世界の都市的地域の人口順位","表形式","南緯26度12分16秒 東経28度02分44秒","","南アフリカ共和国","1753m","南アフリカ標準時(UTC+2)","（2019年現在）","ユーニス・ムシナ(Eunice Mgcina)（職務代理）","10,500,500人","011","","","  2696人/km2","","ハウテン州","","","","","",""
"テヘラン","[42テヘラン  イラン・イスラム共和国7,419,0007779,500] 人口869万人、 都市圏人口 は1,367万人であり、世界有数の 大都市圏 を形成している  。","https://ja.wikipedia.org/wiki/テヘラン","世界の都市的地域の人口順位","https://ja.wikipedia.org/wiki/世界の都市的地域の人口順位","表形式","北緯35度41分 東経51度25分","730km2(281.9mi2)","イラン","1,200m(3,900ft)","イラン標準時  (UTC+3:30)","（2016年現在）","モハンマドアリー・アフシャーニー","18,814 km2(7,264 mi2)","021","テヘラン","","  11,906人/km2（30,840人/mi2）","","テヘラン州","","","","","",""
"バンコク","[43バンコク  タイ王国7,326,0002,2023,200] 人口8,249,117人（2010年）、面積1568.737 km 2 。 都市圏人口 は 2018年 時点で1600万人を超えており、世界有数の 大都市圏 を形成している  。 ASEAN 経済の中心地で、 東南アジア 屈指の 世界都市 でもある。","https://ja.wikipedia.org/wiki/バンコク","世界の都市的地域の人口順位","https://ja.wikipedia.org/wiki/世界の都市的地域の人口順位","表形式","北緯13度45分8秒 東経100度29分38秒","","タイ","","UTC+7(タイ標準時)","","","","","","","","","","","","","","",""
"エッセン","[41エッセン-デュッセルドルフ  ドイツ連邦共和国7,304,0002,6422,800] 582,415人（2020年12月31日現在） ","https://ja.wikipedia.org/wiki/エッセン","世界の都市的地域の人口順位","https://ja.wikipedia.org/wiki/世界の都市的地域の人口順位","表形式","北緯51度27分29.05秒 東経7度0分53.14秒","","","","","","","","","","","","","","","","","","",""
"香港","[45香港  香港（中国）7,106,00027525,900] 1,104 km 2 (426 sq mi)の面積に700万人を超す人口を有する世界有数の 人口密集地域 である  。広大な スカイライン と天然の深い港湾を抱える 自由貿易 地域であり、 アジア四小龍 の内の1地域。 2016年 の「中期人口統計」によると、香港の人口は、92%が 華人 、8%はその他の民族である  。","https://ja.wikipedia.org/wiki/香港","世界の都市的地域の人口順位","https://ja.wikipedia.org/wiki/世界の都市的地域の人口順位","表形式","北緯22度16分01秒 東経114度11分17秒","","","","","","","","","","","","","","","","","","",""
"武漢","[46武漢  中華人民共和国6,995,0009587,300] 武漢市は湖北省に位置する。湖北省は直轄市である 重慶市 に隣接する。重慶・湖北区域は極めて人口の多い地区である。武漢市は 華中 地域ないし長江中流域の中心都市  であり、 華中 地方唯一の「 副省級市 」  であり中国の「国家中心都市」  の一つでもある。 長江 とその支流である 漢江 の合流点にある 武昌 ・ 漢陽 ・ 漢口 の三鎮からなり、「江城」という異称もある。武漢は「百湖の市」とも呼ばれ、市内で数多くの湖があり、水域面積は全市面積の約4分の1を占める  。","https://ja.wikipedia.org/wiki/武漢市","世界の都市的地域の人口順位","https://ja.wikipedia.org/wiki/世界の都市的地域の人口順位","表形式","北緯30度34分21秒 東経114度16分45秒","","","","","","","","","","鄂A","","430000 –430400","","武汉","武漢","Wǔhàn 聞く","ウーハン","中華人民共和国","副省級市"
"杭州","[47杭州  中華人民共和国6,500,0003,8672,897] 中国八大古都の一であり、 国家歴史文化名城 に指定されている。隋代以降、 江南運河 の終着点として経済文化が発達し、「上に天国あり、下に 蘇州 ・杭州あり（上有天堂、下有蘇杭）」とたたえられた。また、五代十国の時代、 呉越 国の都となり、 南宋 時代には 行在 、事実上の都（1138年-1276年）、臨安府が置かれた。市中心部の西には 世界遺産 の 西湖 という湖があり、国の内外より多くの観光客が訪れる。","https://ja.wikipedia.org/wiki/杭州市","世界の都市的地域の人口順位","https://ja.wikipedia.org/wiki/世界の都市的地域の人口順位","表形式","北緯30度15分0秒 東経120度10分0秒","","","","","","張鴻銘","","","","浙A","","310000","","杭州","杭州"," Hángzhōu","ハンチョウ","中華人民共和国","副省級市"
"アフマダーバード","[48アフマダーバード  インド共和国6,482,00029821,900] 2011年 の 都市的地域 の人口は635万人であり、世界第47位、同国では第7位である   。農業、綿織物業が盛ん。 イスラーム教徒 が比較的多く（住民の2割程度）、多くの モスク が建てられている。 ジャイナ教 の寺院も多い。近代的な都市で郊外に工場が多く、経済的には恵まれている。2017年に 世界遺産 リストに登録された  。","https://ja.wikipedia.org/wiki/アフマダーバード","世界の都市的地域の人口順位","https://ja.wikipedia.org/wiki/世界の都市的地域の人口順位","表形式","北緯23度1分48秒 東経72度34分48秒","464.16km2","インド","53m","IST(UTC+5:30)","（2011年現在）","","6,357,693人","079","アフマダーバード","","  12,000人/km2","","グジャラート州","","","","","",""
"重慶","[49重慶  中華人民共和国6,321,0007778,100] 人口は約3,100万人。 2017年 の 都市圏人口 は1962.66万人の メガシティ である  。","https://ja.wikipedia.org/wiki/重慶","世界の都市的地域の人口順位","https://ja.wikipedia.org/wiki/世界の都市的地域の人口順位","表形式","北緯29度33分00秒 東経106度30分00秒","","","","","","唐良智","","","","渝 A, B, C, D, F, G, H","","400000 - 409912","","重庆","重慶","Chóngqìng","チョンチン","中華人民共和国","直轄市"
"バグダード","[50バグダード  イラク共和国6,204,00098710,400] バグダードは、 2003年 3月の イラク戦争 で アメリカ合衆国 ・ イギリス 両国を主力とする軍の攻撃を受け、同年4月に制圧されたのち、 連合国暫定当局 （CPA）本部が置かれた  。その後、 2004年 6月には イラク暫定政権 への主権移譲がなされ、 イラク移行政府 を経て 2006年 には イラク正式政府 が成立し、現在に至っている。","https://ja.wikipedia.org/wiki/バグダード","世界の都市的地域の人口順位","https://ja.wikipedia.org/wiki/世界の都市的地域の人口順位","表形式","北緯33度20分00秒 東経44度26分00秒","","イラク","34 m","UTC＋3(アラビア標準時)","","","","","","","","","","","","","","",""
