﻿"タイトル","コメント","URL","親リストタイトル","親リストURL","一覧抽出方法","座標","起点","終点","全長","現況","道路車線数","所属路線名","位置","開通","通行対象","設計速度","管理","幅","通行料金","完成","所有","建設開始","所在地","最高部","路線延長"
"山手トンネル","[1やまて/山手トンネル13東京都しゆとこう-首都高速中央環状線大井JCT～高松入口18,597有通行不可1992年2007年全線開通は2015年3月7日。] 山手トンネル （やまてトンネル）は、 首都高速道路 中央環状線 の 大井JCT - 高松入口 間にある道路 トンネル である。","https://ja.wikipedia.org/wiki/山手トンネル","延長別日本の道路トンネルの一覧","https://ja.wikipedia.org/wiki/延長別日本の道路トンネルの一覧","表形式","北緯35度39分51.9秒東経139度41分15.5秒","東京都品川区八潮","東京都豊島区","外回り：18,597 m内回り：18,098 m","供用中","両側4車線","首都高速中央環状線","日本・ 東京都","2015年（平成27年）3月7日（全線開通）","自動車（危険物積載車両は通行禁止）","60km/h","首都高速道路","","有料","","","","","",""
"東京外環トンネル","[とうきようかいかん/東京外環トンネル[1] 東京外環トンネル （とうきょうがいかんトンネル）は、 東京都 世田谷区 の 東名JCT から同都 練馬区 の 大泉JCT 間にある 東京外環自動車道 のトンネルである。","https://ja.wikipedia.org/wiki/東京外環トンネル","延長別日本の道路トンネルの一覧","https://ja.wikipedia.org/wiki/延長別日本の道路トンネルの一覧","表形式","北緯35度41分02秒東経139度35分10秒","東京都世田谷区大蔵","東京都練馬区大泉町","16,200 m","事業中","6車線","C3東京外環自動車道（東京外かく環状道路）","日本・ 東京都","未定","自動車","80km/h","中日本高速道路（東名JCT-中央JCT）東日本高速道路（中央JCT -大泉JCT）","40 - 93m","有料","","","","","-40 m",""
"関越トンネル","[2かんえつ/関越トンネル10群馬県新潟県かんえつ-関越自動車道水上IC～湯沢IC11,055有通行不可[2] 関越トンネル （かんえつトンネル、英語表記：Kan-etsu Tunnel）は、 群馬県 利根郡 みなかみ町 と 新潟県 南魚沼郡 湯沢町 の 県境 （ 上越国境 ）間にある 関越自動車道 の トンネル 。 谷川岳 を貫通している。","https://ja.wikipedia.org/wiki/関越トンネル","延長別日本の道路トンネルの一覧","https://ja.wikipedia.org/wiki/延長別日本の道路トンネルの一覧","表形式","北緯36度49分39秒東経138度54分13秒","群馬県利根郡みなかみ町","新潟県南魚沼郡湯沢町","10,926m（下り）11,055 m（上り）","供用中","片側2車線","E17関越自動車道"," 群馬県・ 新潟県","1985年（昭和60年）10月2日（下り）1991年（平成3年）10月22日（上り）","自動車（危険物積載車両は通行禁止）","80km/h（最高速度:80 km/h）","東日本高速道路","7 m","","","日本高速道路保有・債務返済機構","","","",""
"飛騨トンネル","[3ひだ/飛騨トンネル13岐阜県とうかいほくりく-東海北陸自動車道飛騨清見IC～白川郷IC10,712有通行不可2007年2008年片側1車線のトンネルでは日本最長。] 全長は10,712  m で道路トンネルとしては 山手トンネル （ 首都高速中央環状線 ）・ 関越トンネル （ 関越自動車道 ）に次いで日本国内3位、世界でも12位の長さである。","https://ja.wikipedia.org/wiki/飛騨トンネル","延長別日本の道路トンネルの一覧","https://ja.wikipedia.org/wiki/延長別日本の道路トンネルの一覧","表形式","北緯36度14分01秒 東経136度57分16秒","岐阜県飛驒市","岐阜県大野郡白川村","10,712 m","供用中","2車線（片側1車線）","E41東海北陸自動車道","日本・ 岐阜県","2008年（平成20年）7月5日","自動車（危険物積載車両は通行禁止）","","","","","2007年（平成19年）1月13日（本坑貫通）","","","","",""
"アクアトンネル","[4あくあとんねる/アクアトンネル14神奈川県千葉県とうきようわんあくあらいん-東京湾アクアライン川崎浮島JCT～木更津金田IC9,607有通行不可1987年1987年1997年水底道路トンネルとしては世界最長] 東京湾アクアライン （とうきょうわんアクアライン）・ 東京湾アクアライン連絡道 （とうきょうわんアクアラインれんらくどう）は、 神奈川県 川崎市 から 東京湾 を横断して 千葉県 木更津市 へ至る 高速道路 である。 東京湾横断道路 ・ 東京湾横断道路連絡道 として 地域高規格道路 の計画路線に指定されている。","https://ja.wikipedia.org/wiki/アクアトンネル","延長別日本の道路トンネルの一覧","https://ja.wikipedia.org/wiki/延長別日本の道路トンネルの一覧","表形式","","神奈川県川崎市川崎区","千葉県木更津市","","","","","","","","","","","","","","","","","15.1km（東京湾アクアライン）8.6 km（アクア連絡道）"
"栗子トンネル (東北中央自動車道)","[5くりこ/栗子トンネル06山形県福島県とうほくちゅうおう-東北中央自動車道福島大笹生IC～米沢八幡原IC8,972有通行不可2002年2014年2017年無料で通行できる道路トンネルとしては日本最長。] 栗子トンネル （くりこトンネル）は、 福島県 福島市 と 山形県 米沢市 の県境にある 栗子峠 の下を通る 東北中央自動車道 のトンネルである   。全長8,972 メートル (m) で、 2017年 （ 平成 29年） 11月4日 に開通した  。","https://ja.wikipedia.org/wiki/栗子トンネル_(東北中央自動車道)","延長別日本の道路トンネルの一覧","https://ja.wikipedia.org/wiki/延長別日本の道路トンネルの一覧","表形式","北緯37度51分24.69秒東経140度16分02.17秒","福島県福島市飯坂町中野","山形県米沢市万世町刈安","本坑：8,972m避難坑：8,989 m換気坑：2,609 m","供用中","片側1車線（暫定2車線）","E13東北中央自動車道"," 福島県・ 山形県","2017年（平成29年）11月4日","自動車","100km/h（規制速度：70 km/h）","国土交通省東北地方整備局福島河川国道事務所","本坑：7 m避難坑：2.9 m","無料","2015年（平成27年）3月","","2002年（平成14年）","","",""
"恵那山トンネル","[6えなさん/恵那山トンネル20長野県岐阜県ちゆうおう-中央自動車道園原IC～中津川IC8,649有通行不可1967年1974年1975年建設当時日本最長の道路トンネル。] 恵那山トンネル （えなさんトンネル）は、 中央自動車道 の 園原IC - 中津川IC 間にあり、 長野県 下伊那郡 阿智村 と 岐阜県 中津川市 とを結ぶ、 木曽山脈 を貫く長大 トンネル である  。","https://ja.wikipedia.org/wiki/恵那山トンネル","延長別日本の道路トンネルの一覧","https://ja.wikipedia.org/wiki/延長別日本の道路トンネルの一覧","表形式","北緯35度28分59秒東経137度37分43秒","長野県下伊那郡阿智村","岐阜県中津川市","（上り線）8,649m（下り線）8,489m","供用中","（上り線）2車線（下り線）2車線","E19中央自動車道"," 長野県・ 岐阜県","1975年8月23日（一期）1985年3月27日（二期）","自動車（危険物積載車両は通行禁止）","80km/h（規制速度:70km/h）","","","","1974年10月23日（一期貫通）1983年3月7日（二期貫通）","中日本高速道路株式会社","1967年10月12日（一期）1978年3月21日（二期）","","",""
"阪神高速32号新神戸トンネル","[7たいにしんこうへ/第二新神戸トンネル28兵庫県はんしんこうそく32こうしんこうへとんねる-阪神高速32号新神戸トンネル8,055無通行不可1988年] 阪神高速32号新神戸トンネル （はんしんこうそく32ごうしんこうべトンネル）は、 兵庫県 神戸市 中央区 雲井通 から、同市 北区 山田町に至る 阪神高速道路 の路線である  。路線名は 主要 神戸市道生田川箕谷線。阪神高速道路株式会社が管理する高速道路の路線のひとつとされているが、後述のとおり 神戸市道路公社 から移管された経緯から、50cc超125cc以下の 小型自動二輪車 （ 原付二種 ）も通行可能であるなど、 自動車専用道路 ではない。","https://ja.wikipedia.org/wiki/阪神高速32号新神戸トンネル","延長別日本の道路トンネルの一覧","https://ja.wikipedia.org/wiki/延長別日本の道路トンネルの一覧","表形式","","国道2号出入口（兵庫県神戸市中央区雲井通）","箕谷JCT（兵庫県神戸市北区山田町）","","","","","","","","","","","","","","","","","8.5km"
"阪神高速32号新神戸トンネル","[8しんこうへ/新神戸トンネル28兵庫県はんしんこうそく32こうしんこうへとんねる-阪神高速32号新神戸トンネル7,900±無通行不可1971年1976年] 阪神高速32号新神戸トンネル （はんしんこうそく32ごうしんこうべトンネル）は、 兵庫県 神戸市 中央区 雲井通 から、同市 北区 山田町に至る 阪神高速道路 の路線である  。路線名は 主要 神戸市道生田川箕谷線。阪神高速道路株式会社が管理する高速道路の路線のひとつとされているが、後述のとおり 神戸市道路公社 から移管された経緯から、50cc超125cc以下の 小型自動二輪車 （ 原付二種 ）も通行可能であるなど、 自動車専用道路 ではない。","https://ja.wikipedia.org/wiki/阪神高速32号新神戸トンネル","延長別日本の道路トンネルの一覧","https://ja.wikipedia.org/wiki/延長別日本の道路トンネルの一覧","表形式","","国道2号出入口（兵庫県神戸市中央区雲井通）","箕谷JCT（兵庫県神戸市北区山田町）","","","","","","","","","","","","","","","","","8.5km"
"オオヌマトンネル","[おおぬま/オオヌマトンネル01北海道とうおう-道央自動車道七飯IC～大沼公園IC7,0932016年[3] オオヌマトンネル   は、 北海道縦貫自動車道 に 建設 中の トンネル である。","https://ja.wikipedia.org/wiki/オオヌマトンネル","延長別日本の道路トンネルの一覧","https://ja.wikipedia.org/wiki/延長別日本の道路トンネルの一覧","表形式","","北海道亀田郡七飯町","同上","7,093m","事業中","片側1車線（暫定2車線）","E5北海道縦貫自動車道","日本・ 北海道","","自動車","80km/h","国土交通省","-m","","","","","","",""
"雁坂トンネル","[9かりさか/雁坂トンネル11埼玉県山梨県/国道140-国道140号6,625有通行不可1984年1994年1998年国道のトンネルでは日本最長。原動機付自転車が通行できるトンネルとしても日本最長。] 雁坂トンネル有料道路 （かりさかトンネルゆうりょうどうろ）は、 埼玉県 秩父市 と 山梨県山梨市 との県境付近を結ぶ 有料道路 である。路線の大部分を 雁坂峠 （ 標高 ：2,082m）の下を通る 雁坂トンネル が占めており、全線が 国道140号 に指定されている。 1998年 （ 平成 10年） 4月23日 に開通した  。","https://ja.wikipedia.org/wiki/雁坂トンネル","延長別日本の道路トンネルの一覧","https://ja.wikipedia.org/wiki/延長別日本の道路トンネルの一覧","表形式","北緯35度54分23.2秒東経138度49分03.5秒","埼玉県秩父市","山梨県山梨市","6,625m","供用中","往復2車線","国道140号","埼玉県・山梨県","1998年（平成10年）4月","自動車・原付","40 km/h（規制速度 : 40 km/h）※原付は30 km/h","山梨県道路公社","7.5 m","","1994年（平成6年）9月","","1988年（昭和63年）10月","","",""
"肥後トンネル","[10ひこ/肥後トンネル43熊本県きゆうしゆう-九州自動車道八代JCT～人吉IC6,340有通行不可1989年] 肥後トンネル （ひごトンネル）は、 熊本県 八代市 坂本町鮎帰から同県 球磨郡 山江村 万江に至る 九州自動車道 の トンネル である。","https://ja.wikipedia.org/wiki/肥後トンネル","延長別日本の道路トンネルの一覧","https://ja.wikipedia.org/wiki/延長別日本の道路トンネルの一覧","表形式","","熊本県八代市坂本町鮎帰","熊本県球磨郡山江村万江","上り線：6,331 m下り線：6,340 m","供用中","片側2車線","E3九州自動車道","日本・ 熊本県","1989年","自動車（危険物積載車両除く）","80 km/h","西日本高速道路","","","","","","","",""
"加久藤トンネル","[11かくとう/加久藤トンネル43熊本県宮崎県きゆうしゆう-九州自動車道人吉IC～えびのIC6,264有通行不可1995年] 加久藤トンネル （かくとうトンネル）は、 熊本県 人吉市 と 宮崎県 えびの市 の 県境 間にある道路 トンネル 。 国道221号 または 九州自動車道 の各トンネルの名称である。","https://ja.wikipedia.org/wiki/加久藤トンネル","延長別日本の道路トンネルの一覧","https://ja.wikipedia.org/wiki/延長別日本の道路トンネルの一覧","表形式","","熊本県人吉市","宮崎県えびの市","1,808.7 m","供用中","片側1車線","国道221号","","1972年","自動車・歩行者","50 km/h","","","","","","","","",""
"あつみトンネル","[12あつみ/あつみトンネル06山形県にほんかい-日本海東北自動車道あつみ温泉IC～いらがわIC6,022無通行不可2005年2010年2012年] あつみトンネル （温海トンネル）は、 山形県 鶴岡市 温海 にある 日本海東北自動車道 の トンネル である。本坑の全長は6,022 メートル (m) で、 2017年 11月4日に 東北中央自動車道 の 栗子トンネル が開通するまでは東北地方では最長の道路トンネルであった  。","https://ja.wikipedia.org/wiki/あつみトンネル","延長別日本の道路トンネルの一覧","https://ja.wikipedia.org/wiki/延長別日本の道路トンネルの一覧","表形式","北緯38度38分31秒東経139度36分19秒","山形県鶴岡市温海","山形県鶴岡市五十川","本坑：6,022m避難坑：6,024 m","供用中","片側1車線","E7日本海東北自動車道"," 山形県","2012年3月24日","自動車","100km/h（規制速度:70 km/h）","国土交通省東北地方整備局酒田河川国道事務所","本坑：7 m避難坑：2.9 m","無料","2012年3月19日","","2006年7月25日","","",""
"袴腰トンネル","[13はかまこし/袴腰トンネル16富山県とうかいほくりく-東海北陸自動車道五箇山IC～福光IC5,939有通行不可2000年] 袴腰トンネル （はかまごしトンネル）は、 富山県 南砺市 にある 東海北陸自動車道 の トンネル 。全長5,939  m 。専用の避難用トンネルの完成により、火災時などの避難経路が確保されている。","https://ja.wikipedia.org/wiki/袴腰トンネル","延長別日本の道路トンネルの一覧","https://ja.wikipedia.org/wiki/延長別日本の道路トンネルの一覧","表形式","北緯36度25分40秒東経136度52分30秒","富山県南砺市漆谷","富山県南砺市上田外26ケ村入会地","5,939 m","供用中","2車線（片側1車線）","E41東海北陸自動車道"," 富山県南砺市","2000年（平成12年）9月30日","自動車","80km/h（規制速度 : 70 km/h）","","","","","","","","",""
"横浜北トンネル","[14よこはまきた/横浜北トンネル14神奈川県/しゆとこう-首都高速神奈川7号横浜北線岸谷生麦出入口～新横浜出入口5,900[4] 横浜北トンネル （よこはまきたトンネル）は 首都高速神奈川7号横浜北線 の トンネル で、2017年の開通時点において横浜市内で最長の道路トンネルである  。","https://ja.wikipedia.org/wiki/横浜北トンネル","延長別日本の道路トンネルの一覧","https://ja.wikipedia.org/wiki/延長別日本の道路トンネルの一覧","表形式","","横浜市港北区新羽町（地図）","横浜市神奈川区子安台（地図）","5.9km","運用中","2×2","首都高速神奈川7号横浜北線","","2017年3月18日","","60Km/h","首都高速道路株式会社","","（有料）","（東行）2013年10月（西行）2014年3月","","（東行）2010年12月（西行）2011年11月","","",""
"箕面トンネル (箕面有料道路)","[15みのお/箕面トンネル27大阪府/国道423-国道423号（箕面有料道路）5,623無通行不可2007年] 箕面トンネル （みのおトンネル）は、 大阪府 箕面市 白島と同市下止々呂美の間にある 箕面有料道路 の トンネル 。","https://ja.wikipedia.org/wiki/箕面トンネル_(箕面有料道路)","延長別日本の道路トンネルの一覧","https://ja.wikipedia.org/wiki/延長別日本の道路トンネルの一覧","表形式","","箕面市白島","箕面市下止々呂美","5,623m","供用中","両側2車線","箕面有料道路（国道423号バイパス）","日本・ 大阪府","2007年5月30日","自動車（危険物積載車両は通行禁止）","80km/h","大阪府道路公社","","","","","","","",""
"阪奈トンネル","[16はんな/阪奈トンネル27大阪府奈良県たい2はんな-第二阪奈有料道路西石切ランプ～壱分ランプ5,578無通行不可1986年1997年] 阪奈トンネル （はんなトンネル）は、 大阪府 東大阪市 と 奈良県 生駒市 を結ぶ、 第二阪奈道路 の 自動車専用道路 の トンネル である。","https://ja.wikipedia.org/wiki/阪奈トンネル","延長別日本の道路トンネルの一覧","https://ja.wikipedia.org/wiki/延長別日本の道路トンネルの一覧","表形式","","大阪府東大阪市","奈良県生駒市","5,578m大阪側：3,461 m奈良側：2,117 m","供用中","片側2車線","E92第二阪奈道路","","1997年（平成9年）4月23日","自動車","60km/h","","","","","","","","",""
"寒風山トンネル","[17かんふうさん/寒風山トンネル39高知県愛媛県/国道194-国道194号5,432無通行不可1981年1996年1999年無料で通れる一般道路の道路トンネルとしては日本最長。歩行者・軽車両および自転車が通行できるトンネルとしても日本最長。] 寒風山トンネル （かんぷうざんトンネル）は、 国道194号 の 高知県 吾川郡 いの町 と 愛媛県 西条市 との間の 寒風山 の下を貫く トンネル である。 四国 最長の道路トンネルでもある。旧寒風山トンネル（寒風山隧道）と区別する場合、 新寒風山トンネル ということもある。旧寒風山トンネルも併用されている（下記）。","https://ja.wikipedia.org/wiki/寒風山トンネル","延長別日本の道路トンネルの一覧","https://ja.wikipedia.org/wiki/延長別日本の道路トンネルの一覧","表形式","北緯33度48分12秒東経133度15分42秒","高知県吾川郡いの町","愛媛県西条市","5,432m","運用中","片側1車線","国道194号","高知県吾川郡いの町・愛媛県西条市","1999年(平成11年)4月17日","","","","9m","無料","","","","","",""
"関電トンネル","[18かんてん/関電トンネル20長野県富山県かんてん-関電トンネル電気バス5,375有1958年立山黒部アルペンルート構成路線の一つ。関西電力による電気バス（1964年から2018年まではトロリーバス[5] 関電トンネル （かんでんトンネル）は 長野県 大町市 と 富山県 中新川郡 立山町 を結ぶ道路 トンネル 。 関西電力 が保有しており、同社が運行する 関電トンネル電気バス の経路として供用されている。","https://ja.wikipedia.org/wiki/関電トンネル","延長別日本の道路トンネルの一覧","https://ja.wikipedia.org/wiki/延長別日本の道路トンネルの一覧","表形式","北緯36度34分0.2秒東経137度41分31.8秒","長野県大町市","富山県中新川郡立山町","5.4km","供用中","1車線","","鳴沢岳地下","1958年（昭和33年）2月","路線バス","","関西電力","","","","関西電力","1956年（昭和31年）8月","","1,470 m",""
"樽峠トンネル","[19たるとうけ/樽峠トンネル19山梨県静岡県ちゆうふおうたん-中部横断自動車道新清水JCT～富沢IC4,999[6] 樽峠トンネル （たるとうげトンネル）は、 静岡県 静岡市 清水区 と 山梨県 南巨摩郡 南部町 を結ぶ 中部横断自動車道 の トンネル である。","https://ja.wikipedia.org/wiki/樽峠トンネル","延長別日本の道路トンネルの一覧","https://ja.wikipedia.org/wiki/延長別日本の道路トンネルの一覧","表形式","北緯35度10分42秒東経138度27分29秒","静岡県静岡市清水区","山梨県南巨摩郡南部町","4,999 m（標識では5,000 m）","供用中","片側1車線 (暫定2車線)","E52中部横断自動車道"," 静岡県・ 山梨県","2019年3月10日","自動車","80km/h（規制速度   70 km/h","中日本高速道路","9.5m","","","","","","",""
"荒島第二トンネル","[あらしまたいに/荒島第二トンネル18福井県　おおのあふらさかとうろ-大野油坂道路勝原IC～下山IC4,998[8] 荒島第二トンネル （あらしまだいにトンネル）は、 福井県 大野市 に建設中の 中部縦貫自動車道 の トンネル である。名称は仮称である。","https://ja.wikipedia.org/wiki/荒島第二トンネル","延長別日本の道路トンネルの一覧","https://ja.wikipedia.org/wiki/延長別日本の道路トンネルの一覧","表形式","","福井県大野市","同上","4,998m","事業中","完成2車線","E67中部縦貫自動車道（大野油坂道路）"," 福井県","2022年（令和4年）度（予定）","自動車","60km/h","","12.0 m","無料","","","2014年（平成26年）8月30日","","",""
"区界峠","[20しんくさかい/新区界トンネル03岩手県/国道106号-国道106号（宮古盛岡横断道路）4,998[10] 区界峠 （くざかいとうげ）は 岩手県 盛岡市 から同県 宮古市 を結ぶ峠。標高751 m。","https://ja.wikipedia.org/wiki/区界峠#新区界トンネル","延長別日本の道路トンネルの一覧","https://ja.wikipedia.org/wiki/延長別日本の道路トンネルの一覧","表形式","北緯39度39分13秒 東経141度20分59.3秒","","","","","","","","","","","","","","","","","","",""
"箕面トンネル (新名神高速道路)","[21みのお/箕面トンネル27大阪府しんめいしんこうそくとうろ-新名神高速道路茨木千提寺IC～箕面とどろみIC4,997[12] 箕面トンネル （みのおトンネル 英語記名 : Mino Tunnel）は、 大阪府 にある 新名神高速道路 の トンネル 。 茨木千提寺IC / PA （ 茨木市 ） - 箕面とどろみIC （ 箕面市 ）間に位置し、 北摂山系 鉢伏山 （標高604  m ）を貫通してトンネル途中で 豊能郡 豊能町 を通過する。","https://ja.wikipedia.org/wiki/箕面トンネル_(新名神高速道路)","延長別日本の道路トンネルの一覧","https://ja.wikipedia.org/wiki/延長別日本の道路トンネルの一覧","表形式","北緯34度52分26.4秒 東経135度29分14.3秒","大阪府茨木市","大阪府箕面市","（上り線）4,997m（下り線）4,982m","供用中","片側2車線（暫定4車線）","E1A新名神高速道路","日本・ 大阪府","2017年（平成29年）12月10日","自動車","100km/h","西日本高速道路","上下線とも各8m（車線3.5 m×2＋路肩1 m）","","2016年12月3日（上下線貫通）","","","","",""
"青崩トンネル","[あおくすれ/青崩トンネル22静岡県長野県さんえんなんしん-三遠南信自動車道水窪IC～南信濃IC4,9902019年[14] 青崩トンネル （あおくずれトンネル）は、 長野県 飯田市 から 静岡県 浜松市 天竜区 に至る 三遠南信自動車道 の建設中のトンネルである。","https://ja.wikipedia.org/wiki/青崩トンネル","延長別日本の道路トンネルの一覧","https://ja.wikipedia.org/wiki/延長別日本の道路トンネルの一覧","表形式","","長野県飯田市","静岡県浜松市天竜区","4,998m","事業中","2車線（完成2車線）","E69三遠南信自動車道"," 長野県・ 静岡県","未定","自動車","60km/h","国土交通省中部地方整備局飯田国道事務所","9.5 m","無料","","","2019年","","",""
"利賀トンネル (存在しないページ)","[22とか/利賀トンネル16富山県とかたむこうしようとうろ-利賀ダム工事用道路4,982[15]将来は国道471号の利賀バイパスに転用される予定。]","https://ja.wikipedia.org/w/index.php?title=利賀トンネル&amp;action=edit&amp;redlink=1","延長別日本の道路トンネルの一覧","https://ja.wikipedia.org/wiki/延長別日本の道路トンネルの一覧","表形式","","","","","","","","","","","","","","","","","","","",""
"えりも黄金トンネル","[23えりもおうこん/えりも黄金トンネル01北海道/国道336-国道336号（黄金道路）4,9412006年2009年2011年既存の宇遠別トンネルと接続。北海道最長のトンネル。] えりも黄金トンネル （えりもおうごんトンネル）は、 北海道 幌泉郡 えりも町 の 国道336号 （ 黄金道路 ）上にある国道 トンネル 。全長は4,941 m で、北海道内の道路トンネルで最も長い。","https://ja.wikipedia.org/wiki/えりも黄金トンネル","延長別日本の道路トンネルの一覧","https://ja.wikipedia.org/wiki/延長別日本の道路トンネルの一覧","表形式","北緯42度07分11秒東経143度18分59秒","日高振興局えりも町庶野","日高振興局えりも町目黒","4,941m","供用中","2車線","","日本北海道","2011年（平成23年）2月2日","","","","","","","","","","6.6m",""
"岐阜山県第一トンネル (存在しないページ)","[きふやまかた/岐阜山県第一トンネル21岐阜県とうかいかんしよう-東海環状自動車道山県IC～岐阜IC4,931[16]2018年]","https://ja.wikipedia.org/w/index.php?title=岐阜山県第一トンネル&amp;action=edit&amp;redlink=1","延長別日本の道路トンネルの一覧","https://ja.wikipedia.org/wiki/延長別日本の道路トンネルの一覧","表形式","","","","","","","","","","","","","","","","","","","",""
"大和川第3トンネル (存在しないページ)","[24やまとかわたいさん/大和川第3トンネル27大阪府はんしんこうそく6こうやまとかわ-阪神高速6号大和川線鉄砲出入口～三宅西出入口4,922[17]2020年]","https://ja.wikipedia.org/w/index.php?title=大和川第3トンネル&amp;action=edit&amp;redlink=1","延長別日本の道路トンネルの一覧","https://ja.wikipedia.org/wiki/延長別日本の道路トンネルの一覧","表形式","","","","","","","","","","","","","","","","","","","",""
"大万木トンネル","[25おおよろき/大万木トンネル34広島県島根県まつえ-松江自動車道高野IC～雲南吉田IC4,8782008年2011年2013年] 大万木トンネル （おおよろぎトンネル）は、 広島県 庄原市 と 島根県 雲南市 に跨る 松江自動車道 の 高野IC - 雲南吉田IC 間に位置する トンネル である。","https://ja.wikipedia.org/wiki/大万木トンネル","延長別日本の道路トンネルの一覧","https://ja.wikipedia.org/wiki/延長別日本の道路トンネルの一覧","表形式","","広島県庄原市高野町和南原","島根県雲南市吉田町吉田","4,878 m","供用中","暫定2車線","E54松江自動車道","広島県・島根県","2013年（平成25年）3月30日","自動車","80km/h（規制速度 : 70km/h）","国土交通省","","無料","2011年（平成23年）","国土交通省","2008年（平成20年）11月","","",""
"ささゆりトンネル (存在しないページ)","[26ささゆり/ささゆりトンネル21岐阜県のうひおうたん-濃飛横断自動車道金山IC～下呂IC4,8772012年]","https://ja.wikipedia.org/w/index.php?title=ささゆりトンネル&amp;action=edit&amp;redlink=1","延長別日本の道路トンネルの一覧","https://ja.wikipedia.org/wiki/延長別日本の道路トンネルの一覧","表形式","","","","","","","","","","","","","","","","","","","",""
"猪八重トンネル","[いのはえ/猪八重トンネル45宮崎県ひかしきゆうしゆうしとうしやとう-東九州自動車道清武南IC～日南北郷IC4,858[18] 猪八重トンネル （いのはえトンネル）は 宮崎県 日南市 北郷町 で建設中の 東九州自動車道 のトンネルである。トンネル自体は2013年（平成25年）に貫通しているが、他のトンネルの工事の遅れ等により、2022年（令和4年）供用開始を予定している  。全長4,858m  。供用開始後、東九州道では最長、九州では 肥後トンネル （6,340m）、 加久藤トンネル （6,264m）に次いで3番目（宮崎県内では加久藤トンネルに次いで2番目）に長い道路トンネルになる予定である。","https://ja.wikipedia.org/wiki/猪八重トンネル","延長別日本の道路トンネルの一覧","https://ja.wikipedia.org/wiki/延長別日本の道路トンネルの一覧","表形式","","日南市北郷町北河内","日南市北郷町郷之原","4,858m","貫通済（未供用）","暫定2車線（完成4車線）","E78東九州自動車道"," 宮崎県","2022年度供用開始","自動車","100km/h（暫定80km/h）","国土交通省 宮崎河川国道事務所","14.5m","無料","2013年4月8日（貫通）","国土交通省九州地方整備局","","","",""
"北薩トンネル","[27ほくさつ/北薩トンネル46鹿児島県ほくさつおうたんとうろ-北薩横断道路きららIC～中屋敷IC4,8502009年2013年2018年] 北薩トンネル （ほくさつトンネル）は、 鹿児島県 薩摩郡 さつま町 泊野から同県 出水市 高尾野町柴引に至る 北薩横断道路 の トンネル である。全長は4,850  m であり、鹿児島県の道路トンネルとしては最長   、 九州地方 の道路トンネルとしては 九州自動車道 の 加久藤トンネル に次いで3番目の延長を有する（ 2018年 現在）。","https://ja.wikipedia.org/wiki/北薩トンネル","延長別日本の道路トンネルの一覧","https://ja.wikipedia.org/wiki/延長別日本の道路トンネルの一覧","表形式","","鹿児島県薩摩郡さつま町泊野（地図）","鹿児島県出水市高尾野町柴引（地図）","4,850m","供用中","2車線（暫定二車線）","北薩横断道路泊野道路","鹿児島県","2018年3月25日","自動車","60km/h","鹿児島県北薩地域振興局","9.5 m","無料","2013年3月24日","鹿児島県","2009年3月16日","","",""
"冠山峠2号トンネル (存在しないページ)","[かんむりやまとうけにこう/冠山峠2号トンネル21岐阜県福井県/国道417-国道417号4,834[19]2014年2020年[20]2024年]","https://ja.wikipedia.org/w/index.php?title=冠山峠2号トンネル&amp;action=edit&amp;redlink=1","延長別日本の道路トンネルの一覧","https://ja.wikipedia.org/wiki/延長別日本の道路トンネルの一覧","表形式","","","","","","","","","","","","","","","","","","","",""
"青橅山トンネル (存在しないページ)","[あおふなやま/青橅山トンネル02青森県/国道103-国道103号4,810]","https://ja.wikipedia.org/w/index.php?title=青橅山トンネル&amp;action=edit&amp;redlink=1","延長別日本の道路トンネルの一覧","https://ja.wikipedia.org/wiki/延長別日本の道路トンネルの一覧","表形式","","","","","","","","","","","","","","","","","","","",""
"滝室坂トンネル (存在しないページ)","[たきむろさか/滝室坂トンネル43熊本県/国道57-国道57号（中九州横断道路）4,800[21]2018年[21]]","https://ja.wikipedia.org/w/index.php?title=滝室坂トンネル&amp;action=edit&amp;redlink=1","延長別日本の道路トンネルの一覧","https://ja.wikipedia.org/wiki/延長別日本の道路トンネルの一覧","表形式","","","","","","","","","","","","","","","","","","","",""
"笹子トンネル (中央自動車道)","[28ささこ/笹子トンネル19山梨県ちゆうおう-中央自動車道大月JCT～勝沼IC4,784有1975年1977年] 笹子トンネル （ささごトンネル）は、 山梨県 大月市 と同県 甲州市 の間にある、 中央自動車道 本線（西宮線）の トンネル である。","https://ja.wikipedia.org/wiki/笹子トンネル_(中央自動車道)","延長別日本の道路トンネルの一覧","https://ja.wikipedia.org/wiki/延長別日本の道路トンネルの一覧","表形式","北緯35度37分7.7秒東経138度47分42.8秒","山梨県大月市笹子町","山梨県甲州市大和町","（上り線）4,784m（下り線）4,717 m","供用中","（上り線）2車線（下り線）2車線","E20中央自動車道"," 山梨県","1977年（昭和52年）12月20日","自動車","80km/h（規制速度:70 km/h）","","","","1975年（昭和50年）","中日本高速道路株式会社","","","",""
"音中トンネル (存在しないページ)","[おとなか/音中トンネル01北海道おといねつふはいはす-音威子府バイパス音威子府IC～中川IC4,686[22]2010年2020年[23]]","https://ja.wikipedia.org/w/index.php?title=音中トンネル&amp;action=edit&amp;redlink=1","延長別日本の道路トンネルの一覧","https://ja.wikipedia.org/wiki/延長別日本の道路トンネルの一覧","表形式","","","","","","","","","","","","","","","","","","","",""
"粟ケ岳トンネル","[29あわか/粟ケ岳トンネル22静岡県たい2とうめい-新東名高速道路島田金谷IC～森掛川IC4,6621997年2007年2012年] 粟ケ岳トンネル （あわがたけトンネル、英語 : Awagatake Tunnel）は、 静岡県 島田市 から同県 掛川市 に至る 新東名高速道路 の トンネル である。開通前の仮称は「金谷トンネル」であった。","https://ja.wikipedia.org/wiki/粟ケ岳トンネル","延長別日本の道路トンネルの一覧","https://ja.wikipedia.org/wiki/延長別日本の道路トンネルの一覧","表形式","","静岡県島田市","静岡県掛川市","4,522m（上り線）4,662 m（下り線）","供用中","片側3車線（完成6車線）","E1A新東名高速道路","日本・ 静岡県","2012年（平成24年）4月14日","自動車","120km/h（規制速度 : 120 km/h）","中日本高速道路","上下線とも16.9 m（車線3.75  m×3+路肩2.5 m）","","2003年（平成15年）8月（下り線）2007年（平成19年）1月26日（上り線）","","","","",""
"御坂峠","[みさか/御坂トンネル19山梨県/国道137-国道137号4,600[24] 御坂峠 （みさかとうげ）は、 山梨県 南都留郡 富士河口湖町 と同県 笛吹市 御坂町にまたがる 峠 。鎌倉往還御坂路のルート上にある。御坂の名は 日本武尊 が東国遠征の際に越えたことに由来するとされる。","https://ja.wikipedia.org/wiki/御坂峠","延長別日本の道路トンネルの一覧","https://ja.wikipedia.org/wiki/延長別日本の道路トンネルの一覧","表形式","北緯35度33分23秒東経138度45分49秒","","","","","","","","","","","","","","","","","山梨県南都留郡富士河口湖町・笛吹市","",""
"タラガトンネル","[30たらか/タラガトンネル21岐阜県/国道256-国道256号4,5712000年2005年2007年] タラガトンネル は、 国道256号 の 岐阜県 郡上市 （ 旧 八幡町 ）那比と 関市 門出南（ 旧 板取村 ）間を結ぶ トンネル である  。","https://ja.wikipedia.org/wiki/タラガトンネル","延長別日本の道路トンネルの一覧","https://ja.wikipedia.org/wiki/延長別日本の道路トンネルの一覧","表形式","","岐阜県郡上市","岐阜県関市","4,571m","供用中","両側2車線","国道256号","日本・ 岐阜県","2007年8月3日","","","","","","","","","","",""
"子不知トンネル","[31こしらす/子不知トンネル15新潟県ほくりく-北陸自動車道親不知IC～糸魚川IC4,5631988年] 子不知トンネル （こしらずトンネル）は 新潟県 糸魚川市 の 北陸自動車道 ・ 親不知IC ～ 糸魚川IC 間にある トンネル 。","https://ja.wikipedia.org/wiki/子不知トンネル","延長別日本の道路トンネルの一覧","https://ja.wikipedia.org/wiki/延長別日本の道路トンネルの一覧","表形式","","新潟県糸魚川市","新潟県糸魚川市","（上り線）4,557m（下り線）4,563m","供用中","（上り線）2車線（下り線）2車線","E8北陸自動車道"," 新潟県","","自動車","80km/h","","","","","東日本高速道路株式会社","","","",""
"高知県","[いちこう/1号トンネル36高知県あなんあき-阿南安芸自動車道（野根安倉道路）野根IC交差点～安倉交差点4,550[25] ","https://ja.wikipedia.org/wiki/高知県","延長別日本の道路トンネルの一覧","https://ja.wikipedia.org/wiki/延長別日本の道路トンネルの一覧","表形式","北緯33度33分34.9秒東経133度31分51.7秒","","","","","","","","","","","","","","","","","〒780-8570高知県高知市丸ノ内一丁目2番20号北緯33度33分34.9秒東経133度31分51.7秒﻿ / ﻿北緯33.559694度 東経133.531028度﻿ /33.559694; 133.531028﻿ (高知県)座標:北緯33度33分34.9秒東経133度31分51.7秒﻿ / ﻿北緯33.559694度 東経133.531028度﻿ /33.559694; 133.531028﻿ (高知県)県庁舎位置","",""
"三遠トンネル (存在しないページ)","[32さんえん/三遠トンネル22静岡県さんえんなんしん-三遠南信自動車道渋川寺野IC～鳳来峡IC4,5252005年2012年]","https://ja.wikipedia.org/w/index.php?title=三遠トンネル&amp;action=edit&amp;redlink=1","延長別日本の道路トンネルの一覧","https://ja.wikipedia.org/wiki/延長別日本の道路トンネルの一覧","表形式","","","","","","","","","","","","","","","","","","","",""
"五里ヶ峯トンネル","[33こりかみね/五里ヶ峯トンネル20長野県しようしんえつ-上信越自動車道坂城IC～更埴JCT4,518有1996年] 長野県 埴科郡 坂城町 と 千曲市 （旧 更埴市 ）の間、 千曲川さかきPA （埴科郡坂城町）・ 屋代BS （千曲市）間にある トンネル 。","https://ja.wikipedia.org/wiki/五里ヶ峯トンネル","延長別日本の道路トンネルの一覧","https://ja.wikipedia.org/wiki/延長別日本の道路トンネルの一覧","表形式","北緯36度29分35.5秒東経138度10分35.5秒","長野県埴科郡坂城町","長野県千曲市","（上り線）4,518m（下り線）4,474m","供用中","（上り線）2車線（下り線）2車線","E18上信越自動車道","長野県","1996年11月14日","自動車","","","","","","東日本高速道路株式会社","","","",""
"富士川トンネル","[34ふしかわ/富士川トンネル22静岡県たい2とうめい-新東名高速道路新富士IC～新清水IC4,5032005年2012年] 新富士川橋 （しんふじがわばし）は新東名高速道路 新富士IC - 新清水IC 間にある、日本初の 鋼 ・ コンクリート 複合 アーチ橋 。","https://ja.wikipedia.org/wiki/富士川トンネル","延長別日本の道路トンネルの一覧","https://ja.wikipedia.org/wiki/延長別日本の道路トンネルの一覧","表形式","北緯34度50分50.1秒 東経137度43分49.3秒","","","（上り線）365m（下り線）381 m","","","","","","","","","18.05 m","","","","","静岡県富士宮市-静岡県富士市","",""
"博士トンネル (存在しないページ)","[はかせ/博士トンネル09福島県こくとう401-国道401号（博士峠バイパス）4,503[26]2018年[26]]","https://ja.wikipedia.org/w/index.php?title=博士トンネル&amp;action=edit&amp;redlink=1","延長別日本の道路トンネルの一覧","https://ja.wikipedia.org/wiki/延長別日本の道路トンネルの一覧","表形式","","","","","","","","","","","","","","","","","","","",""
"奈良県","[仮称不明29奈良県けいなわ-京奈和自動車道奈良北IC～奈良IC4,500[27] 紀伊半島 内陸部にあり、 令制国 の 大和国 の領域を占め、北西部の盆地部を除けば険しい山々がそびえており、人口の偏りがかなり大きい。都道府県面積は全国で8番目に狭く 内陸8県 では最も狭い。","https://ja.wikipedia.org/wiki/奈良県","延長別日本の道路トンネルの一覧","https://ja.wikipedia.org/wiki/延長別日本の道路トンネルの一覧","表形式","北緯34度41分6.7秒東経135度49分58.6秒","","","","","","","","","","","","","","","","","〒630-8501奈良県奈良市登大路町30北緯34度41分6.7秒東経135度49分58.6秒﻿ / ﻿北緯34.685194度 東経135.832944度﻿ /34.685194; 135.832944﻿ (奈良県)座標:北緯34度41分6.7秒東経135度49分58.6秒﻿ / ﻿北緯34.685194度 東経135.832944度﻿ /34.685194; 135.832944﻿ (奈良県)県庁舎位置","",""
"新仙人トンネル (存在しないページ)","[35しんせんにん/新仙人トンネル03岩手県/国道283-国道283号（仙人峠道路）4,4922007年]","https://ja.wikipedia.org/w/index.php?title=新仙人トンネル&amp;action=edit&amp;redlink=1","延長別日本の道路トンネルの一覧","https://ja.wikipedia.org/wiki/延長別日本の道路トンネルの一覧","表形式","","","","","","","","","","","","","","","","","","","",""
"猪臥山トンネル","[36いふしやま/猪臥山トンネル21岐阜県きふけんとう90岐阜県道90号古川清見線4,4752002年都道府県道で日本最長のトンネル] 猪臥山トンネル （いぶしやまトンネル）は、 岐阜県 高山市 夏厩と 飛騨市 畦畑を結ぶ、 岐阜県道90号古川清見線 （飛騨卯の花街道）の トンネル である。","https://ja.wikipedia.org/wiki/猪臥山トンネル","延長別日本の道路トンネルの一覧","https://ja.wikipedia.org/wiki/延長別日本の道路トンネルの一覧","表形式","北緯36度12分2秒東経137度7分4秒","岐阜県飛騨市","岐阜県高山市","4,475m","供用中","（上り線）1車線（下り線）1車線","岐阜県道90号古川清見線","岐阜県","","","","","","","-2001年9月","岐阜県","","","",""
"八風山トンネル","[37はつふうさん/八風山トンネル10群馬県長野県しようしんえつ-上信越自動車道碓氷軽井沢IC～佐久IC4,4711993年] 八風山トンネル （はっぷうさんトンネル）とは、 群馬県 甘楽郡 下仁田町 と 長野県 佐久市 の 上信越自動車道 ・ 碓氷軽井沢IC ～ 佐久平PA 間にある トンネル 。","https://ja.wikipedia.org/wiki/八風山トンネル","延長別日本の道路トンネルの一覧","https://ja.wikipedia.org/wiki/延長別日本の道路トンネルの一覧","表形式","北緯36度16分27秒 東経138度36分13秒","群馬県甘楽郡下仁田町","長野県佐久市","（上り線）3,998m（下り線）4,471m","供用中","（上り線）2車線（下り線）2車線","E18上信越自動車道"," 群馬県・ 長野県","","自動車","80km/h","","","","","東日本高速道路株式会社","","","932m",""
"権兵衛トンネル","[38こんへえ/権兵衛トンネル20長野県/国道361-国道361号4,4671993年2003年2006年] 権兵衛トンネル （ごんべえトンネル）は、 国道361号 にある 長野県 塩尻市 と 上伊那郡 南箕輪村 （飛地）を 木曽山脈 を貫いて結ぶ、全長4,467mの トンネル である。","https://ja.wikipedia.org/wiki/権兵衛トンネル","延長別日本の道路トンネルの一覧","https://ja.wikipedia.org/wiki/延長別日本の道路トンネルの一覧","表形式","","長野県塩尻市","長野県上伊那郡南箕輪村","4,467m","供用中","両側2車線","国道361号","日本・ 長野県","2006年2月4日","","","","","無料","","","","","",""
"新釧勝トンネル (存在しないページ)","[39せんしよう/新釧勝トンネル01北海道とうとう-道東自動車道本別IC～白糠IC4,4602007年2015年]","https://ja.wikipedia.org/w/index.php?title=新釧勝トンネル&amp;action=edit&amp;redlink=1","延長別日本の道路トンネルの一覧","https://ja.wikipedia.org/wiki/延長別日本の道路トンネルの一覧","表形式","","","","","","","","","","","","","","","","","","","",""
"猿投山トンネル (存在しないページ)","[40さなけやま/猿投山トンネル23愛知県とうかいかんしよう-東海環状自動車道豊田藤岡IC～せと赤津IC4,4342004年2005年]","https://ja.wikipedia.org/w/index.php?title=猿投山トンネル&amp;action=edit&amp;redlink=1","延長別日本の道路トンネルの一覧","https://ja.wikipedia.org/wiki/延長別日本の道路トンネルの一覧","表形式","","","","","","","","","","","","","","","","","","","",""
"安房トンネル","[41あほう/安房トンネル20長野県岐阜県あほうとうけとうろ-安房峠道路中ノ湯IC～平湯IC4,3701995年1997年] 安房峠道路 （あぼうとうげどうろ）は、 高規格幹線道路 中部縦貫自動車道 （ 国道158号 ）のうち、 長野 ・ 岐阜県 境の 安房峠 直下で短絡している 自動車専用道路 である。","https://ja.wikipedia.org/wiki/安房トンネル","延長別日本の道路トンネルの一覧","https://ja.wikipedia.org/wiki/延長別日本の道路トンネルの一覧","表形式","","高山市","松本市","","","","","","","","","","","","","","","","","5.6km"
"小鳥トンネル","[42おとり/小鳥トンネル21岐阜県たかやまきよみとうろ-高山清見道路飛騨清見IC・JCT～高山西IC4,3462000年2003年2004年] 小鳥トンネル （おどりトンネル）は、 岐阜県 高山市 にある 中部縦貫自動車道 （高山清見道路）の トンネル である。","https://ja.wikipedia.org/wiki/小鳥トンネル","延長別日本の道路トンネルの一覧","https://ja.wikipedia.org/wiki/延長別日本の道路トンネルの一覧","表形式","北緯36度8分13秒 東経137度6分53秒","岐阜県高山市","岐阜県高山市","4,346m","供用中","片側1車線（暫定2車線）","E67中部縦貫自動車道（高山清見道路）","日本・ 岐阜県","2004年11月27日","自動車","80km/h","","","無料","","","","","",""
"甲子トンネル","[43こうし/甲子トンネル39福島県/国道289-国道289号4,3452008年] 甲子道路 （かしどうろ）は、 国道289号 の 自動車通行不能区間 および 狭隘区間 解消を目的として建設された 福島県 南会津郡 下郷町 から福島県 西白河郡 西郷村 を結ぶ延長23.3 キロメートル (km)の道路である  。 2008年 （ 平成 20年） 9月21日 、主トンネルである甲子トンネルを含む区間が開通し、 自動車通行不能区間 が解消した  。 2019年 （平成31年） 3月25日 、残された下郷町内のおよそ2.6 kmの区間が開通し、全線開通した  。","https://ja.wikipedia.org/wiki/甲子トンネル","延長別日本の道路トンネルの一覧","https://ja.wikipedia.org/wiki/延長別日本の道路トンネルの一覧","表形式","","福島県南会津郡下郷町","福島県西白河郡西郷村","","","","","","","","","","","","","","","","","23.3km"
"穂別トンネル","[44ほへつ/穂別トンネル01北海道とうとう-道東自動車道むかわ穂別IC～占冠IC4,3182006年2010年2011年] 穂別トンネル （ほべつトンネル）は、 北海道 勇払郡 むかわ町 と 占冠村 との間にある 道東自動車道 の トンネル である。","https://ja.wikipedia.org/wiki/穂別トンネル","延長別日本の道路トンネルの一覧","https://ja.wikipedia.org/wiki/延長別日本の道路トンネルの一覧","表形式","北緯42度57分12秒東経142度16分22秒","胆振総合振興局勇払郡むかわ町","上川総合振興局勇払郡占冠村","4,318m","供用中","暫定2車線","E38道東自動車道","日本・ 北海道","2011年（平成23年）10月29日","自動車","70km/h","NEXCO東日本","","","","","2006年（平成18年）","","",""
"宇治トンネル","[45うじ/宇治トンネル26京都府/けいじ京滋バイパス笠取IC～宇治東IC4,3131988年] 宇治トンネル （うじトンネル）は、 京都府 宇治市 を通る、 京滋バイパス の 自動車専用 トンネル である。","https://ja.wikipedia.org/wiki/宇治トンネル","延長別日本の道路トンネルの一覧","https://ja.wikipedia.org/wiki/延長別日本の道路トンネルの一覧","表形式","","","","","","","","","","","","","","","","","","","",""
"笹ヶ峰トンネル","[46ささがみね/笹ヶ峰トンネル39高知県愛媛県こうち高知自動車道新宮IC~大豊IC4,3071992年] 笹ヶ峰トンネル （ささがみねトンネル）は、 高知県 長岡郡 大豊町 と 愛媛県 四国中央市 新宮町の 県境 にある 笹ヶ峰峠 (1,027m)直下を貫通する トンネル で、 高知自動車道 と 愛媛県道・高知県道5号川之江大豊線 のものがそれぞれ存在する。","https://ja.wikipedia.org/wiki/笹ヶ峰トンネル","延長別日本の道路トンネルの一覧","https://ja.wikipedia.org/wiki/延長別日本の道路トンネルの一覧","表形式","","","","","","","","","","","","","","","","","","","",""
"太郎山トンネル","[47たろうさん/太郎山トンネル20長野県じょうしんえつ/上信越自動車道上田菅平IC～坂城IC4,303有1996年] 太郎山トンネル （たろうやまトンネル）は、 長野県 上田市 と長野県 埴科郡 坂城町 の 上信越自動車道 ・ 上田菅平IC ～ 坂城IC 間にある トンネル 。","https://ja.wikipedia.org/wiki/太郎山トンネル","延長別日本の道路トンネルの一覧","https://ja.wikipedia.org/wiki/延長別日本の道路トンネルの一覧","表形式","","長野県上田市","長野県埴科郡坂城町","（上り線）4,264m（下り線）4,303m","供用中","（上り線）2車線（下り線）2車線","E18上信越自動車道","長野県","","自動車","","","","","","東日本高速道路株式会社","","","",""
"坂梨トンネル","[48さかなし/坂梨トンネル05秋田県青森県とうほく/東北自動車道小坂JCT～碇ヶ関IC4,2651986年] 坂梨トンネル （さかなしトンネル）は、 秋田県 鹿角郡 小坂町 と 青森県 平川市 を結ぶ 東北自動車道 の トンネル 。 小坂JCT - 碇ヶ関IC の間に存在し、上り線が4,254m、下り線が4,265mの東北自動車道で最も長いトンネルである。","https://ja.wikipedia.org/wiki/坂梨トンネル","延長別日本の道路トンネルの一覧","https://ja.wikipedia.org/wiki/延長別日本の道路トンネルの一覧","表形式","","秋田県鹿角郡小坂町","青森県平川市","（上り線）4,254m（下り線）4,265m","供用中","（上り線）2車線（下り線）2車線","E4東北自動車道"," 秋田県・ 青森県","1986年7月30日","自動車","80km/h","","","","","東日本高速道路株式会社","","","",""
"網野子トンネル (存在しないページ)","[49あみのこ/網野子トンネル46鹿児島県/国道58-国道58号4,2432003年2012年2015年離島にあるトンネルとして日本最長。]","https://ja.wikipedia.org/w/index.php?title=網野子トンネル&amp;action=edit&amp;redlink=1","延長別日本の道路トンネルの一覧","https://ja.wikipedia.org/wiki/延長別日本の道路トンネルの一覧","表形式","","","","","","","","","","","","","","","","","","","",""
"野塚トンネル","[50のつか/野塚トンネル01北海道/国道236-国道236号4,2321968年] 野塚トンネル （のづかトンネル）は 北海道 広尾町 字上豊似と 浦河町 上杵臼を結ぶ 国道236号 の トンネル 。","https://ja.wikipedia.org/wiki/野塚トンネル","延長別日本の道路トンネルの一覧","https://ja.wikipedia.org/wiki/延長別日本の道路トンネルの一覧","表形式","北緯42度19分49秒東経143度02分17秒","十勝総合振興局広尾町字上豊似","日高振興局浦河町上杵臼","4,232m","供用中","2車線","","日本北海道","1990年（平成2年）","","","","","","","","1979年（昭和54年）","","585m",""
"浜益トンネル (存在しないページ)","[51はまます/浜益トンネル01北海道/国道231-国道231号4,2162012年2016年防災対策として、既存のガマタトンネル・雄冬岬トンネルを1,555mの新トンネルでつなぎ、1本化。]","https://ja.wikipedia.org/w/index.php?title=浜益トンネル&amp;action=edit&amp;redlink=1","延長別日本の道路トンネルの一覧","https://ja.wikipedia.org/wiki/延長別日本の道路トンネルの一覧","表形式","","","","","","","","","","","","","","","","","","","",""
"新猪ノ鼻トンネル (存在しないページ)","[52しんいのはな/新猪ノ鼻トンネル37香川県徳島県/国道32-国道32号4,1872016年2020年[28]]","https://ja.wikipedia.org/w/index.php?title=新猪ノ鼻トンネル&amp;action=edit&amp;redlink=1","延長別日本の道路トンネルの一覧","https://ja.wikipedia.org/wiki/延長別日本の道路トンネルの一覧","表形式","","","","","","","","","","","","","","","","","","","",""
"矢筈トンネル","[53やはず/矢筈トンネル20長野県さんえんなんしん/三遠南信自動車道喬木IC～国道152号仮接続部4,1761994年] 矢筈トンネル （やはずトンネル）は、 長野県 下伊那郡 喬木村 と 飯田市 との境にある 伊那山地 を貫通する 三遠南信自動車道 小川路峠道路（ 国道474号 ）の トンネル 。全長は4,176 m  。","https://ja.wikipedia.org/wiki/矢筈トンネル","延長別日本の道路トンネルの一覧","https://ja.wikipedia.org/wiki/延長別日本の道路トンネルの一覧","表形式","北緯35度26分58秒東経137度57分46秒","長野県下伊那郡喬木村","長野県飯田市","4,176m","暫定供用中","2車線","E69三遠南信自動車道小川路峠道路（国道474号）","長野県矢筈トンネル","1994年3月","","設計速度 80km/h","","9.5 m","","","","","","",""
"大夕張トンネル (存在しないページ)","[54おおゆうばり/大夕張トンネル01北海道どうとう-道東自動車道夕張IC～むかわ穂別IC4,1722006年2010年2011年]","https://ja.wikipedia.org/w/index.php?title=大夕張トンネル&amp;action=edit&amp;redlink=1","延長別日本の道路トンネルの一覧","https://ja.wikipedia.org/wiki/延長別日本の道路トンネルの一覧","表形式","","","","","","","","","","","","","","","","","","","",""
"石榑トンネル","[55いしばく/石榑トンネル24三重県滋賀県/国道421-国道421号4,1572006年2009年2011年] 石榑峠 （いしぐれとうげ）は、 鈴鹿山脈 の 三重県 いなべ市 と 滋賀県 東近江市 との境にある 峠 。 国道421号 が通る。標高は690m。","https://ja.wikipedia.org/wiki/石榑トンネル","延長別日本の道路トンネルの一覧","https://ja.wikipedia.org/wiki/延長別日本の道路トンネルの一覧","表形式","北緯35度06分29秒東経136度26分28秒","","","","","","","","","","","","","","","","","日本三重県いなべ市、滋賀県東近江市","",""
"野登トンネル (存在しないページ)","[56ののぼり/野登トンネル24三重県しんめいしんこうそくどうろ-新名神高速道路鈴鹿PA/SIC～亀山西JCT4,1372019年]","https://ja.wikipedia.org/w/index.php?title=野登トンネル&amp;action=edit&amp;redlink=1","延長別日本の道路トンネルの一覧","https://ja.wikipedia.org/wiki/延長別日本の道路トンネルの一覧","表形式","","","","","","","","","","","","","","","","","","","",""
"新佐呂間トンネル (存在しないページ)","[57しんさろま/新佐呂間トンネル01北海道/国道333-国道333号4,1102004年2007年2009年]","https://ja.wikipedia.org/w/index.php?title=新佐呂間トンネル&amp;action=edit&amp;redlink=1","延長別日本の道路トンネルの一覧","https://ja.wikipedia.org/wiki/延長別日本の道路トンネルの一覧","表形式","","","","","","","","","","","","","","","","","","","",""
"横浜北西トンネル","[58よこはまほくせい/横浜北西トンネル14神奈川県しゆとこうかなかわ7-首都高速神奈川7号横浜北西線横浜港北JCT・出入口～横浜青葉JCT・出入口4,100有通行不可2012年2019年2020年] 横浜北西トンネル （よこはまほくせいトンネル）は、 神奈川県 横浜市 緑区 北八朔町 から神奈川県横浜市都筑区東方町に至る 首都高速神奈川7号横浜北西線 の トンネル である。","https://ja.wikipedia.org/wiki/横浜北西トンネル","延長別日本の道路トンネルの一覧","https://ja.wikipedia.org/wiki/延長別日本の道路トンネルの一覧","表形式","","神奈川県横浜市緑区北八朔町","神奈川県横浜市都筑区東方町","4.1km","供用中","2×2","首都高速神奈川7号横浜北西線","","2020年3月22日","自動車","60 km/h","首都高速道路株式会社","","有料","2019年10月","","2017年","","",""
"擂鉢山トンネル (存在しないページ)","[59すりはちさん/擂鉢山トンネル33岡山県よなご/米子自動車道久世IC～湯原IC4,0991992年]","https://ja.wikipedia.org/w/index.php?title=擂鉢山トンネル&amp;action=edit&amp;redlink=1","延長別日本の道路トンネルの一覧","https://ja.wikipedia.org/wiki/延長別日本の道路トンネルの一覧","表形式","","","","","","","","","","","","","","","","","","","",""
"北大雪トンネル","[60しんたいせつ/北大雪トンネル01北海道あさひかわもんへつ/旭川紋別自動車道浮島IC～奥白滝IC/白滝PA4,0982002年] 北見峠 （きたみとうげ）は 北海道 上川郡 上川町 字上越と 紋別郡 遠軽町 奥白滝の境にある峠。標高857m。 国道333号 が峠を越えている。 JR北海道 石北本線 と 旭川紋別自動車道 （国道450号）も峠付近を通っているが、それぞれ 石北トンネル 、 北大雪トンネル という4㎞以上の長大 トンネル で峠直下を通過している。本項ではこのトンネルについても記載する。","https://ja.wikipedia.org/wiki/北大雪トンネル","延長別日本の道路トンネルの一覧","https://ja.wikipedia.org/wiki/延長別日本の道路トンネルの一覧","表形式","北緯43度52分55.1秒東経143度1分16.8秒","","","","","","","","","","","","","","","","","北海道上川郡上川町・紋別郡遠軽町","",""
"長峰トンネル (存在しないページ)","[61ながみね/長峰トンネル30和歌山県はんわ/阪和自動車道下津IC～有田IC4,047有2010年]","https://ja.wikipedia.org/w/index.php?title=長峰トンネル&amp;action=edit&amp;redlink=1","延長別日本の道路トンネルの一覧","https://ja.wikipedia.org/wiki/延長別日本の道路トンネルの一覧","表形式","","","","","","","","","","","","","","","","","","","",""
"鈴鹿トンネル","[62すずか/鈴鹿トンネル24三重県滋賀県しんめいしん/新名神高速道路亀山西JCT～甲賀土山IC4,0052004年2008年] 鈴鹿トンネル （すずかトンネル）は、 三重県 亀山市 と 滋賀県 甲賀市 の 県境 の 安楽峠 にある 新名神高速道路 の トンネル 、または 鈴鹿峠 にある 国道1号 のトンネルである。","https://ja.wikipedia.org/wiki/鈴鹿トンネル","延長別日本の道路トンネルの一覧","https://ja.wikipedia.org/wiki/延長別日本の道路トンネルの一覧","表形式","","","","","","","","","","","","","","","","","","","",""
