﻿"タイトル","コメント","URL","親リストタイトル","親リストURL","一覧抽出方法","座標","所在地","標高","位置","山系","種類","最新噴火","初登頂","最高峰","Hidden","Hidden","Hidden","Hidden","Hidden","Hidden","Hidden","Hidden","Hidden","Hidden","Hidden"
"高尾山","[1高尾山たかおさん599m東京都フクジュソウ地理院地図Google Map年間登山者数世界一ミシュランガイド三ツ星の観光地] 高尾山 （たかおさん  ）は、 東京都 八王子市 にある 標高 599 メートル （m）の 山 。 明治の森高尾国定公園 及び 東京都立高尾陣場自然公園 に位置  。東京 都心 から近く、年間を通じて多くの 観光 客や 登山 者が訪れる。古くから 修験道 の 霊山 とされた。","https://ja.wikipedia.org/wiki/高尾山","花の百名山","https://ja.wikipedia.org/wiki/花の百名山","表形式","北緯35度37分31秒東経139度14分37秒","日本東京都八王子市高尾町","599.3m","北緯35度37分31秒東経139度14分37秒﻿ / ﻿北緯35.62528度 東経139.24361度﻿ /35.62528; 139.24361座標:北緯35度37分31秒東経139度14分37秒﻿ / ﻿北緯35.62528度 東経139.24361度﻿ /35.62528; 139.24361","関東山地（秩父山地）","","","","","","","","","","","","","","",""
"大楠山","[2大楠山おおぐすやま241m神奈川県フユノハナワラビ地理院地図Google Map三浦半島最高峰] 大楠山 （おおぐすやま）は、 神奈川県 横須賀市 西部にある海抜241.3mの 山 である。 三浦丘陵 の一角をなし、 三浦半島 最高峰として知られる。関東100名山の第100番目でもある。","https://ja.wikipedia.org/wiki/大楠山","花の百名山","https://ja.wikipedia.org/wiki/花の百名山","表形式","北緯35度15分00秒東経139度37分41秒","神奈川県横須賀市","241.3m","北緯35度15分00秒東経139度37分41秒﻿ / ﻿北緯35.25000度 東経139.62806度﻿ /35.25000; 139.62806","三浦丘陵","","","","","","","","","","","","","","",""
"御前山","[3御前山ごぜんやま1,405m東京都カタクリ地理院地図Google Map奥多摩三山] 御前山 （ごぜんやま）は、 東京都 西多摩郡 奥多摩町 、 檜原村 の境界、奥多摩山域にある 標高 1405mの 山 。","https://ja.wikipedia.org/wiki/御前山_(東京都)","花の百名山","https://ja.wikipedia.org/wiki/花の百名山","表形式","北緯35度46分13秒東経139度4分50秒","日本東京都西多摩郡奥多摩町、檜原村","1,405m","北緯35度46分13秒東経139度4分50秒﻿ / ﻿北緯35.77028度 東経139.08056度﻿ /35.77028; 139.08056座標:北緯35度46分13秒東経139度4分50秒﻿ / ﻿北緯35.77028度 東経139.08056度﻿ /35.77028; 139.08056","奥多摩","","","","","","","","","","","","","","",""
"三頭山","[4三頭山みとうさん1,531m東京都ハシリドコロ地理院地図Google Map日本三百名山] 三頭山 （みとうさん）は、 東京都 西多摩郡 奥多摩町 ・ 檜原村 、 山梨県 上野原市 、 北都留郡 小菅村 にまたがる 標高 1,531mの 山 。 日本三百名山 、 山梨百名山 の一つに選定されている。古くは山の神々が集まる場所で鹿妻山と呼ばれていた。","https://ja.wikipedia.org/wiki/三頭山_(東京都)","花の百名山","https://ja.wikipedia.org/wiki/花の百名山","表形式","北緯35度44分19秒東経139度00分51秒","日本東京都西多摩郡奥多摩町、檜原村山梨県上野原市、北都留郡小菅村","1,531m","北緯35度44分19秒東経139度00分51秒﻿ / ﻿北緯35.73861度 東経139.01417度﻿ /35.73861; 139.01417座標:北緯35度44分19秒東経139度00分51秒﻿ / ﻿北緯35.73861度 東経139.01417度﻿ /35.73861; 139.01417","奥多摩","","","","","","","","","","","","","","",""
"幕山","[5幕山まくやま625m神奈川県タツナミソウ地理院地図Google Map湯河原] 幕山 （まくやま）は、 神奈川県 湯河原町 にある山である。山体は大型の 火山 である 箱根山 の 側火山 として約15万年前  に形成された 溶岩ドーム  である。 柱状節理 の岩壁が山腹を取り囲み、それを 歌舞伎 の幕に例えたことが名称の由来と言われている  。","https://ja.wikipedia.org/wiki/幕山","花の百名山","https://ja.wikipedia.org/wiki/花の百名山","表形式","北緯35度10分23秒東経139度5分29秒","神奈川県湯河原町","626m","北緯35度10分23秒東経139度5分29秒﻿ / ﻿北緯35.17306度 東経139.09139度﻿ /35.17306; 139.09139座標:北緯35度10分23秒東経139度5分29秒﻿ / ﻿北緯35.17306度 東経139.09139度﻿ /35.17306; 139.09139","箱根山","溶岩ドーム","約15万年前","","","","","","","","","","","","",""
"武甲山","[6武甲山ぶこうさん1,304m埼玉県セツブンソウ地理院地図Google Map日本二百名山] 武甲山 （ぶこうざん・ぶこうさん）は、 埼玉県 秩父地方 の 秩父市 と 横瀬町 の境界に位置する山である。 秩父盆地 の南側にあり、 標高 は1,304 メートル  。 日本二百名山 の一つに数えられる。","https://ja.wikipedia.org/wiki/武甲山","花の百名山","https://ja.wikipedia.org/wiki/花の百名山","表形式","北緯35度57分06秒東経139度05分52秒","埼玉県秩父市、秩父郡横瀬町","1,304m","北緯35度57分06秒東経139度05分52秒﻿ / ﻿北緯35.95167度 東経139.09778度﻿ /35.95167; 139.09778座標:北緯35度57分06秒東経139度05分52秒﻿ / ﻿北緯35.95167度 東経139.09778度﻿ /35.95167; 139.09778","秩父山地","","","","","","","","","","","","","","",""
"高鈴山","[7高鈴山たかすずさん623m茨城県センブリ地理院地図Google Map一等三角点電波塔] 高鈴山 （たかすずやま）は、 茨城県 日立市 と 常陸太田市 の境に位置し、 標高 623 m 。","https://ja.wikipedia.org/wiki/高鈴山","花の百名山","https://ja.wikipedia.org/wiki/花の百名山","表形式","北緯36度37分16秒東経140度35分16秒","日本茨城県日立市・常陸太田市","623.3m","北緯36度37分16秒東経140度35分16秒﻿ / ﻿北緯36.62111度 東経140.58778度﻿ /36.62111; 140.58778座標:北緯36度37分16秒東経140度35分16秒﻿ / ﻿北緯36.62111度 東経140.58778度﻿ /36.62111; 140.58778","阿武隈高地","","","","","","","","","","","","","","",""
"天城山","[8天城山あまぎさん1,405m静岡県ヒメシャラ地理院地図Google Map富士箱根伊豆国立公園日本百名山新日本百名山] 天城山 （あまぎさん）は、 静岡県 の 伊豆半島 中央部の東西に広がる山。天城山は連山の総称で、 天城連山 や 天城山脈 と称されることもある。 日本百名山 の一つ。","https://ja.wikipedia.org/wiki/天城山","花の百名山","https://ja.wikipedia.org/wiki/花の百名山","表形式","北緯34度51分46秒東経139度00分06秒","静岡県伊豆市・伊東市・賀茂郡東伊豆町・賀茂郡河津町","万三郎岳 1,406m","北緯34度51分46秒東経139度00分06秒﻿ / ﻿北緯34.86278度 東経139.00167度﻿ /34.86278; 139.00167﻿ (万三郎岳)座標:北緯34度51分46秒東経139度00分06秒﻿ / ﻿北緯34.86278度 東経139.00167度﻿ /34.86278; 139.00167﻿ (万三郎岳)","伊豆半島","成層火山","","","","","","","","","","","","","",""
"三筋山","[9三筋山みすじやま812m静岡県ホソバコガク[[Image:画像募集中|128px]]地理院地図Google Map伊豆半島]","https://ja.wikipedia.org/w/index.php?title=三筋山&amp;action=edit&amp;redlink=1","花の百名山","https://ja.wikipedia.org/wiki/花の百名山","表形式","","","","","","","","","","","","","","","","","","","",""
"大山","[10大山おおやま1,252m神奈川県ウラシマソウ地理院地図Google Map丹沢の山日本三百名山] 大山 （おおやま）は、 神奈川県 伊勢原市 ・ 秦野市 ・ 厚木市 境にある標高1,252 m の 山 である。 丹沢山 などの 丹沢 の山々とともに 丹沢大山国定公園 に属し、神奈川県有数の 観光地 のひとつである。 日本三百名山 や関東百名山のひとつでもある。","https://ja.wikipedia.org/wiki/大山_(神奈川県)","花の百名山","https://ja.wikipedia.org/wiki/花の百名山","表形式","北緯35度26分27秒東経139度13分52秒","神奈川県伊勢原市、秦野市、厚木市","1,252m","北緯35度26分27秒東経139度13分52秒﻿ / ﻿北緯35.44083度 東経139.23111度﻿ /35.44083; 139.23111","丹沢山地","","","","","","","","","","","","","","",""
"川苔山","[11川苔山かわのりやま1,363m東京都アズマイチゲ地理院地図Google Map川乗山] 川苔山 または 川乗山 （かわのりやま）は、 東京都 西多摩郡 奥多摩町 にある 標高 1363.3 m の 山 。","https://ja.wikipedia.org/wiki/川苔山","花の百名山","https://ja.wikipedia.org/wiki/花の百名山","表形式","北緯35度51分03秒東経139度06分25秒","東京都西多摩郡奥多摩町","1,363.3m","北緯35度51分03秒東経139度06分25秒﻿ / ﻿北緯35.85083度 東経139.10694度﻿ /35.85083; 139.10694座標:北緯35度51分03秒東経139度06分25秒﻿ / ﻿北緯35.85083度 東経139.10694度﻿ /35.85083; 139.10694","奥多摩","","","","","","","","","","","","","","",""
"雲取山","[12雲取山くもとりやま2,017m東京都埼玉県山梨県フシグロセンノウ地理院地図Google Map新・花の百名山日本百名山新日本百名山各都道府県の最高峰] 雲取山 （くもとりやま・くもとりさん  ）は、 東京都 ・ 埼玉県 ・ 山梨県 の 境界 にある 標高 2,017.13m  の 山 。東京都の最高峰であり、都内の山で2000mを越えるのは、この山のみとなっている。 ","https://ja.wikipedia.org/wiki/雲取山","花の百名山","https://ja.wikipedia.org/wiki/花の百名山","表形式","北緯35度51分20秒東経138度56分38秒","日本東京都西多摩郡奥多摩町埼玉県秩父市山梨県北都留郡丹波山村","2,017.13m","北緯35度51分20秒東経138度56分38秒﻿ / ﻿北緯35.85556度 東経138.94389度﻿ /35.85556; 138.94389座標:北緯35度51分20秒東経138度56分38秒﻿ / ﻿北緯35.85556度 東経138.94389度﻿ /35.85556; 138.94389","秩父山地","","","","","","","","","","","","","","",""
"地蔵岳","[13地蔵岳じぞうだけ1,673m群馬県アツモリソウ地理院地図Google Map赤城山日本百名山] 赤城山 （あかぎさん、あかぎやま、 後述 ）は、 関東地方 の北部、 群馬県 のほぼ中央に位置する 山 。 太平洋プレート が オホーツクプレート に沈み込んでできた 島弧 型火山である。また、赤城山は、カルデラ湖を伴う カルデラ を持つ、関東地方で有数の 複成火山 である。","https://ja.wikipedia.org/wiki/赤城山","花の百名山","https://ja.wikipedia.org/wiki/花の百名山","表形式","北緯36度33分39秒東経139度11分37秒","日本群馬県前橋市・桐生市・渋川市・沼田市・利根郡昭和村","1,827.6m","北緯36度33分39秒東経139度11分37秒﻿ / ﻿北緯36.5608度 東経139.1936度﻿ /36.5608; 139.1936座標:北緯36度33分39秒東経139度11分37秒﻿ / ﻿北緯36.5608度 東経139.1936度﻿ /36.5608; 139.1936","独立峰","複成火山（活火山ランクC）","","","","","","","","","","","","","",""
"黒檜山","[14黒檜山くろびさん1,827m群馬県クサタチバナ地理院地図Google Map赤城山日本百名山] 赤城山 （あかぎさん、あかぎやま、 後述 ）は、 関東地方 の北部、 群馬県 のほぼ中央に位置する 山 。 太平洋プレート が オホーツクプレート に沈み込んでできた 島弧 型火山である。また、赤城山は、カルデラ湖を伴う カルデラ を持つ、関東地方で有数の 複成火山 である。","https://ja.wikipedia.org/wiki/黒檜山","花の百名山","https://ja.wikipedia.org/wiki/花の百名山","表形式","北緯36度33分39秒東経139度11分37秒","日本群馬県前橋市・桐生市・渋川市・沼田市・利根郡昭和村","1,827.6m","北緯36度33分39秒東経139度11分37秒﻿ / ﻿北緯36.5608度 東経139.1936度﻿ /36.5608; 139.1936座標:北緯36度33分39秒東経139度11分37秒﻿ / ﻿北緯36.5608度 東経139.1936度﻿ /36.5608; 139.1936","独立峰","複成火山（活火山ランクC）","","","","","","","","","","","","","",""
"至仏山","[15至仏山しぶつさん2,228m群馬県栃木県新潟県福島県アズマギク地理院地図Google Map尾瀬国立公園日本百名山] 至仏山 （しぶつさん、しふつさん）は、 群馬県 の北東部、 みなかみ町 と 片品村 との境界に位置する 標高 2,228.1mの 山 である。二等 三角点 「至仏山」が設置されている。 日本百名山 の1つに数えられており、 尾瀬国立公園  に属する。標高は オーストラリア大陸 の最高峰の コジオスコ とほぼ等しい。","https://ja.wikipedia.org/wiki/至仏山","花の百名山","https://ja.wikipedia.org/wiki/花の百名山","表形式","北緯36度54分12.5秒東経139度10分23.7秒","日本群馬県みなかみ町・利根郡片品村","2,228.1m","北緯36度54分12.5秒東経139度10分23.7秒﻿ / ﻿北緯36.903472度 東経139.173250度﻿ /36.903472; 139.173250座標:北緯36度54分12.5秒東経139度10分23.7秒﻿ / ﻿北緯36.903472度 東経139.173250度﻿ /36.903472; 139.173250","越後山脈","","","","","","","","","","","","","","",""
"大岳山","[16大岳山おおだけさん1,266m東京都イワウチワ地理院地図Google Map日本二百名山] 大岳山 （おおだけさん、おおたけさん）は、 東京都 西多摩郡 檜原村 、 奥多摩町 の境界、 奥多摩 山域にある 標高 1,266.5 m の 山 。標高はさして高くないが、個性的な山容を備えた奥多摩の名峰である。 日本二百名山 及び 花の百名山 の一つに数えられる。多様な登山コースがあり、初心者から経験者まで幅広く楽しめる山である。","https://ja.wikipedia.org/wiki/大岳山_(東京都)","花の百名山","https://ja.wikipedia.org/wiki/花の百名山","表形式","北緯35度45分54秒東経139度07分49秒","東京都西多摩郡檜原村・奥多摩町","1,266.4m","北緯35度45分54秒東経139度07分49秒﻿ / ﻿北緯35.76500度 東経139.13028度﻿ /35.76500; 139.13028座標:北緯35度45分54秒東経139度07分49秒﻿ / ﻿北緯35.76500度 東経139.13028度﻿ /35.76500; 139.13028","奥多摩","","","","","","","","","","","","","","",""
"高水山","[17高水山たかみずさん759m東京都ツルリンドウ地理院地図Google Map高水三山] 高水山 （たかみずさん）は 東京都 青梅市 にある標高759mの 山 である。 岩茸石山 （標高793m）、 惣岳山 （標高756m）と共に 高水三山 とよばれ、東京近郊のハイキングコースあるいは手頃な登山コースとして人気がある。","https://ja.wikipedia.org/wiki/高水山","花の百名山","https://ja.wikipedia.org/wiki/花の百名山","表形式","北緯35度49分31.8秒東経139度11分32秒","日本東京都青梅市","759m","北緯35度49分31.8秒東経139度11分32秒﻿ / ﻿北緯35.825500度 東経139.19222度﻿ /35.825500; 139.19222座標:北緯35度49分31.8秒東経139度11分32秒﻿ / ﻿北緯35.825500度 東経139.19222度﻿ /35.825500; 139.19222","奥多摩","山塊","","","","","","","","","","","","","",""
"鶏頂山","[18鶏頂山けいちょうざん1,756m栃木県ショウジョウバカマ地理院地図Google Map那須火山帯高原山日本三百名山] 鶏頂山 （けいちょうざん）は 栃木県 日光市 にある 標高 1,765mの 火山 。山体は 日光国立公園 に属す。 日本三百名山 のひとつ（それは高原山系のことであり鶏頂山はそのピークのひとつに過ぎない）","https://ja.wikipedia.org/wiki/鶏頂山","花の百名山","https://ja.wikipedia.org/wiki/花の百名山","表形式","北緯36度54分3秒東経139度45分46秒","栃木県日光市","1,765m","北緯36度54分3秒東経139度45分46秒﻿ / ﻿北緯36.90083度 東経139.76278度﻿ /36.90083; 139.76278","日光連山、那須火山帯","成層火山","","","","","","","","","","","","","",""
"大菩薩峠","[19大菩薩峠だいぼさつとうげ1,897m山梨県ギンバイソウ地理院地図Google Map大菩薩嶺新・花の百名山日本百名山] 大菩薩峠 （だいぼさつとうげ）は、 山梨県 甲州市 塩山上萩原と 北都留郡 小菅村 鞍部の境にある 峠 。 標高 1,897 m  。 大菩薩嶺 （標高2,057m）の南方約2kmに位置する尾根の鞍部である   。","https://ja.wikipedia.org/wiki/大菩薩峠","花の百名山","https://ja.wikipedia.org/wiki/花の百名山","表形式","北緯35度44分9秒東経138度51分12秒","山梨県甲州市・北都留郡小菅村","1,897m","","大菩薩連嶺・奥秩父山塊","","","","","","","","","","","","","","",""
"御岳山","[20御岳山みたけさん929m東京都オケラ地理院地図Google Map青梅市ケーブルカー新・花の百名山] 御岳山 （みたけさん）は、 東京都 青梅市 にある 標高 929mの 山 である。 武蔵御岳山 とも呼ばれる。古くから 山岳信仰 の対象となっており、山上には 武蔵御嶽神社 が建立されている。","https://ja.wikipedia.org/wiki/御岳山_(東京都)","花の百名山","https://ja.wikipedia.org/wiki/花の百名山","表形式","北緯35度46分58.3秒東経139度8分58.2秒","日本東京都青梅市","929m","北緯35度46分58.3秒東経139度8分58.2秒﻿ / ﻿北緯35.782861度 東経139.149500度﻿ /35.782861; 139.149500座標:北緯35度46分58.3秒東経139度8分58.2秒﻿ / ﻿北緯35.782861度 東経139.149500度﻿ /35.782861; 139.149500","奥多摩","","","","","","","","","","","","","","",""
"生藤山","[21[[Image:画像募集中|128px] 生藤山 （しょうとうさん）は、 東京都 西多摩郡 檜原村 と 神奈川県 相模原市 緑区 との境界にある 標高 990.3mの 山 。 奥多摩 山域の 南 端。神奈川県の最 北 端。神奈川県立陣馬相模湖自然公園。藤野町十五名山。頂上に登る道も巻き道も両方ある。","https://ja.wikipedia.org/wiki/生藤山","花の百名山","https://ja.wikipedia.org/wiki/花の百名山","表形式","北緯35度40分21秒東経139度07分56秒","日本東京都西多摩郡檜原村神奈川県相模原市緑区","990.3m","北緯35度40分21秒東経139度07分56秒﻿ / ﻿北緯35.67250度 東経139.13222度﻿ /35.67250; 139.13222座標:北緯35度40分21秒東経139度07分56秒﻿ / ﻿北緯35.67250度 東経139.13222度﻿ /35.67250; 139.13222","奥多摩","","","","","","","","","","","","","","",""
"石割山","[22石割山いしわれやま1,143m山梨県オオバギボウシ地理院地図Google Map山中湖の東北端] 石割山 （いしわりやま）は、 山梨県 南都留郡 山中湖村 ・同 忍野村 、 都留市 の境界にある 標高 1412 m の 山 である。 道志山塊 の山であり、北は 御正体山 、西は二十曲峠を経て 杓子山 へと連なる。山頂東側八合目の石割神社には割れ目のはいった大岩があり、山名の由来となっている  。山頂からは 富士山 を正面にして左下に 山中湖 、右に遠く 南アルプス までの展望が広がる。 山梨百名山 に選定されている。","https://ja.wikipedia.org/wiki/石割山","花の百名山","https://ja.wikipedia.org/wiki/花の百名山","表形式","北緯35度27分01.7秒東経138度54分04.4秒","日本山梨県・山中湖村・忍野村・都留市","1,413m","北緯35度27分01.7秒東経138度54分04.4秒﻿ / ﻿北緯35.450472度 東経138.901222度﻿ /35.450472; 138.901222座標:北緯35度27分01.7秒東経138度54分04.4秒﻿ / ﻿北緯35.450472度 東経138.901222度﻿ /35.450472; 138.901222","道志山塊","","","","","","","","","","","","","","",""
"尾瀬沼","[23尾瀬沼おぜぬま1,410m福島県新潟県栃木県群馬県ギョウジャニンニク地理院地図Google Map尾瀬国立公園] 尾瀬沼 （おぜぬま）は、 群馬県 利根郡 片品村 と 福島県 南会津郡 檜枝岐村 にまたがって位置する 沼 。 尾瀬 地域にある。面積は1.81km 2  。 上毛かるた では「せ」の札において、「仙境尾瀬沼　花の原」と読まれる。 只見川 の一方の最上流に位置するため、標高は1660 mと高く、日本では、これより高く尾瀬沼より大きい湖沼・池は無い。","https://ja.wikipedia.org/wiki/尾瀬沼","花の百名山","https://ja.wikipedia.org/wiki/花の百名山","表形式","北緯36度55分33.3秒 東経139度18分16.2秒","","","","","","","","","","","","","","","","","","",""
"八幡平","[24八幡平はちまんたい1,613m秋田県岩手県イソツツジ地理院地図Google Map新・花の百名山日本百名山] 八幡平 （はちまんたい）は、 秋田県 と 岩手県 にまたがる 標高 1,614 m の山及びその周囲の高原台地  。 深田久弥 の 日本百名山 に挙げられている   。山域は 1956年 （昭和31年）に 十和田八幡平国立公園 に指定されている。","https://ja.wikipedia.org/wiki/八幡平","花の百名山","https://ja.wikipedia.org/wiki/花の百名山","表形式","北緯39度57分28秒東経140度51分15秒","日本岩手県八幡平市秋田県仙北市・鹿角市","1,613.50m","北緯39度57分28秒東経140度51分15秒﻿ / ﻿北緯39.95778度 東経140.85417度﻿ /39.95778; 140.85417座標:北緯39度57分28秒東経140度51分15秒﻿ / ﻿北緯39.95778度 東経140.85417度﻿ /39.95778; 140.85417","奥羽山脈","成層火山","","","","","","","","","","","","","",""
"大滝根山","[25大滝根山おおたきねやま1,192m福島県シロヤシオ地理院地図Google Map新・花の百名山日本三百名山] 大滝根山 （おおたきねやま）は、 福島県 田村市 と 双葉郡 川内村 との境界にそびえる山である。 標高 1,192.1mで 阿武隈高地 の最高峰である。","https://ja.wikipedia.org/wiki/大滝根山","花の百名山","https://ja.wikipedia.org/wiki/花の百名山","表形式","北緯37度21分18秒東経140度42分06秒","日本福島県田村市・双葉郡川内村","1,192.1m","北緯37度21分18秒東経140度42分06秒﻿ / ﻿北緯37.35500度 東経140.70167度﻿ /37.35500; 140.70167座標:北緯37度21分18秒東経140度42分06秒﻿ / ﻿北緯37.35500度 東経140.70167度﻿ /37.35500; 140.70167","阿武隈高地","","","","","","","","","","","","","","",""
"鎌倉岳","[26鎌倉岳かまくらだけ967m福島県コバノトネリコ地理院地図Google Map尾瀬国立公園] 鎌倉岳 （かまくらだけ）は、 阿武隈高地 中部、 福島県 田村市 常葉（ときわ）地区に位置する標高967mの山である  。 東北百名山 ならびに うつくしま百名山 の一つに選ばれている。","https://ja.wikipedia.org/wiki/鎌倉岳_(田村市)","花の百名山","https://ja.wikipedia.org/wiki/花の百名山","表形式","北緯37度28分01秒東経140度41分20秒","日本福島県田村市","966.6m","北緯37度28分01秒東経140度41分20秒﻿ / ﻿北緯37.46694度 東経140.68889度﻿ /37.46694; 140.68889座標:北緯37度28分01秒東経140度41分20秒﻿ / ﻿北緯37.46694度 東経140.68889度﻿ /37.46694; 140.68889","阿武隈高地","","","","","","","","","","","","","","",""
"早池峰山","[27早池峰山はやちねさん1,917m岩手県チシマコザクラ地理院地図Google Mapハヤチネウスユキソウ新・花の百名山日本百名山] 早池峰山 （はやちねさん）は、 岩手県 にある 標高 1917mの 山 。 北上山地 の最高峰で 日本百名山  、 新日本百名山  、 花の百名山  、 新・花の百名山  及び 一等三角点百名山  に選定されている。 六角牛山 、 石上山 と共に「遠野三山」と呼ばれる  。山頂は 宮古市 、 遠野市 、 花巻市 の3つの市の境界となっている。","https://ja.wikipedia.org/wiki/早池峰山","花の百名山","https://ja.wikipedia.org/wiki/花の百名山","表形式","北緯39度33分31秒東経141度29分19秒","日本岩手県宮古市・遠野市・花巻市","1917m","北緯39度33分31秒東経141度29分19秒﻿ / ﻿北緯39.55861度 東経141.48861度﻿ /39.55861; 141.48861座標:北緯39度33分31秒東経141度29分19秒﻿ / ﻿北緯39.55861度 東経141.48861度﻿ /39.55861; 141.48861","北上山地","","","","","","","","","","","","","","",""
"田代山","[28田代山たしろやま1,971m福島県キンコウカ地理院地図Google Map帝釈山脈尾瀬国立公園] 田代山 （たしろやま）は、 帝釈山脈 にある 標高 1,971mの 山 である。山頂は 福島県 南会津郡 南会津町 に位置するが、山体は南会津町と 栃木県 日光市 にまたがる。 尾瀬国立公園 の一部をなす。","https://ja.wikipedia.org/wiki/田代山_(帝釈山脈)","花の百名山","https://ja.wikipedia.org/wiki/花の百名山","表形式","北緯36度58分27.8秒東経139度28分42.6秒","日本福島県南会津郡南会津町","1,971m","北緯36度58分27.8秒東経139度28分42.6秒﻿ / ﻿北緯36.974389度 東経139.478500度﻿ /36.974389; 139.478500座標:北緯36度58分27.8秒東経139度28分42.6秒﻿ / ﻿北緯36.974389度 東経139.478500度﻿ /36.974389; 139.478500","帝釈山脈","","","","","","","","","","","","","","",""
"鳥海山","[29鳥海山ちょうかいさん2,236m秋田県山形県チョウカイフスマ地理院地図Google Map新・花の百名山日本百名山新日本百名山各都道府県の最高峰] 鳥海山 （ちょうかいさん、ちょうかいざん  ）は、 山形県 と 秋田県 に跨がる 標高 2,236mの 活火山 。山頂に雪が積もった姿が富士山に類似しているため、 出羽富士 （でわふじ）とも呼ばれ親しまれている。秋田県では 秋田富士 （あきたふじ）、山形県では 庄内富士 （しょうないふじ）とも呼ばれている。古くからの名では鳥見山（とりみやま）という。 鳥海国定公園 に属する。 日本百名山  ・ 日本百景 の一つ。2007年（平成19年）に 日本の地質百選 に選定された。2009年（平成21年）に 国史跡 「鳥海山」として指定された。","https://ja.wikipedia.org/wiki/鳥海山","花の百名山","https://ja.wikipedia.org/wiki/花の百名山","表形式","北緯39度05分57秒東経140度02分56秒","日本山形県飽海郡遊佐町・酒田市・秋田県由利本荘市・にかほ市","2,236m","北緯39度05分57秒東経140度02分56秒﻿ / ﻿北緯39.09917度 東経140.04889度﻿ /39.09917; 140.04889座標:北緯39度05分57秒東経140度02分56秒﻿ / ﻿北緯39.09917度 東経140.04889度﻿ /39.09917; 140.04889","出羽山地","成層火山","","","","","","","","","","","","","",""
"月山","[30月山がっさん1,984m山形県ウズラバハクサンチドリ地理院地図Google Map新・花の百名山日本百名山新日本百名山] 月山 （がっさん）は、 山形県 の中央部にあり、 出羽丘陵 の南部に位置する 標高 1,984mの 火山 。山域は 磐梯朝日国立公園 の特別区域に指定され、 日本百名山  、 新日本百名山  、 花の百名山  及び 新・花の百名山  に選定されている。また、山麓は 月山山麓湧水群 として 名水百選  、 月山行人清水の森 として 水源の森百選 にも選定されている。","https://ja.wikipedia.org/wiki/月山","花の百名山","https://ja.wikipedia.org/wiki/花の百名山","表形式","北緯38度32分56秒東経140度01分37秒","日本山形県鶴岡市・東田川郡庄内町・最上郡大蔵村・西村山郡西川町","1,984m","北緯38度32分56秒東経140度01分37秒﻿ / ﻿北緯38.54889度 東経140.02694度﻿ /38.54889; 140.02694﻿ (月山)座標:北緯38度32分56秒東経140度01分37秒﻿ / ﻿北緯38.54889度 東経140.02694度﻿ /38.54889; 140.02694﻿ (月山)","出羽山地","成層火山","","","","","","","","","","","","","",""
"羽黒山","[31羽黒山はぐろさん414m山形県ミヤマヨメナ地理院地図Google Map出羽三山] 羽黒山 （はぐろさん）は、 山形県 鶴岡市 にある 標高 414mの 山 。 出羽三山 の主峰である 月山 の北西山麓に位置する 丘陵 で、 独立峰 ではない。 修験道 を中心とした 山岳信仰 の山として知られる。","https://ja.wikipedia.org/wiki/羽黒山_(山形県)","花の百名山","https://ja.wikipedia.org/wiki/花の百名山","表形式","北緯38度42分9.28秒東経139度58分54.75秒","日本山形県鶴岡市","414m","北緯38度42分9.28秒東経139度58分54.75秒﻿ / ﻿北緯38.7025778度 東経139.9818750度﻿ /38.7025778; 139.9818750座標:北緯38度42分9.28秒東経139度58分54.75秒﻿ / ﻿北緯38.7025778度 東経139.9818750度﻿ /38.7025778; 139.9818750","出羽山地","","","","","","","","","","","","","","",""
"栗駒山","[32栗駒山くりこまやま1,627m宮城県秋田県岩手県ヒナザクラ地理院地図Google Map新・花の百名山日本二百名山新日本百名山] 栗駒山 （くりこまやま）は、山体が 宮城県 、 秋田県 、 岩手県 の三県にまたがる 山 である。 標高 は1,626m  。山頂部は 宮城県 と 岩手県 の境界になっている。 奥羽山脈 に属し、 焼石岳 や 神室山 とともに 栗駒国定公園 や栗駒山・栃ヶ森周辺森林生態系保護地域として指定されている。 二百名山 の一つ。","https://ja.wikipedia.org/wiki/栗駒山","花の百名山","https://ja.wikipedia.org/wiki/花の百名山","表形式","北緯38度57分39秒東経140度47分18秒","日本岩手県一関市宮城県栗原市秋田県湯沢市・雄勝郡東成瀬村","1,626m","北緯38度57分39秒東経140度47分18秒﻿ / ﻿北緯38.96083度 東経140.78833度﻿ /38.96083; 140.78833座標:北緯38度57分39秒東経140度47分18秒﻿ / ﻿北緯38.96083度 東経140.78833度﻿ /38.96083; 140.78833","奥羽山脈","成層火山(活火山ランクB)","1944年11月20日（昭和湖）","","","","","","","","","","","","",""
"安達太良山","[33安達太良山あだたらやま1,699m福島県ツリガネツツジ[[Image:画像募集中|128px] 安達太良山 （あだたらやま）は 福島県 中部にある 活火山 である。 日本百名山 、 新日本百名山 、 花の百名山 および うつくしま百名山 に選定されている。山頂には二等三角点「大関平」1699.6m が設置されている。別名は、岳山（だけやま）、安達太郎山。","https://ja.wikipedia.org/wiki/安達太良山","花の百名山","https://ja.wikipedia.org/wiki/花の百名山","表形式","北緯37度38分50秒東経140度16分51秒","日本福島県福島市・二本松市・郡山市安達郡大玉村・耶麻郡猪苗代町","最高峰箕輪山 1,728m","北緯37度38分50秒東経140度16分51秒﻿ / ﻿北緯37.64722度 東経140.28083度﻿ /37.64722; 140.28083座標:北緯37度38分50秒東経140度16分51秒﻿ / ﻿北緯37.64722度 東経140.28083度﻿ /37.64722; 140.28083","奥羽山脈南部","成層火山(活火山ランクB)","1900年","","","","","","","","","","","","",""
"五葉山","[34五葉山ごようざん1,351m岩手県ミネザクラ地理院地図Google Map北上山地日本三百名山] 五葉山 （ごようざん）は、 東北地方 太平洋 側にある 北上山地 南部の 山 。 標高 は1,351mで、 三陸 沿岸の最高峰である。 日本三百名山 に選定されている。","https://ja.wikipedia.org/wiki/五葉山","花の百名山","https://ja.wikipedia.org/wiki/花の百名山","表形式","北緯39度12分14秒東経141度43分44秒","日本岩手県：住田町、大船渡市、釜石市","1,351m","北緯39度12分14秒東経141度43分44秒﻿ / ﻿北緯39.20389度 東経141.72889度﻿ /39.20389; 141.72889","北上山地","","","","","","","","","","","","","","",""
"利尻山","[35利尻山りしりざん1,721m北海道シコタンハコベ地理院地図Google Mapリシリヒナゲシ、リシリリンドウ利尻富士新・花の百名山日本百名山、新日本百名山] 利尻山 （りしりざん）は、 北海道 の 利尻島 に位置する 独立峰 で 標高 1,721m。 利尻町 、 利尻富士町 の2町にまたがる 成層火山 で、 利尻礼文サロベツ国立公園 内の山域は特別区域に指定され、 日本百名山  、 新日本百名山  、 花の百名山  及び 新・花の百名山  に選定されている。","https://ja.wikipedia.org/wiki/利尻岳","花の百名山","https://ja.wikipedia.org/wiki/花の百名山","表形式","北緯45度10分43秒東経141度14分31秒","日本北海道宗谷総合振興局利尻郡利尻町・利尻富士町","1,721m","北緯45度10分43秒東経141度14分31秒﻿ / ﻿北緯45.17861度 東経141.24194度﻿ /45.17861; 141.24194座標:北緯45度10分43秒東経141度14分31秒﻿ / ﻿北緯45.17861度 東経141.24194度﻿ /45.17861; 141.24194","独立峰","成層火山","","","","","","","","","","","","","",""
"礼文岳","[36礼文岳れぶんだけ490m北海道レブンソウ地理院地図Google Mapレブンアツモリソウ、レブンコザクラレブンウスユキソウ新・花の百名山、新日本百名山] 礼文岳 （れぶんだけ）は 北海道 礼文郡 礼文町 にある標高490mの山である。 花の百名山 、 新花の百名山 、 北海道百名山 、 新日本百名山 。","https://ja.wikipedia.org/wiki/礼文岳","花の百名山","https://ja.wikipedia.org/wiki/花の百名山","表形式","北緯45度22分21秒東経141度00分57秒","北海道礼文郡礼文町","490m","北緯45度22分21秒東経141度00分57秒﻿ / ﻿北緯45.37250度 東経141.01583度﻿ /45.37250; 141.01583","島","","","","","","","","","","","","","","",""
"余市岳","[37余市岳よいちだけ1,488m北海道エゾカンゾウ地理院地図Google Map日本三百名山] 余市岳 （よいちだけ）は、 北海道 余市郡 赤井川村 と 札幌市 南区 とにまたがる 標高 1,488mの山である。","https://ja.wikipedia.org/wiki/余市岳","花の百名山","https://ja.wikipedia.org/wiki/花の百名山","表形式","北緯43度1分58秒東経141度1分10秒","日本北海道札幌市南区・余市郡赤井川村","1,488m","北緯43度1分58秒東経141度1分10秒﻿ / ﻿北緯43.03278度 東経141.01944度﻿ /43.03278; 141.01944座標:北緯43度1分58秒東経141度1分10秒﻿ / ﻿北緯43.03278度 東経141.01944度﻿ /43.03278; 141.01944","","","","","","","","","","","","","","","",""
"夕張岳","[38夕張岳ゆうばりだけ1,668m北海道ユウバリソウ[[Image:画像募集中|128px] 夕張岳 （ゆうばりだけ）は、 北海道 の中央部を南北に走る 夕張山地 の南端に位置する 標高 1,668 m の 山 。 夕張市 と 空知郡 南富良野町 にまたがり、山域は北側の 芦別岳 と共に「 富良野芦別道立自然公園 」に指定されている  。","https://ja.wikipedia.org/wiki/夕張岳","花の百名山","https://ja.wikipedia.org/wiki/花の百名山","表形式","北緯43度05分59秒東経142度15分04秒","日本北海道夕張市・空知郡南富良野町","1,667.72m","北緯43度05分59秒東経142度15分04秒﻿ / ﻿北緯43.09972度 東経142.25111度﻿ /43.09972; 142.25111座標:北緯43度05分59秒東経142度15分04秒﻿ / ﻿北緯43.09972度 東経142.25111度﻿ /43.09972; 142.25111","夕張山地","","","","","","","","","","","","","","",""
"大千軒岳","[39大千軒岳だいせんげんだけ1,072m北海道サルメンエビネ地理院地図Google Map日本三百名山] 大千軒岳 （だいせんげんだけ）は、 北海道 渡島半島 の南西部、 松前郡 松前町 と 上ノ国町 との境にある 山 である。 標高 1,072m。 1896年 （明治29年）、北海道で最初に 一等三角点 が設置された山である。","https://ja.wikipedia.org/wiki/大千軒岳","花の百名山","https://ja.wikipedia.org/wiki/花の百名山","表形式","北緯41度34分46秒東経140度9分39秒","北海道松前郡松前町・上ノ国町","1,071.87m","北緯41度34分46秒東経140度9分39秒﻿ / ﻿北緯41.57944度 東経140.16083度﻿ /41.57944; 140.16083座標:北緯41度34分46秒東経140度9分39秒﻿ / ﻿北緯41.57944度 東経140.16083度﻿ /41.57944; 140.16083","","","","","","","","","","","","","","","",""
"斜里岳","[40斜里岳しゃりだけ1,547m北海道タカネナデシコ地理院地図Google Map新・花の百名山日本百名山] 斜里岳 （しゃりだけ）は 北海道 の 知床半島 にある 火山 。 標高 は1,547m。 斜里岳道立自然公園 に属し、 日本百名山 に選定されている  。 清里町 の観光スポットの一つである。","https://ja.wikipedia.org/wiki/斜里岳","花の百名山","https://ja.wikipedia.org/wiki/花の百名山","表形式","北緯43度45分56秒東経144度43分04秒","北海道斜里郡斜里町・清里町、標津郡標津町","1,547m","北緯43度45分56秒東経144度43分04秒﻿ / ﻿北緯43.76556度 東経144.71778度﻿ /43.76556; 144.71778","知床半島","成層火山","25万年前","","","","","","","","","","","","",""
"大雪山","[41大雪山たいせつざん2,291m北海道イワウメ地理院地図Google Mapエゾコザクラ、エゾノツガザクラエゾツツジ大雪山国立公園新・花の百名山日本百名山、新日本百名山各都道府県の最高峰] 大雪山 （たいせつざん、だいせつざん）は、 北海道 中央部にある 旭岳 などの山々からなる巨大な山塊の名称  。大雪山系とも呼ばれ、一帯は 大雪山国立公園 に指定されている  。","https://ja.wikipedia.org/wiki/大雪山","花の百名山","https://ja.wikipedia.org/wiki/花の百名山","表形式","北緯43度39分48.9秒東経142度51分14.9秒","日本・北海道上川郡","旭岳：2,290.93m","北緯43度39分48.9秒東経142度51分14.9秒﻿ / ﻿北緯43.663583度 東経142.854139度﻿ /43.663583; 142.854139座標:北緯43度39分48.9秒東経142度51分14.9秒﻿ / ﻿北緯43.663583度 東経142.854139度﻿ /43.663583; 142.854139","石狩山地","複成火山","","","","","","","","","","","","","",""
"アポイ岳","[42アポイ岳アポイだけ811m北海道アポイマンテマ[[Image:画像募集中|128px] アポイ岳 （アポイだけ）は、 北海道 様似郡 様似町 かつ 日高山脈 支稜線西南端に位置し、 一等三角点 （点名「冬島」）で標高810.5mの 山 である。","https://ja.wikipedia.org/wiki/アポイ岳","花の百名山","https://ja.wikipedia.org/wiki/花の百名山","表形式","北緯42度06分28秒東経143度01分32秒","日本北海道様似郡様似町","810.5m","北緯42度06分28秒東経143度01分32秒﻿ / ﻿北緯42.10778度 東経143.02556度﻿ /42.10778; 143.02556座標:北緯42度06分28秒東経143度01分32秒﻿ / ﻿北緯42.10778度 東経143.02556度﻿ /42.10778; 143.02556","日高山脈","","","","","","","","","","","","","","",""
"富良野岳","[43富良野岳ふらのだけ1,912m北海道ハクサンイチゲ地理院地図Google Mapエゾノハクサンイチゲ十勝連峰の最南端大雪山国立公園] 富良野岳 （ふらのだけ）は、 石狩山地 の十勝岳連峰の南西部に位置し、 富良野市 と 上富良野町 にまたがる 標高 1,912 m の 山 である。山域は 大雪山国立公園 に指定されている  。","https://ja.wikipedia.org/wiki/富良野岳","花の百名山","https://ja.wikipedia.org/wiki/花の百名山","表形式","北緯43度23分37秒東経142度38分06秒","日本北海道上川総合振興局富良野市上川総合振興局上富良野町","1,911.90m","北緯43度23分37秒東経142度38分06秒﻿ / ﻿北緯43.39361度 東経142.63500度﻿ /43.39361; 142.63500座標:北緯43度23分37秒東経142度38分06秒﻿ / ﻿北緯43.39361度 東経142.63500度﻿ /43.39361; 142.63500","石狩山地（十勝岳連峰）","成層火山","","","","","","","","","","","","","",""
"十勝岳","[44十勝岳とかちだけ2,077m北海道イワブクロ地理院地図Google Map大雪山国立公園活火山日本百名山] 十勝岳 （とかちだけ）は、 北海道 の中央部の 上川管内 の 美瑛町 ・ 上富良野町 、 十勝管内 の 新得町 にまたがる 標高 2,077 m の 活火山 。 大雪山国立公園  内の 十勝岳連峰 （十勝火山群）の主峰である。 日本百名山  及び 花の百名山  に選定されている。","https://ja.wikipedia.org/wiki/十勝岳","花の百名山","https://ja.wikipedia.org/wiki/花の百名山","表形式","北緯43度25分05秒東経142度41分11秒","日本北海道上川総合振興局美瑛町・上富良野町、十勝総合振興局新得町","2,077m","北緯43度25分05秒東経142度41分11秒﻿ / ﻿北緯43.41806度 東経142.68639度﻿ /43.41806; 142.68639座標:北緯43度25分05秒東経142度41分11秒﻿ / ﻿北緯43.41806度 東経142.68639度﻿ /43.41806; 142.68639","石狩山地（十勝岳連峰）","成層火山・活火山（ランクＡ）・火山群","","","","","","","","","","","","","",""
"沼ノ平","[45[[Image:画像募集中|128px] 大雪山 （たいせつざん、だいせつざん）は、 北海道 中央部にある 旭岳 などの山々からなる巨大な山塊の名称  。大雪山系とも呼ばれ、一帯は 大雪山国立公園 に指定されている  。","https://ja.wikipedia.org/wiki/大雪山","花の百名山","https://ja.wikipedia.org/wiki/花の百名山","表形式","北緯43度39分48.9秒東経142度51分14.9秒","日本・北海道上川郡","旭岳：2,290.93m","北緯43度39分48.9秒東経142度51分14.9秒﻿ / ﻿北緯43.663583度 東経142.854139度﻿ /43.663583; 142.854139座標:北緯43度39分48.9秒東経142度51分14.9秒﻿ / ﻿北緯43.663583度 東経142.854139度﻿ /43.663583; 142.854139","石狩山地","複成火山","","","","","","","","","","","","","",""
"羅臼岳","[46羅臼岳らうすだけ1,660m北海道チシマツガザクラ地理院地図Google Mapシレトコスミレ世界遺産、知床国立公園新花の百名山日本百名山] 羅臼岳 （らうすだけ）は、 北海道 ・ 知床半島 にある 火山 群の主峰及び最高峰で 標高 1,661m   。古くは アイヌ語 で チャチャヌプリ 、また 良牛岳 と記されたこともある。1964年（昭和39年）6月1日に 知床国立公園 に指定され  、 2005年 7月にこの山域を含む知床半島が 知床 (世界遺産) に正式登録された。 日本百名山  、 花の百名山  及び 新・花の百名山  に選定されている山である。","https://ja.wikipedia.org/wiki/羅臼岳","花の百名山","https://ja.wikipedia.org/wiki/花の百名山","表形式","北緯44度04分33秒東経145度07分20秒","日本北海道目梨郡羅臼町・斜里郡斜里町","1,661m","北緯44度04分33秒東経145度07分20秒﻿ / ﻿北緯44.07583度 東経145.12222度﻿ /44.07583; 145.12222座標:北緯44度04分33秒東経145度07分20秒﻿ / ﻿北緯44.07583度 東経145.12222度﻿ /44.07583; 145.12222","知床半島","成層火山","","","","","","","","","","","","","",""
"樽前山","[47樽前山たるまえさん1,041m北海道ウラジロタデ地理院地図Google Map日本二百名山] 樽前山 （たるまえさん、たるまえざん、たるまいさん、たるまいざん）は、 北海道 南西部にある 支笏湖 の南側、 苫小牧市 の北西部に位置する 活火山 。 標高 は最高点の樽前ドームで1,041m、 一等三角点 （点名「樽前岳」）の東山で1,022m、 三等三角点 （点名「樽前山」）の西山で994m。 支笏洞爺国立公園 に属する。 風不死岳 、 恵庭岳 とともに支笏三山の一つに数えられる。","https://ja.wikipedia.org/wiki/樽前山","花の百名山","https://ja.wikipedia.org/wiki/花の百名山","表形式","北緯42度41分26秒東経141度22分36秒","北海道苫小牧市・千歳市","1,041m","北緯42度41分26秒東経141度22分36秒﻿ / ﻿北緯42.69056度 東経141.37667度﻿ /42.69056; 141.37667座標:北緯42度41分26秒東経141度22分36秒﻿ / ﻿北緯42.69056度 東経141.37667度﻿ /42.69056; 141.37667","支笏カルデラ","火砕丘、溶岩ドーム(活火山ランクA)","","","","","","","","","","","","","",""
"雌阿寒岳","[48雌阿寒岳めあかんだけ1,499m北海道メアカンフスマ[[Image:画像募集中|128px] 雌阿寒岳 （めあかんだけ）は、 北海道 東部にある阿寒カルデラの南西部にある8つの火山で構成される成層火山群の総称  。主峰はポンマチネシリ（標高1,499m）  。 日本百名山 に選定されている  。","https://ja.wikipedia.org/wiki/雌阿寒岳","花の百名山","https://ja.wikipedia.org/wiki/花の百名山","表形式","北緯43度23分12秒東経144度00分32秒","日本北海道釧路総合振興局釧路市、十勝総合振興局足寄町","1,499m","北緯43度23分12秒東経144度00分32秒﻿ / ﻿北緯43.38667度 東経144.00889度﻿ /43.38667; 144.00889座標:北緯43度23分12秒東経144度00分32秒﻿ / ﻿北緯43.38667度 東経144.00889度﻿ /43.38667; 144.00889","","成層火山","","","","","","","","","","","","","",""
"空沼岳","[49空沼岳そらぬまだけ1,251m北海道オクトリカブト地理院地図Google Map支笏洞爺国立公園] 空沼岳 （そらぬまだけ）は、 北海道 石狩管内 の 札幌市 にある 標高 約1,251mの 山 である。山頂付近は 支笏洞爺国立公園 の第1種特別地域に指定されている。","https://ja.wikipedia.org/wiki/空沼岳","花の百名山","https://ja.wikipedia.org/wiki/花の百名山","表形式","北緯42度51分54秒東経141度15分13秒","日本北海道札幌市南区簾舞","1,250.8m","北緯42度51分54秒東経141度15分13秒﻿ / ﻿北緯42.86500度 東経141.25361度﻿ /42.86500; 141.25361座標:北緯42度51分54秒東経141度15分13秒﻿ / ﻿北緯42.86500度 東経141.25361度﻿ /42.86500; 141.25361","","","","","","","","","","","","","","","",""
"雨竜沼","[50雨竜沼うりゅうぬま840m北海道ヒオウギアヤメ地理院地図Google Map暑寒別岳新・花の百名山日本二百名山] 雨竜沼湿原 （うりゅうぬましつげん）は、 北海道 空知管内 の 雨竜郡 雨竜町 にある山岳型 高層湿原 。 暑寒別天売焼尻国定公園 の一部をなし  、 暑寒別岳 東中腹 標高 の約850 - 900メートルの高地にある。 台地 上に東西4キロメートル、南北2キロメートルにわたって広がり、 面積 は101.5 ヘクタール  。","https://ja.wikipedia.org/wiki/雨竜沼湿原","花の百名山","https://ja.wikipedia.org/wiki/花の百名山","表形式","北緯43度42分 東経141度36分","","","","","","","","","","","","","","","","","","",""
"国師岳","[51国師岳こくしだけ2,592m長野県山梨県クモイコザクラ地理院地図Google Map秩父多摩甲斐国立公園] 国師岳 （こくしだけ）は 山梨県 山梨市 と 長野県 南佐久郡 川上村 の境界にある 標高 2,592 m の 山 である。 国師ヶ岳 （こくしがたけ）とも呼ばれる。","https://ja.wikipedia.org/wiki/国師岳","花の百名山","https://ja.wikipedia.org/wiki/花の百名山","表形式","北緯35度52分15秒東経138度40分23秒","日本山梨県山梨市長野県南佐久郡川上村","2,592m","北緯35度52分15秒東経138度40分23秒﻿ / ﻿北緯35.87083度 東経138.67306度﻿ /35.87083; 138.67306座標:北緯35度52分15秒東経138度40分23秒﻿ / ﻿北緯35.87083度 東経138.67306度﻿ /35.87083; 138.67306","奥秩父山塊","","","","","","","","","","","","","","",""
"葦毛湿原","[52葦毛湿原いもうしつげん63m愛知県シラタマホシクサ地理院地図Google Map東海のミニ尾瀬新・花の百名山] 葦毛湿原 （いもう しつげん、Imou bog）は、 愛知県 豊橋市 岩崎町にある 湿原 。愛知県指定の 天然記念物 （ 1992年 2月28日 指定）  。別名「 東海のミニ 尾瀬 」とも言われ、 花の百名山  及び 新・花の百名山  に選定されている。湿原の入り口は、そのまま赤岩山へつながる豊橋自然歩道の一部になっている。","https://ja.wikipedia.org/wiki/葦毛湿原","花の百名山","https://ja.wikipedia.org/wiki/花の百名山","表形式","北緯34度44分54.71秒 東経137度27分1.64秒","","","","","","","","","","","","","","","","","","",""
"金峰山","[53金峰山きんぷさん2,599m長野県山梨県シャクナゲ地理院地図Google Map秩父多摩甲斐国立公園日本百名山] 金峰山 （きんぷさん/きんぽうざん）は、 山梨県 甲府市 と 長野県 南佐久郡 川上村 の境界にある標高2,599 m の 山 である。別名「 甲州御岳山 」  。","https://ja.wikipedia.org/wiki/金峰山_(山梨県・長野県)","花の百名山","https://ja.wikipedia.org/wiki/花の百名山","表形式","北緯35度52分17秒東経138度37分31秒","山梨県甲府市長野県南佐久郡川上村","2,599m","北緯35度52分17秒東経138度37分31秒﻿ / ﻿北緯35.87139度 東経138.62528度﻿ /35.87139; 138.62528座標:北緯35度52分17秒東経138度37分31秒﻿ / ﻿北緯35.87139度 東経138.62528度﻿ /35.87139; 138.62528","奥秩父山塊","","","","","","","","","","","","","","",""
"白山","[54白山はくさん2,702m石川県岐阜県ミネズオウ地理院地図Google Mapハクサンフウロ、ハクサンチドリハクサンシャクナゲ白山国立公園新・花の百名山日本百名山、新日本百名山日本の山一覧 (高さ順)(第90位)] 白山 （はくさん）は、 日本 の 北陸地方 、 白山国立公園 内  の 石川県 白山市 と 岐阜県 大野郡 白川村 にまたがる 標高 2,702 m の 活火山 である。","https://ja.wikipedia.org/wiki/白山","花の百名山","https://ja.wikipedia.org/wiki/花の百名山","表形式","北緯36度09分18秒東経136度46分17秒","日本石川県白山市岐阜県大野郡白川村","2,702.14m","北緯36度09分18秒東経136度46分17秒﻿ / ﻿北緯36.15500度 東経136.77139度﻿ /36.15500; 136.77139座標:北緯36度09分18秒東経136度46分17秒﻿ / ﻿北緯36.15500度 東経136.77139度﻿ /36.15500; 136.77139","両白山地","成層火山（活火山ランクC）","","717年 （泰澄上人）","","","","","","","","","","","",""
"立山","[55立山たてやま3,015m富山県イワイチョウ地理院地図Google Mapタテヤマリンドウ中部山岳国立公園日本百名山日本の山一覧 (高さ順)(第20位)] 立山 （たてやま）は、 日本 の 飛騨山脈 （北アルプス）北部、 中部山岳国立公園 を代表する雄大な群峰・連峰群である  。 立山連峰 と 後立山連峰 からなる複列連峰である。特に、立山連峰では、雄峰立山七十二峰八千八谷と謳われ、古来より信仰  の対象として神々が宿る精神的な山々の空間を 立山 と称した。仏教観の 須弥山 。古くは多知夜麻（たちやま）とも立山（りゅうさん・りゅうせん）とも称された。国文学表現の植(う)うる剣とも太刀の峯とも謳われる。","https://ja.wikipedia.org/wiki/立山","花の百名山","https://ja.wikipedia.org/wiki/花の百名山","表形式","北緯36度34分33秒東経137度37分11秒","富山県中新川郡立山町芦峅寺","3,015m","北緯36度34分33秒東経137度37分11秒﻿ / ﻿北緯36.57583度 東経137.61972度﻿ /36.57583; 137.61972","飛騨山脈、立山連峰","","","","","","","","","","","","","","",""
"薬師岳","[56薬師岳やくしだけ2,926m富山県キバナシャクナゲ地理院地図Google Map中部山岳国立公園圏谷（カール）新・花の百名山日本百名山日本の山一覧 (高さ順)(第27位)] 薬師岳 （やくしだけ）は 富山県 富山市 南東部に位置する 標高 2,926 m の 山 。 剱岳 ・ 立山 と並ぶ 飛騨山脈 （北アルプス） 立山連峰 の主要峰である。山域は 中部山岳国立公園 に指定されている  。山頂には 二等三角点 が設定されている。点名は「薬師ヶ岳」。所在地は、富山県富山市大字有峰字直川谷割39・黒部谷割国有林  。","https://ja.wikipedia.org/wiki/薬師岳","花の百名山","https://ja.wikipedia.org/wiki/花の百名山","表形式","北緯36度28分08秒東経137度32分41秒","日本富山県富山市","2,926.01m","北緯36度28分08秒東経137度32分41秒﻿ / ﻿北緯36.46889度 東経137.54472度﻿ /36.46889; 137.54472座標:北緯36度28分08秒東経137度32分41秒﻿ / ﻿北緯36.46889度 東経137.54472度﻿ /36.46889; 137.54472","飛騨山脈（立山連峰）","","","","","","","","","","","","","","",""
"黒部五郎岳","[57黒部五郎岳くろべごろうだけ2,840m富山県岐阜県チングルマ地理院地図Google Map中部山岳国立公園圏谷（カール）日本百名山日本の山一覧 (高さ順)(第51位)] 黒部五郎岳 （くろべごろうだけ）は、 富山県 富山市 、 岐阜県 飛騨市 及び 高山市 にまたがる 飛騨山脈 の 標高 2,840 m の 山 である。別名、 中ノ俣岳 （なかのまただけ）、鍋岳。黒部五郎岳は 富山県 側、中ノ俣岳は 岐阜県 側の古来の名称。 日本百名山  及び 花の百名山  に選定されている。山域は 中部山岳国立公園 に指定されている  。","https://ja.wikipedia.org/wiki/黒部五郎岳","花の百名山","https://ja.wikipedia.org/wiki/花の百名山","表形式","北緯36度23分33秒東経137度32分24秒","日本富山県富山市岐阜県高山市・飛騨市","2,839.58m","北緯36度23分33秒東経137度32分24秒﻿ / ﻿北緯36.39250度 東経137.54000度﻿ /36.39250; 137.54000座標:北緯36度23分33秒東経137度32分24秒﻿ / ﻿北緯36.39250度 東経137.54000度﻿ /36.39250; 137.54000","飛騨山脈（立山連峰）","","","","","","","","","","","","","","",""
"五色ヶ原","[58五色ヶ原ごしきがはら2,490m富山県クロユリ地理院地図Google Map中部山岳国立公園] 五色ヶ原 （ごしきがはら）は、 立山 から 薬師岳 に続く 立山連峰 の途中にある 台地 。 富山県 富山市 に属する。","https://ja.wikipedia.org/wiki/五色ヶ原_(立山連峰)","花の百名山","https://ja.wikipedia.org/wiki/花の百名山","表形式","北緯36度32分20秒 東経137度35分40秒","","","","","","","","","","","","","","","","","","",""
"弓折岳","[59弓折岳ゆみおりだけ2,592m岐阜県ムシトリスミレ地理院地図Google Map中部山岳国立公園鏡平山荘] 弓折岳 （ゆみおりだけ、ゆみおれだけ   ）は、 岐阜県 高山市 にある 飛騨山脈 南部の 標高 2,592 m の 山 。弓折岳を含む飛騨山脈の主な山域は 1934年 （ 昭和 9年）12月4日に 中部山岳国立公園 の指定を受けている  。山頂は台地状  。 花の百名山  、 続ぎふ百山  の一つに選定されている。東山腹にある鏡平が、新高山市100景の一つに選定されている  。","https://ja.wikipedia.org/wiki/弓折岳","花の百名山","https://ja.wikipedia.org/wiki/花の百名山","表形式","北緯36度20分58秒東経137度35分48秒","日本岐阜県高山市","2,592m","北緯36度20分58秒東経137度35分48秒﻿ / ﻿北緯36.34944度 東経137.59667度﻿ /36.34944; 137.59667座標:北緯36度20分58秒東経137度35分48秒﻿ / ﻿北緯36.34944度 東経137.59667度﻿ /36.34944; 137.59667","飛騨山脈（北アルプス）","","","","","","","","","","","","","","",""
"双六岳","[60双六岳すごろくだけ2,860m岐阜県富山県コバイケイソウ地理院地図Google Map中部山岳国立公園日本の山一覧 (高さ順)(第44位)双六小屋] 双六岳 （すごろくだけ）は、 長野県 大町市 と 岐阜県 高山市 にまたがる 飛騨山脈 の 裏銀座 の主稜線に位置する 標高 2,860 m の 山 である。双六岳を含む飛騨山脈の主な山域は 1934年 （ 昭和 9年）12月4日に 中部山岳国立公園 の指定を受けている   。 花の百名山  、 ぎふ百山  、新高山市100景  の一つに選定されている。","https://ja.wikipedia.org/wiki/双六岳","花の百名山","https://ja.wikipedia.org/wiki/花の百名山","表形式","北緯36度22分19秒東経137度35分14秒","日本長野県大町市、岐阜県高山市","2,860.29m","北緯36度22分19秒東経137度35分14秒﻿ / ﻿北緯36.37194度 東経137.58722度﻿ /36.37194; 137.58722座標:北緯36度22分19秒東経137度35分14秒﻿ / ﻿北緯36.37194度 東経137.58722度﻿ /36.37194; 137.58722","飛騨山脈","","","","","","","","","","","","","","",""
"仙丈ヶ岳","[61仙丈ヶ岳せんじょうがたけ3,033m長野県山梨県シナノナデシコ地理院地図Google Map南アルプス国立公園圏谷（カール）新・花の百名山日本百名山、新日本百名山日本の山一覧 (高さ順)(第17位)] 仙丈ヶ岳 または 仙丈岳 （せんじょうがたけ・せんじょうだけ）は、 長野県 伊那市 と 山梨県 南アルプス市 にまたがる 南アルプス国立公園 内の 赤石山脈 の北部にある 標高 3,033 m の 山 である。","https://ja.wikipedia.org/wiki/仙丈ヶ岳","花の百名山","https://ja.wikipedia.org/wiki/花の百名山","表形式","北緯35度43分12秒東経138度11分1秒","日本山梨県南アルプス市長野県伊那市","3,032.88m","北緯35度43分12秒東経138度11分1秒﻿ / ﻿北緯35.72000度 東経138.18361度﻿ /35.72000; 138.18361座標:北緯35度43分12秒東経138度11分1秒﻿ / ﻿北緯35.72000度 東経138.18361度﻿ /35.72000; 138.18361","赤石山脈","氷食尖峰、褶曲隆起","","","","","","","","","","","","","",""
"根子岳","[62根子岳ねこだけ2,207m長野県ウメバチソウ地理院地図Google Map菅平高原] 根子岳 （ねこだけ）は、 長野県 上田市 菅平高原 と 須坂市 の境にある山。 標高 は2,207m。 ウメバチソウ が有名で、 花の百名山 の一つ。","https://ja.wikipedia.org/wiki/根子岳_(長野県)","花の百名山","https://ja.wikipedia.org/wiki/花の百名山","表形式","北緯36度32分57秒東経138度23分43秒","日本長野県上田市・須坂市","2,207m","北緯36度32分57秒東経138度23分43秒﻿ / ﻿北緯36.54917度 東経138.39528度﻿ /36.54917; 138.39528座標:北緯36度32分57秒東経138度23分43秒﻿ / ﻿北緯36.54917度 東経138.39528度﻿ /36.54917; 138.39528","四阿山（四阿火山）","","","","","","","","","","","","","","",""
"苗場山","[63苗場山なえばさん2,145m新潟県長野県ツルコケモモ地理院地図Google Mapスキーリゾート日本百名山] 苗場山 （なえばさん）は 新潟県 南部、 長野県 北東部の県境に位置する 標高 2,145mの火山。","https://ja.wikipedia.org/wiki/苗場山","花の百名山","https://ja.wikipedia.org/wiki/花の百名山","表形式","北緯36度50分45秒東経138度41分25秒","日本新潟県湯沢町・津南町長野県栄村","2,145m","北緯36度50分45秒東経138度41分25秒﻿ / ﻿北緯36.84583度 東経138.69028度﻿ /36.84583; 138.69028座標:北緯36度50分45秒東経138度41分25秒﻿ / ﻿北緯36.84583度 東経138.69028度﻿ /36.84583; 138.69028","三国山脈","第四紀火山","","","","","","","","","","","","","",""
"霧ノ塔","[64[[Image:画像募集中|128px]]霧ノ塔きりのとう1,994m新潟県長野県トキソウ地理院地図Google Map苗場山の北]","https://ja.wikipedia.org/w/index.php?title=霧ノ塔&amp;action=edit&amp;redlink=1","花の百名山","https://ja.wikipedia.org/wiki/花の百名山","表形式","","","","","","","","","","","","","","","","","","","",""
"守屋山","[65守屋山もりやさん1,650m長野県ザゼンソウ地理院地図Google Map伊那山地北部] 守屋山 （もりやさん）は、 長野県 諏訪市 と 伊那市 との境にある 標高 1,651mの山である   。","https://ja.wikipedia.org/wiki/守屋山","花の百名山","https://ja.wikipedia.org/wiki/花の百名山","表形式","北緯35度58分03秒東経138度05分36秒","日本長野県諏訪市・伊那市","1,650.3m","北緯35度58分03秒東経138度05分36秒﻿ / ﻿北緯35.96750度 東経138.09333度﻿ /35.96750; 138.09333座標:北緯35度58分03秒東経138度05分36秒﻿ / ﻿北緯35.96750度 東経138.09333度﻿ /35.96750; 138.09333","伊那山地","","","","","","","","","","","","","","",""
"黒斑山","[66黒斑山くろふやま2,404m群馬県長野県ヒメシャジン地理院地図Google Map浅間山の外輪山] 黒斑山 （くろふやま）は、 群馬県 嬬恋村 と 長野県 小諸市 にある 浅間山 の第一 外輪山 の 最高峰 である 標高 2,404 m の 山 。","https://ja.wikipedia.org/wiki/黒斑山","花の百名山","https://ja.wikipedia.org/wiki/花の百名山","表形式","北緯36度24分19秒東経138度29分19秒","日本群馬県嬬恋村長野県小諸市","2,404m","北緯36度24分19秒東経138度29分19秒﻿ / ﻿北緯36.40528度 東経138.48861度﻿ /36.40528; 138.48861座標:北緯36度24分19秒東経138度29分19秒﻿ / ﻿北緯36.40528度 東経138.48861度﻿ /36.40528; 138.48861","浅間山","馬蹄形カルデラ外輪山","","","","","","","","","","","","","",""
"浅間山","[67浅間山あさまやま2,568m群馬県長野県ムラサキ地理院地図Google Map日本百名山カルデラ] 浅間山 （あさまやま）は、 長野県 北佐久郡 軽井沢町 及び 御代田町 と 群馬県 吾妻郡 嬬恋村 との境にある 安山岩 質の 標高 2,568 メートル (m) の 成層火山 。山体は 円錐 形で カルデラ も形成されており、活発な 活火山 として知られる。","https://ja.wikipedia.org/wiki/浅間山","花の百名山","https://ja.wikipedia.org/wiki/花の百名山","表形式","北緯36度24分23秒東経138度31分23秒","日本群馬県吾妻郡嬬恋村長野県北佐久郡軽井沢町・御代田町","2,568m","北緯36度24分23秒東経138度31分23秒﻿ / ﻿北緯36.40639度 東経138.52306度﻿ /36.40639; 138.52306座標:北緯36度24分23秒東経138度31分23秒﻿ / ﻿北緯36.40639度 東経138.52306度﻿ /36.40639; 138.52306","浅間山系","成層火山（活火山ランクA）","","","","","","","","","","","","","",""
"槍ヶ岳","[68槍ヶ岳やりがたけ3,180m長野県岐阜県トウヤクリンドウ地理院地図Google Map中部山岳国立公園日本百名山、新日本百名山各都道府県の最高峰日本の山一覧 (高さ順)(第5位)] 槍ヶ岳 （やりがたけ）は、 飛騨山脈 南部にある 標高 3,180 m の 山 である。山域は 中部山岳国立公園 に指定されており  、 日本で5番目に高い山 である。 長野県 松本市 ・ 大町市 ・ 岐阜県 高山市 の境界にある。初登攀は 僧 の 播隆上人 。 日本百名山  、 新日本百名山  及び 花の百名山  に選定されている。通称「槍」。","https://ja.wikipedia.org/wiki/槍ヶ岳","花の百名山","https://ja.wikipedia.org/wiki/花の百名山","表形式","北緯36度20分31秒東経137度38分51秒","日本長野県松本市、大町市岐阜県高山市","3,180m","北緯36度20分31秒東経137度38分51秒﻿ / ﻿北緯36.34194度 東経137.64750度﻿ /36.34194; 137.64750座標:北緯36度20分31秒東経137度38分51秒﻿ / ﻿北緯36.34194度 東経137.64750度﻿ /36.34194; 137.64750","飛騨山脈","氷食尖峰","","1828年7月20日 (旧暦)（播隆上人）","","","","","","","","","","","",""
"白馬岳","[69白馬岳しろうまだけ2,932m長野県富山県コマクサ地理院地図Google Mapウルップソウ白馬大雪渓中部山岳国立公園新・花の百名山日本百名山、新日本百名山日本の山一覧 (高さ順)(第26位)] 白馬岳 （しろうまだけ）は、 飛騨山脈 （北アルプス）北部の 後立山連峰 にある 標高 2,932 m の 山 。 長野県 と 富山県 とにまたがり、 中部山岳国立公園  内にある。","https://ja.wikipedia.org/wiki/白馬岳","花の百名山","https://ja.wikipedia.org/wiki/花の百名山","表形式","北緯36度45分31秒東経137度45分31秒","日本長野県北安曇郡白馬村富山県黒部市、下新川郡朝日町","2,932.24m","北緯36度45分31秒東経137度45分31秒﻿ / ﻿北緯36.75861度 東経137.75861度﻿ /36.75861; 137.75861座標:北緯36度45分31秒東経137度45分31秒﻿ / ﻿北緯36.75861度 東経137.75861度﻿ /36.75861; 137.75861","飛騨山脈（後立山連峰）","褶曲・隆起","","1883年（北安曇郡長ら）","","","","","","","","","","","",""
"木曽駒ヶ岳","[70木曽駒ヶ岳きそこまがたけ2,956m長野県ヒメウスユキソウ地理院地図Google Map中央アルプスの主峰駒ヶ岳ロープウェイ日本百名山、新日本百名山日本の山一覧 (高さ順)(第25位)] 木曽駒ヶ岳 （きそこまがたけ）は 長野県 上松町 ・ 木曽町 ・ 宮田村 の境界にそびえる 標高 2,956 m の 山 で、 木曽山脈 （中央アルプス）の最高峰。 日本百名山  、 新日本百名山  、 花の百名山  に選定されている。 木曾駒ヶ岳 とも表記され、また略して 木曽駒 と呼ばれる事もある。","https://ja.wikipedia.org/wiki/木曽駒ヶ岳","花の百名山","https://ja.wikipedia.org/wiki/花の百名山","表形式","北緯35度47分22秒東経137度48分16秒","長野県木曽郡上松町・木曽町上伊那郡宮田村","2,955.95m","北緯35度47分22秒東経137度48分16秒﻿ / ﻿北緯35.78944度 東経137.80444度﻿ /35.78944; 137.80444","木曽山脈（中央アルプス）","","","","","","","","","","","","","","",""
"御嶽山","[71御嶽山おんたけさん3,067m長野県岐阜県リンネソウ地理院地図Google Map巨大な独立峰火口湖日本百名山日本の山一覧 (高さ順)(第14位)] 御嶽山  （おんたけさん）は、 長野県 木曽郡 木曽町 ・ 王滝村 と 岐阜県 下呂市 ・ 高山市 にまたがり、 東日本火山帯 の西端に位置する 標高 3,067 m の複合 成層火山 である   。大きな裾野を広げる 独立峰 である   。","https://ja.wikipedia.org/wiki/御嶽山","花の百名山","https://ja.wikipedia.org/wiki/花の百名山","表形式","北緯35度53分34秒東経137度28分49秒","日本長野県木曽郡木曽町・王滝村岐阜県下呂市・高山市","最高峰剣ヶ峰 3,067m","北緯35度53分34秒東経137度28分49秒﻿ / ﻿北緯35.89278度 東経137.48028度﻿ /35.89278; 137.48028座標:北緯35度53分34秒東経137度28分49秒﻿ / ﻿北緯35.89278度 東経137.48028度﻿ /35.89278; 137.48028","独立峰（御嶽山系）","成層火山活火山ランクB、噴火警戒レベル1(活火山であることに留意)","2014年（継続中）","（702年に役小角が開山）","","","","","","","","","","","",""
"西穂高岳","[72西穂高岳にしほたかだけ2,909m長野県岐阜県センジュガンピ地理院地図Google Map新穂高ロープウェイ中部山岳国立公園日本の山一覧 (高さ順)(第31位)] 西穂高岳 （にしほたかだけ）は、 長野県 松本市 と 岐阜県 高山市 にまたがる 標高 2,909 m の 飛騨山脈 （北アルプス）南部の 山 である。山域は 中部山岳国立公園 に指定され  、 花の百名山 に選定されている  。","https://ja.wikipedia.org/wiki/西穂高岳","花の百名山","https://ja.wikipedia.org/wiki/花の百名山","表形式","北緯36度16分44秒東経137度37分45秒","長野県松本市岐阜県高山市","2,908.59m","北緯36度16分44秒東経137度37分45秒﻿ / ﻿北緯36.27889度 東経137.62917度﻿ /36.27889; 137.62917座標:北緯36度16分44秒東経137度37分45秒﻿ / ﻿北緯36.27889度 東経137.62917度﻿ /36.27889; 137.62917","飛騨山脈","","","1906年　（阿部郡治）","","","","","","","","","","","",""
"戸隠山","[73戸隠山とがくしやま1,904m長野県クリンソウ地理院地図Google Map北信五岳] 戸隠山 （とがくしやま）は、 長野県 長野市 にある山。 戸隠連峰 の一峰で、 標高 は1,904m。400万年前から270万年前頃の 新第三紀 の 海底火山 由来の 火成岩 が、山体を作っていると考えられる  。","https://ja.wikipedia.org/wiki/戸隠山","花の百名山","https://ja.wikipedia.org/wiki/花の百名山","表形式","北緯36度46分13秒東経138度03分18秒","日本長野県長野市","1,904m","北緯36度46分13秒東経138度03分18秒﻿ / ﻿北緯36.77028度 東経138.05500度﻿ /36.77028; 138.05500座標:北緯36度46分13秒東経138度03分18秒﻿ / ﻿北緯36.77028度 東経138.05500度﻿ /36.77028; 138.05500","戸隠連峰","","","","","","","","","","","","","","",""
"火打山","[74火打山ひうちやま2,462m新潟県ハクサンコザクラ地理院地図Google Map頸城三山日本百名山高谷池ヒュッテ湿原] 火打山 （ひうちやま）は、 妙高戸隠連山国立公園 内の 新潟県 糸魚川市 と 妙高市 にまたがる 標高 2,462 m の 頸城山塊 の 最高峰 である   。 日本百名山  、及び 花の百名山   に選定されている。","https://ja.wikipedia.org/wiki/火打山","花の百名山","https://ja.wikipedia.org/wiki/花の百名山","表形式","北緯36度55分22秒東経138度04分05秒","日本新潟県糸魚川市、妙高市","2,461.77m","北緯36度55分22秒東経138度04分05秒﻿ / ﻿北緯36.92278度 東経138.06806度﻿ /36.92278; 138.06806座標:北緯36度55分22秒東経138度04分05秒﻿ / ﻿北緯36.92278度 東経138.06806度﻿ /36.92278; 138.06806","頸城山塊","","","","","","","","","","","","","","",""
"縞枯山","[75縞枯山しまがれやま2,403m長野県オサバグサ地理院地図Google Map八ヶ岳連峰（北八ヶ岳）] 縞枯山 （しまがれやま）は、 八ヶ岳連峰 の 北八ヶ岳 にある標高2,403mの山。","https://ja.wikipedia.org/wiki/縞枯山","花の百名山","https://ja.wikipedia.org/wiki/花の百名山","表形式","北緯36度04分31秒東経138度19分53秒","日本長野県南佐久郡佐久穂町・茅野市","2,403m","北緯36度04分31秒東経138度19分53秒﻿ / ﻿北緯36.07528度 東経138.33139度﻿ /36.07528; 138.33139座標:北緯36度04分31秒東経138度19分53秒﻿ / ﻿北緯36.07528度 東経138.33139度﻿ /36.07528; 138.33139","八ヶ岳連峰","","","","","","","","","","","","","","",""
"爺ヶ岳","[76爺ヶ岳じいがたけ2,670m富山県長野県カライトソウ地理院地図Google Map中部山岳国立公園新・花の百名山日本三百名山日本の山一覧 (高さ順)(第99位)] 爺ヶ岳 （じいがたけ）は、 富山県 中新川郡 立山町 と 長野県 大町市 にまたがる、 飛騨山脈 （北アルプス）・ 後立山連峰 南部の 標高 2,670 m の 山 。山名は長野県側では「 じ いがたけ」と頭高型 アクセント で発音される。また栂山・栂谷ノ峯・後立山・五六ヶ岳・爺岳・爺子岳の別称を持つ  。","https://ja.wikipedia.org/wiki/爺ヶ岳","花の百名山","https://ja.wikipedia.org/wiki/花の百名山","表形式","北緯36度35分18秒東経137度45分03秒","日本富山県中新川郡立山町長野県大町市","2,669.82m","北緯36度35分18秒東経137度45分03秒﻿ / ﻿北緯36.58833度 東経137.75083度﻿ /36.58833; 137.75083座標:北緯36度35分18秒東経137度45分03秒﻿ / ﻿北緯36.58833度 東経137.75083度﻿ /36.58833; 137.75083","飛騨山脈（後立山連峰）","褶曲・隆起","","","","","","","","","","","","","",""
"鹿島槍ヶ岳","[77鹿島槍ヶ岳かしまやりがたけ2,889m富山県長野県タカネツメクサ地理院地図Google Map双耳峰中部山岳国立公園新・花の百名山日本百名山日本の山一覧 (高さ順)(第36位)] 鹿島槍ヶ岳 （かしまやりがたけ）は、 富山県 黒部市 、 中新川郡 立山町 および 長野県 大町市 にまたがる 後立山連峰 （ 飛騨山脈 ）の 標高 2,889 m の 山   。 中部山岳国立公園 内にある   。後立山連峰の盟主とされる   。","https://ja.wikipedia.org/wiki/鹿島槍ヶ岳","花の百名山","https://ja.wikipedia.org/wiki/花の百名山","表形式","北緯36度37分28秒東経137度44分49秒","日本富山県黒部市・立山町長野県大町市","2,889.08m","北緯36度37分28秒東経137度44分49秒﻿ / ﻿北緯36.62444度 東経137.74694度﻿ /36.62444; 137.74694座標:北緯36度37分28秒東経137度44分49秒﻿ / ﻿北緯36.62444度 東経137.74694度﻿ /36.62444; 137.74694","飛騨山脈（後立山連峰）","褶曲・隆起","","","","","","","","","","","","","",""
"五頭山","[78五頭山ごずさん912m新潟県オオイワカガミ地理院地図Google Map五頭五峰] 五頭山 （ごずさん）は 新潟県 阿賀野市 と 東蒲原郡 阿賀町 にまたがる 山 。 標高は912m。","https://ja.wikipedia.org/wiki/五頭山","花の百名山","https://ja.wikipedia.org/wiki/花の百名山","表形式","北緯37度48分03秒東経139度20分45秒","新潟県阿賀野市・東蒲原郡阿賀町","912m","北緯37度48分03秒東経139度20分45秒﻿ / ﻿北緯37.80083度 東経139.34583度﻿ /37.80083; 139.34583","五頭連峰","","","","","","","","","","","","","","",""
"高峰山","[79高峰山たかみねさん2,106m長野県コウリンカ地理院地図Google Map高峰高原] 高峰山 （たかみねやま他）","https://ja.wikipedia.org/wiki/高峰山","花の百名山","https://ja.wikipedia.org/wiki/花の百名山","表形式","","","","","","","","","","","","","","","","","","","",""
"霧ヶ峰","[80霧ヶ峰きりがみね1,925m長野県ヤナギラン地理院地図Google Map日本百名山] 霧ヶ峰 （きりがみね）は、長野県中部の 茅野市 、 諏訪市 、 諏訪郡 下諏訪町 にまたがる 火山  。 八ヶ岳中信高原国定公園 内にある  。","https://ja.wikipedia.org/wiki/霧ヶ峰","花の百名山","https://ja.wikipedia.org/wiki/花の百名山","表形式","北緯36度06分11秒東経138度11分48秒","長野県茅野市・諏訪市・諏訪郡下諏訪町・小県郡長和町","車山1,925m","北緯36度06分11秒東経138度11分48秒﻿ / ﻿北緯36.10306度 東経138.19667度﻿ /36.10306; 138.19667座標:北緯36度06分11秒東経138度11分48秒﻿ / ﻿北緯36.10306度 東経138.19667度﻿ /36.10306; 138.19667","","火山","約75万年前","","","","","","","","","","","","",""
"志賀高原","[81志賀高原しがこうげん2,036m長野県イブキジャコウソウ地理院地図Google Map志賀山] 志賀高原 （しがこうげん）は、 上信越高原国立公園 の一部である 長野県 下高井郡 山ノ内町 とその周辺一帯に広がる 高原 である  。","https://ja.wikipedia.org/wiki/志賀高原","花の百名山","https://ja.wikipedia.org/wiki/花の百名山","表形式","北緯36度42分20秒 東経138度30分28秒","","","","","","","","","","","","","","","","","","",""
"浜石岳","[82浜石岳はまいしだけ707m静岡県ヤマユリ地理院地図Google Map富士山展望] 浜石岳 （はまいしだけ）は、 静岡県 静岡市 清水区   の北東部に位置する 標高 707 m の 山   。東山麓の旧 由比町 での別名が西山  。","https://ja.wikipedia.org/wiki/浜石岳","花の百名山","https://ja.wikipedia.org/wiki/花の百名山","表形式","北緯35度07分0秒東経138度32分0秒","日本静岡県静岡市清水区","706.81m","北緯35度07分0秒東経138度32分0秒﻿ / ﻿北緯35.11667度 東経138.53333度﻿ /35.11667; 138.53333座標:北緯35度07分0秒東経138度32分0秒﻿ / ﻿北緯35.11667度 東経138.53333度﻿ /35.11667; 138.53333","赤石山脈（南アルプス）中央連嶺の大井川左岸山系","","","","","","","","","","","","","","",""
"三上山","[83三上山みかみやま432m滋賀県イワナシ地理院地図Google Map近江富士] 三上山 （みかみやま）は 滋賀県 野洲市 三上にある 山 。一般には 近江富士 として知られる。 標高 432m。ふもとには 御上神社 や 滋賀県希望が丘文化公園 がある。","https://ja.wikipedia.org/wiki/三上山","花の百名山","https://ja.wikipedia.org/wiki/花の百名山","表形式","北緯35度03分01秒東経136度02分16秒","日本滋賀県野洲市","432m","北緯35度03分01秒東経136度02分16秒﻿ / ﻿北緯35.05028度 東経136.03778度﻿ /35.05028; 136.03778座標:北緯35度03分01秒東経136度02分16秒﻿ / ﻿北緯35.05028度 東経136.03778度﻿ /35.05028; 136.03778","","残丘","","","","","","","","","","","","","",""
"藤原岳","[84藤原岳ふじわらだけ1,140m三重県滋賀県アワコバイモ[[Image:画像募集中|128px] 藤原岳 （ふじわらだけ）は 鈴鹿国定公園 の 三重県 いなべ市 と 滋賀県 東近江市 との境界にある 山 。 標高 1,144 m  。 鈴鹿山脈 の北部に位置し、 日本三百名山 及び 関西百名山 、 花の百名山 に選定されている。","https://ja.wikipedia.org/wiki/藤原岳","花の百名山","https://ja.wikipedia.org/wiki/花の百名山","表形式","北緯35度09分31秒東経136度27分10秒","日本三重県いなべ市滋賀県東近江市","1,144m","北緯35度09分31秒東経136度27分10秒﻿ / ﻿北緯35.15861度 東経136.45278度﻿ /35.15861; 136.45278座標:北緯35度09分31秒東経136度27分10秒﻿ / ﻿北緯35.15861度 東経136.45278度﻿ /35.15861; 136.45278","鈴鹿山脈","堆積岩（石灰岩）","","","","","","","","","","","","","",""
"霊仙山","[85霊仙山りょうぜんさん1,083m滋賀県ヒロハノアマナ地理院地図Google Map鈴鹿山脈の最北端カルスト台地ミスミソウフクジュソウ] 霊仙山 （りょうぜんざん、りょうぜんやま）は、 滋賀県 の 犬上郡 多賀町 と 米原市 にまたがる 鈴鹿山脈 の最北に位置する 標高 1,094 m の 山 。山の東山腹は 岐阜県 大垣市 上石津町 と 不破郡 関ケ原町 に属する。北側には 伊吹山 が対峙している。『 花の百名山 』  として花の多い山であることが知られていて  、シーズン中は多くの登山者が訪れる。","https://ja.wikipedia.org/wiki/霊仙山","花の百名山","https://ja.wikipedia.org/wiki/花の百名山","表形式","北緯35度16分45秒東経136度22分53秒","日本滋賀県犬上郡多賀町、米原市岐阜県大垣市上石津町、不破郡関ケ原町","1,094m","北緯35度16分45秒東経136度22分53秒﻿ / ﻿北緯35.27917度 東経136.38139度﻿ /35.27917; 136.38139","鈴鹿山脈","堆積岩（石灰岩）","","","","","","","","","","","","","",""
"二上山","[86二上山にじょうざん517m奈良県大阪府テイショウソウ地理院地図Google Map双耳峰金剛山地] 二上山 （にじょうさん  ）は、 奈良県 葛城市 と 大阪府 南河内郡 太子町 にまたがる 山 。かつては 大和言葉 による読みで「 ふたかみやま 」と呼ばれた。 金剛山地 北部に位置し、北方の 雄岳 （517m）と南方の 雌岳 （474m）の2つの山頂がある双耳峰で、 大阪みどりの百選 に選定されている  。また、 石器 に使われた 讃岐岩 （サヌカイト）の産地である。","https://ja.wikipedia.org/wiki/二上山_(奈良県・大阪府)","花の百名山","https://ja.wikipedia.org/wiki/花の百名山","表形式","北緯34度31分32秒東経135度40分39秒","日本奈良県葛城市加守大阪府南河内郡太子町大字山田","雄岳 517m、雌岳 474m","北緯34度31分32秒東経135度40分39秒﻿ / ﻿北緯34.52556度 東経135.67750度﻿ /34.52556; 135.67750座標:北緯34度31分32秒東経135度40分39秒﻿ / ﻿北緯34.52556度 東経135.67750度﻿ /34.52556; 135.67750","金剛山地","","","","","","","","","","","","","","",""
"葛城山","[87葛城山かつらぎさん959m奈良県大阪府ミヤマラッキョウ[[Image:画像募集中|128px] 大和葛城山 （やまとかつらぎさん）は、 奈良県 御所市 と 大阪府 南河内郡 千早赤阪村 との境に位置する標高959.2mの 山 である。単に 葛城山 と呼ばれることもある。","https://ja.wikipedia.org/wiki/大和葛城山","花の百名山","https://ja.wikipedia.org/wiki/花の百名山","表形式","北緯34度27分22秒東経135度40分56秒","日本奈良県御所市・大阪府南河内郡千早赤阪村","959.2m","北緯34度27分22秒東経135度40分56秒﻿ / ﻿北緯34.45611度 東経135.68222度﻿ /34.45611; 135.68222座標:北緯34度27分22秒東経135度40分56秒﻿ / ﻿北緯34.45611度 東経135.68222度﻿ /34.45611; 135.68222","金剛山地","","","","","","","","","","","","","","",""
"愛宕山","[88愛宕山あたごやま924m京都府オタカラコウ地理院地図Google Map愛宕神社の総本山] 愛宕山 （あたごやま、あたごさん）は、 京都府 京都市 右京区 の北西部、 山城国 と 丹波国 の国境にある 山 である。京都市街を取り巻く山の中で、 比叡山 と並びよく目立っており、信仰の山としても知られる。","https://ja.wikipedia.org/wiki/愛宕山_(京都市)","花の百名山","https://ja.wikipedia.org/wiki/花の百名山","表形式","北緯35度03分36秒東経135度38分03秒","日本京都府京都市右京区","924m","北緯35度03分36秒東経135度38分03秒﻿ / ﻿北緯35.06000度 東経135.63417度﻿ /35.06000; 135.63417座標:北緯35度03分36秒東経135度38分03秒﻿ / ﻿北緯35.06000度 東経135.63417度﻿ /35.06000; 135.63417","","","","","","","","","","","","","","","",""
"御池岳","[89御池岳おいけだけ1,247m滋賀県ヤマエンゴサク地理院地図Google Map鈴鹿山脈の最高峰カルスト台地日本三百名山鈴鹿セブンマウンテン] 御池岳 （おいけだけ）は、 滋賀県 東近江市 の 鈴鹿国定公園 内にある 標高 1,247 m の 山 。山腹の北東面は 三重県 いなべ市 との境界に位置する。 鈴鹿山脈 および東近江市の 最高峰 。","https://ja.wikipedia.org/wiki/御池岳","花の百名山","https://ja.wikipedia.org/wiki/花の百名山","表形式","北緯35度10分43秒東経136度24分54秒","日本滋賀県東近江市（三重県いなべ市）","1,247m","北緯35度10分43秒東経136度24分54秒﻿ / ﻿北緯35.17861度 東経136.41500度﻿ /35.17861; 136.41500座標:北緯35度10分43秒東経136度24分54秒﻿ / ﻿北緯35.17861度 東経136.41500度﻿ /35.17861; 136.41500","鈴鹿山脈","堆積岩（石灰岩）","","","","","","","","","","","","","",""
"大台ケ原山","[90大台ケ原山おおだいがはらやま1,695m奈良県三重県イナモリソウ地理院地図Google Map多雨地帯日本百名山新日本百名山各都道府県の最高峰] 大台ヶ原山 （おおだいがはらやま）は 奈良県 と 三重県 の 県境 にある 標高 1695.1m  の 山 である。 深田久弥 によって「 日本百名山 」に選ばれたほか、 日本百景 、 日本の秘境100選 にも選ばれている。 1980年 （昭和55年）に 国際連合教育科学文化機関 の 生物圏保護区 （ユネスコエコパーク）に登録された（登録名：大台ケ原・ 大峯山 ・ 大杉谷 ）  。","https://ja.wikipedia.org/wiki/大台ケ原山","花の百名山","https://ja.wikipedia.org/wiki/花の百名山","表形式","北緯34度11分7秒東経136度6分33秒","奈良県吉野郡上北山村、川上村、三重県多気郡大台町","1,695.1m","北緯34度11分7秒東経136度6分33秒﻿ / ﻿北緯34.18528度 東経136.10917度﻿ /34.18528; 136.10917座標:北緯34度11分7秒東経136度6分33秒﻿ / ﻿北緯34.18528度 東経136.10917度﻿ /34.18528; 136.10917","台高山脈","隆起準平原","","","","","","","","","","","","","",""
"大山","[91大山だいせん1,709m鳥取県ダイセンクワガタ[[Image:画像募集中|128px] 大山 （だいせん）は、 日本 の 鳥取県 にある 標高 1,729mの 山 。 成層火山 であるが、 活火山 としては扱われていない  。鳥取県および 中国地方 の最高峰でもある。 角盤山 （かくばんざん）とも呼ばれるほか、鳥取県西部の 旧国名 が 伯耆国 であったことから 伯耆大山 （ほうきだいせん）、あるいはその山容から 郷土富士 として 伯耆富士 や 出雲富士 とも呼ばれる  。 日本百名山 や 日本百景 にも選定され、鳥取県のシンボルの一つとされている  。","https://ja.wikipedia.org/wiki/大山_(鳥取県)","花の百名山","https://ja.wikipedia.org/wiki/花の百名山","表形式","北緯35度22分16秒東経133度32分24秒","日本鳥取県大山町・琴浦町・江府町など","1,729m","北緯35度22分16秒東経133度32分24秒﻿ / ﻿北緯35.37111度 東経133.54000度﻿ /35.37111; 133.54000座標:北緯35度22分16秒東経133度32分24秒﻿ / ﻿北緯35.37111度 東経133.54000度﻿ /35.37111; 133.54000","独立峰（大山山系）","成層火山・溶岩ドーム","約2万800年前","","","","","","","","","","","","",""
"天狗高原","[92天狗高原てんぐこうげん1,484m高知県愛媛県ユキモチソウ地理院地図Google Map国民宿舎] 天狗高原 （てんぐこうげん）は、 高知県 高岡郡 津野町 にある標高1000～1400メートルの 高原 である  。","https://ja.wikipedia.org/wiki/天狗高原","花の百名山","https://ja.wikipedia.org/wiki/花の百名山","表形式","北緯33度28分28.75秒東経132度59分40.38秒","愛媛県上浮穴郡久万高原町・高知県高岡郡津野町・吾川郡仁淀川町","1,485.0m","北緯33度28分28.75秒東経132度59分40.38秒﻿ / ﻿北緯33.4746528度 東経132.9945500度﻿ /33.4746528; 132.9945500","四国山地","","","","","","","","","","","","","","",""
"東赤石山","[93東赤石山ひがしあかいしやま1,706m愛媛県コイチヨウラン地理院地図Google Map日本二百名山] 東赤石山 （ひがしあかいしやま）は、 四国 に位置する標高1,706mの 山 である。 愛媛県 四国中央市 （旧 宇摩郡 土居町 ）と 新居浜市 （旧宇摩郡 別子山村 ）の境界に位置する。","https://ja.wikipedia.org/wiki/東赤石山","花の百名山","https://ja.wikipedia.org/wiki/花の百名山","表形式","北緯33度52分30秒東経133度22分30秒","日本愛媛県四国中央市、新居浜市","1,706.0m","北緯33度52分30秒東経133度22分30秒﻿ / ﻿北緯33.87500度 東経133.37500度﻿ /33.87500; 133.37500座標:北緯33度52分30秒東経133度22分30秒﻿ / ﻿北緯33.87500度 東経133.37500度﻿ /33.87500; 133.37500","石鎚山脈東部 -法皇山脈","","","","","","","","","","","","","","",""
"横倉山","[94横倉山よこくらやま793m高知県オオバノトンボソウ地理院地図Google Map横倉宮] 横倉山 （よこくらやま）は、 高知県 高岡郡 越知町 にある 標高 800mの 山 。 四国百名山 では高知市周辺の山に分類されており、山頂には横倉宮がある歴史と伝説の山である  。 横倉山県立自然公園 に指定されている。","https://ja.wikipedia.org/wiki/横倉山_(高知県)","花の百名山","https://ja.wikipedia.org/wiki/花の百名山","表形式","北緯33度32分9秒東経133度12分28秒","高知県高岡郡越知町","800m","北緯33度32分9秒東経133度12分28秒﻿ / ﻿北緯33.53583度 東経133.20778度﻿ /33.53583; 133.20778","四国山地","","","","","","","","","","","","","","",""
"石鎚山","[95石鎚山いしづちやま1,982m愛媛県キレンゲショウマ地理院地図Google Map修験者の山新・花の百名山日本百名山、新日本百名山各都道府県の最高峰] 石鎚山 （いしづちさん、いしづちやま）は、 四国山地 西部に位置する標高1,982 mの 山 で、 近畿 以西を「西日本」とした場合の 西日本 最高峰である。 愛媛県 西条市 と 久万高原町 の境界に位置する。","https://ja.wikipedia.org/wiki/石鎚山","花の百名山","https://ja.wikipedia.org/wiki/花の百名山","表形式","北緯33度46分03秒東経133度06分54秒","日本愛媛県西条市・久万高原町","1,982m","北緯33度46分03秒東経133度06分54秒﻿ / ﻿北緯33.76750度 東経133.11500度﻿ /33.76750; 133.11500座標:北緯33度46分03秒東経133度06分54秒﻿ / ﻿北緯33.76750度 東経133.11500度﻿ /33.76750; 133.11500","四国山地","","","850年（嘉祥3年）（灼然、寂仙）","","","","","","","","","","","",""
"丸笹山","[96丸笹山まるささやま1,712m徳島県ワチガイソウ地理院地図Google Map剣山の北] 丸笹山 （まるささやま）は、 徳島県 三好市 ・ 美馬市 ・ 美馬郡 つるぎ町 の境界に位置する 山 である。 標高 1,711.9 m 。 花の百名山 、 四国百名山 指定。","https://ja.wikipedia.org/wiki/丸笹山","花の百名山","https://ja.wikipedia.org/wiki/花の百名山","表形式","北緯33度52分27秒東経134度05分24秒","徳島県三好市・美馬市・美馬郡つるぎ町","1,711.9m","北緯33度52分27秒東経134度05分24秒﻿ / ﻿北緯33.87417度 東経134.09000度﻿ /33.87417; 134.09000","四国山地剣山系","","","","","","","","","","","","","","",""
"剣山","[97剣山つるぎさん1,955m徳島県クリンユキフデ地理院地図Google Map笹原の穏やかな山容日本百名山、新日本百名山各都道府県の最高峰] ","https://ja.wikipedia.org/wiki/剣山","花の百名山","https://ja.wikipedia.org/wiki/花の百名山","表形式","北緯33度51分13秒東経134度05分39秒","日本徳島県三好市・美馬市・那賀郡那賀町","1,954.65m","北緯33度51分13秒東経134度05分39秒﻿ / ﻿北緯33.85361度 東経134.09417度﻿ /33.85361; 134.09417座標:北緯33度51分13秒東経134度05分39秒﻿ / ﻿北緯33.85361度 東経134.09417度﻿ /33.85361; 134.09417","四国山地","","","","","","","","","","","","","","",""
"霧島山","[98霧島山きりしまやま1,700m宮崎県鹿児島県マイヅルソウ地理院地図Google Map最高峰韓国岳新・花の百名山日本百名山新日本百名山] 霧島山 （きりしまやま）は、 九州 南部の 宮崎県 と 鹿児島県 県境付近に広がる 火山 群の総称であり、 霧島連山 、 霧島連峰 、 霧島山地 あるいは 霧島火山群 とも呼ばれる。最高峰の 韓国岳 （標高1,700m）と、 霊峰 高千穂峰 （標高1,574m   ）の間や周辺に山々が連なって 山塊 を成している。","https://ja.wikipedia.org/wiki/霧島山","花の百名山","https://ja.wikipedia.org/wiki/花の百名山","表形式","北緯31度56分03秒東経130度51分42秒","日本宮崎県・鹿児島県","","北緯31度56分03秒東経130度51分42秒﻿ / ﻿北緯31.93417度 東経130.86167度﻿ /31.93417; 130.86167座標:北緯31度56分03秒東経130度51分42秒﻿ / ﻿北緯31.93417度 東経130.86167度﻿ /31.93417; 130.86167","","成層火山(活火山ランクB)","","","韓国岳（1,700m）","","","","","","","","","","",""
"久住山","[99久住山くじゅうさん1,787m大分県ツクシフウロ[[Image:画像募集中|128px] 久住山 （くじゅうさん）は、 大分県 竹田市 （旧 久住町 ）にあり 九重山 （九重連山）を形成する 火山 である。","https://ja.wikipedia.org/wiki/久住山","花の百名山","https://ja.wikipedia.org/wiki/花の百名山","表形式","北緯33度04分56秒東経131度14分27秒","日本大分県竹田市","1,786.5m","北緯33度04分56秒東経131度14分27秒﻿ / ﻿北緯33.08222度 東経131.24083度﻿ /33.08222; 131.24083座標:北緯33度04分56秒東経131度14分27秒﻿ / ﻿北緯33.08222度 東経131.24083度﻿ /33.08222; 131.24083","九重山系","","","","","","","","","","","","","","",""
"祖母山","[100祖母山そぼさん1,756m宮崎県大分県カキラン地理院地図Google Map日本百名山新日本百名山各都道府県の最高峰] 祖母山 （そぼさん）は、 大分県 と 宮崎県 の県境にある 標高 1,756mの山。九州山地の中核をなし祖母傾山系に属する  。宮崎県の最高峰  で 日本百名山 に選定されている。","https://ja.wikipedia.org/wiki/祖母山","花の百名山","https://ja.wikipedia.org/wiki/花の百名山","表形式","北緯32度49分41秒東経131度20分49秒","日本大分県豊後大野市・竹田市宮崎県西臼杵郡高千穂町","1,756.36m","北緯32度49分41秒東経131度20分49秒﻿ / ﻿北緯32.82806度 東経131.34694度﻿ /32.82806; 131.34694","九州山地、祖母山系","","","","","","","","","","","","","","",""
