﻿"タイトル","コメント","URL","親リストタイトル","親リストURL","一覧抽出方法","座標","分類","所在地","面積","前身","開園","運営者","告示","事務所","事務所所在地","指定区域","指定日","年来園者数","公式サイト","地域","創立日","最寄り","運営組織","場所","主要な島"
"厚岸霧多布昆布森国定公園","厚岸霧多布昆布森国定公園2021年3月30日霧多布湿原、厚岸湾、厚岸湖、原生花園あやめヶ原など","https://ja.wikipedia.org/wiki/厚岸霧多布昆布森国定公園","国定公園一覧","https://ja.wikipedia.org/wiki/国定公園","表形式","北緯42度59分43秒東経144度55分10秒","国定公園","日本北海道釧路郡釧路町、厚岸郡厚岸町、厚岸郡浜中町、川上郡標茶町","41,487ヘクタール[1]","厚岸道立自然公園","2021年","北海道","環境省告示第24号","釧路総合振興局保健環境部環境生活課","北海道釧路市浦見2丁目2-54","","","","","","","","","",""
"暑寒別天売焼尻国定公園","暑寒別天売焼尻国定公園1990年8月1日暑寒別山地、雨竜沼湿原、天売島、焼尻島、ルーラン奇勝など","https://ja.wikipedia.org/wiki/暑寒別天売焼尻国定公園","国定公園一覧","https://ja.wikipedia.org/wiki/国定公園","表形式","北緯43度43分45秒東経141度32分30秒","国定公園","","43,559ヘクタール[1]","","","北海道","","北海道石狩振興局保健環境部環境生活課北海道空知総合振興局保健環境部環境生活課北海道留萌振興局保健環境部環境生活課","札幌市中央区北3条西7 道庁別館北海道岩見沢市8条西5北海道留萌市住之江町2-1-2","日本石狩振興局：石狩市空知総合振興局：樺戸郡新十津川町、雨竜郡雨竜町、雨竜郡北竜町留萌振興局：増毛郡増毛町、苫前郡羽幌町北緯43度43分45秒東経141度32分30秒﻿ / ﻿北緯43.72917度 東経141.54167度﻿ /43.72917; 141.54167座標:北緯43度43分45秒東経141度32分30秒﻿ / ﻿北緯43.72917度 東経141.54167度﻿ /43.72917; 141.54167","1990年8月1日","220,000人[2]","暑寒別天売焼尻国定公園","","","","","",""
"網走国定公園","網走国定公園1958年7月1日網走五湖、小清水原生花園、天都山など","https://ja.wikipedia.org/wiki/網走国定公園","国定公園一覧","https://ja.wikipedia.org/wiki/国定公園","表形式","北緯44度07分52秒東経143度48分09秒","国定公園","","37,261ヘクタール[1]","網走道立自然公園","","北海道","昭和33年厚生省告示第182号平成4年環境庁告示第16号（変更）","北海道オホーツク総合振興局保健環境部環境生活課","北海道網走市北7条西3","日本オホーツク総合振興局：網走市、網走郡大空町、斜里郡斜里町、斜里郡小清水町、常呂郡佐呂間町、北見市、紋別郡湧別町北緯44度07分52秒東経143度48分09秒﻿ / ﻿北緯44.13111度 東経143.80250度﻿ /44.13111; 143.80250座標:北緯44度07分52秒東経143度48分09秒﻿ / ﻿北緯44.13111度 東経143.80250度﻿ /44.13111; 143.80250","1958年7月1日","1,667,000人[2]","網走国定公園","","","","","",""
"ニセコ積丹小樽海岸国定公園","ニセコ積丹小樽海岸国定公園1963年7月24日ニセコ連峰の一部、積丹、小樽海岸など","https://ja.wikipedia.org/wiki/ニセコ積丹小樽海岸国定公園","国定公園一覧","https://ja.wikipedia.org/wiki/国定公園","表形式","","国定公園","","19,009ヘクタール[1]","ニセコ道立自然公園","","北海道","","北海道後志総合振興局保健環境部環境生活課","北海道虻田郡倶知安町北1条東2","日本後志総合振興局：小樽市、磯谷郡蘭越町、虻田郡ニセコ町、虻田郡倶知安町、岩内郡共和町、岩内郡岩内町、積丹郡積丹町、古平郡古平町、余市郡余市町、古宇郡泊村、古宇郡神恵内村","1963年7月24日","4,354,000人[2]","ニセコ積丹小樽海岸国定公園","","","","","",""
"日高山脈襟裳国定公園","日高山脈襟裳国定公園1981年10月1日日高山脈、襟裳岬、アポイ岳など","https://ja.wikipedia.org/wiki/日高山脈襟裳国定公園","国定公園一覧","https://ja.wikipedia.org/wiki/国定公園","表形式","北緯42度43分10秒東経142度40分58秒","国定公園","","103,447ヘクタール[1]","襟裳道立自然公園","","北海道","","北海道日高振興局保健環境部環境生活課北海道十勝総合振興局保健環境部環境生活課","北海道浦河郡浦河町栄丘東通56北海道帯広市東3南3","日本日高振興局：沙流郡日高町、沙流郡平取町、新冠郡新冠町、日高郡新ひだか町、浦河郡浦河町、様似郡様似町、幌泉郡えりも町十勝総合振興局：帯広市、上川郡清水町、河西郡芽室町、河西郡中札内村、広尾郡大樹町、広尾郡広尾町北緯42度43分10秒東経142度40分58秒﻿ / ﻿北緯42.71944度 東経142.68278度﻿ /42.71944; 142.68278座標:北緯42度43分10秒東経142度40分58秒﻿ / ﻿北緯42.71944度 東経142.68278度﻿ /42.71944; 142.68278","1981年10月1日","393,000人[2]","日高山脈襟裳国定公園","","","","","",""
"大沼国定公園","大沼国定公園1958年7月1日渡島駒ヶ岳（駒ヶ岳）及び大沼","https://ja.wikipedia.org/wiki/大沼国定公園","国定公園一覧","https://ja.wikipedia.org/wiki/国定公園","表形式","北緯42度00分44秒東経140度40分16秒","国定公園","","9,083ヘクタール[1]","道立大沼公園","","北海道","","北海道渡島総合振興局保健環境部環境生活課","北海道函館市美原4丁目6-16","日本渡島総合振興局：亀田郡七飯町、茅部郡鹿部町、茅部郡森町北緯42度00分44秒東経140度40分16秒﻿ / ﻿北緯42.01222度 東経140.67111度﻿ /42.01222; 140.67111座標:北緯42度00分44秒東経140度40分16秒﻿ / ﻿北緯42.01222度 東経140.67111度﻿ /42.01222; 140.67111","1958年7月1日[2]","1,403,000人[3]","大沼国定公園","","","","","",""
"下北半島国定公園","下北半島国定公園1968年7月22日仏ヶ浦、恐山、大間崎、尻屋崎など下北半島の著名景勝地","https://ja.wikipedia.org/wiki/下北半島国定公園","国定公園一覧","https://ja.wikipedia.org/wiki/国定公園","表形式","","","","18,641ha","","","","","","","","","","","青森県","1968年7月22日","","","",""
"津軽国定公園","津軽国定公園1975年3月31日岩木山、十二湖、深浦海岸、十三湖など","https://ja.wikipedia.org/wiki/津軽国定公園","国定公園一覧","https://ja.wikipedia.org/wiki/国定公園","表形式","","","","","","","","","","","","","","","","","","","",""
"早池峰国定公園","早池峰国定公園1982年6月10日早池峰山","https://ja.wikipedia.org/wiki/早池峰国定公園","国定公園一覧","https://ja.wikipedia.org/wiki/国定公園","表形式","北緯39度33分31秒東経141度29分19秒","国定公園","","5,463ha","","","岩手県","","岩手県庁環境生活部自然保護課自然公園担当","〒020-8570岩手県盛岡市内丸10-1","日本岩手県北緯39度33分31秒東経141度29分19秒﻿ / ﻿北緯39.55861度 東経141.48861度﻿ /39.55861; 141.48861座標:北緯39度33分31秒東経141度29分19秒﻿ / ﻿北緯39.55861度 東経141.48861度﻿ /39.55861; 141.48861","1982年6月10日","","","","","","","",""
"栗駒国定公園","栗駒国定公園1968年7月22日栗駒山地、夏油温泉、鬼首温泉郷、鳴子峡、小安峡など","https://ja.wikipedia.org/wiki/栗駒国定公園","国定公園一覧","https://ja.wikipedia.org/wiki/国定公園","表形式","","","","","","","","","","","","","","","","","","","",""
"蔵王国定公園","蔵王国定公園1963年8月8日蔵王山、山寺","https://ja.wikipedia.org/wiki/蔵王国定公園","国定公園一覧","https://ja.wikipedia.org/wiki/国定公園","表形式","北緯38度08分37秒東経140度26分24秒","","","39,635ha","","","","","","","","","","","宮城県,山形県","1963年8月8日","仙台市,川崎町,蔵王町,白石市,山形市,上山市","宮城県、山形県","",""
"男鹿国定公園","男鹿国定公園1973年5月15日男鹿半島（入道崎、一ノ目潟など）","https://ja.wikipedia.org/wiki/男鹿国定公園","国定公園一覧","https://ja.wikipedia.org/wiki/国定公園","表形式","","","","","","","","","","","","","","","","","","","",""
"鳥海国定公園","鳥海国定公園1963年7月24日鳥海山、象潟、飛島など","https://ja.wikipedia.org/wiki/鳥海国定公園","国定公園一覧","https://ja.wikipedia.org/wiki/国定公園","表形式","","","","","","","","","","","","","","","","","","","",""
"越後三山只見国定公園","越後三山只見国定公園1973年5月15日越後三山（八海山など）、奥只見ダム周辺","https://ja.wikipedia.org/wiki/越後三山只見国定公園","国定公園一覧","https://ja.wikipedia.org/wiki/国定公園","表形式","","","","","","","","","","","","","","","","","","","",""
"水郷筑波国定公園","水郷筑波国定公園1959年3月3日※1筑波山、霞ヶ浦、十二橋周辺、鹿島神宮神域、犬吠埼など","https://ja.wikipedia.org/wiki/水郷筑波国定公園","国定公園一覧","https://ja.wikipedia.org/wiki/国定公園","表形式","","国定公園","","34,956ha[1]","","","千葉県","","","","日本関東平野東部","1959年3月3日","1,755万人（2015年）[2]","","","","","","",""
"妙義荒船佐久高原国定公園","妙義荒船佐久高原国定公園1969年4月10日妙義山、荒船山、佐久高原など","https://ja.wikipedia.org/wiki/妙義荒船佐久高原国定公園","国定公園一覧","https://ja.wikipedia.org/wiki/国定公園","表形式","","","","","","","","","","","","","","","","","","","",""
"南房総国定公園","南房総国定公園1958年8月1日房総内浦、房総外浦、鹿野山、清澄山など","https://ja.wikipedia.org/wiki/南房総国定公園","国定公園一覧","https://ja.wikipedia.org/wiki/国定公園","表形式","北緯35度7分45秒東経140度7分46秒","国定公園","","5,690ha[1]","","","千葉県","","","","日本千葉県房総半島南部北緯35度7分45秒東経140度7分46秒﻿ / ﻿北緯35.12917度 東経140.12944度﻿ /35.12917; 140.12944座標:北緯35度7分45秒東経140度7分46秒﻿ / ﻿北緯35.12917度 東経140.12944度﻿ /35.12917; 140.12944","1958年8月1日","1,135万人（2015年）[2]","","","","","","",""
"明治の森高尾国定公園","明治の森高尾国定公園1967年12月11日高尾山","https://ja.wikipedia.org/wiki/明治の森高尾国定公園","国定公園一覧","https://ja.wikipedia.org/wiki/国定公園","表形式","北緯35度37分31秒東経139度14分37秒","国定公園","日本東京都八王子市町田市","約7,700,000 m2","","","","1967年（昭和42年）12月11日","","","","","","明治の森高尾国定公園","","","","","",""
"丹沢大山国定公園","丹沢大山国定公園1965年3月25日丹沢湖、蛭ヶ岳、丹沢山、塔ノ岳、大山周辺","https://ja.wikipedia.org/wiki/丹沢大山国定公園","国定公園一覧","https://ja.wikipedia.org/wiki/国定公園","表形式","","","","","","","","","","","","","","","","","","","",""
"佐渡弥彦米山国定公園","佐渡弥彦米山国定公園1950年7月27日※2佐渡（外海府海岸、七浦海岸、小木海岸など）、弥彦山、米山、福浦八景など","https://ja.wikipedia.org/wiki/佐渡弥彦米山国定公園","国定公園一覧","https://ja.wikipedia.org/wiki/国定公園","表形式","","","","","","","","","","","","","","","","","","","",""
"能登半島国定公園","能登半島国定公園1968年5月1日能登金剛、曽々木海岸、禄剛崎、内浦海岸、能登島、雨晴海岸など","https://ja.wikipedia.org/wiki/能登半島国定公園","国定公園一覧","https://ja.wikipedia.org/wiki/国定公園","表形式","北緯37度31分44秒東経137度19分35秒","自然公園","日本富山県・石川県","96,720,000 m2","","","","1968年5月1日","富山県生活環境文化部自然保護課石川県環境部自然環境課","富山県富山市新総曲輪1-7石川県金沢市鞍月1-1","","","","能登半島・越前加賀海岸国定公園","","","","","",""
"越前加賀海岸国定公園","越前加賀海岸国定公園1968年5月1日越前海岸、東尋坊など","https://ja.wikipedia.org/wiki/越前加賀海岸国定公園","国定公園一覧","https://ja.wikipedia.org/wiki/国定公園","表形式","","国定公園","","20,596ヘクタール[1]","","","石川県、福井県","","石川県生活環境部自然環境課福井県安全環境部環境政策課","","日本石川県：加賀市福井県：あわら市、坂井市福井市丹生郡越前町、南条郡南越前町敦賀市","1968年5月1日","5,531,000人[2]","越前加賀海岸国定公園","","","","","",""
"若狭湾国定公園","若狭湾国定公園1955年6月1日若狭湾一帯（気比松原、三方五湖、蘇洞門、冠島）など","https://ja.wikipedia.org/wiki/若狭湾国定公園","国定公園一覧","https://ja.wikipedia.org/wiki/国定公園","表形式","","国定公園","","19,197ヘクタール[1]","","","石川県、福井県","","福井県安全環境部自然環境課京都府中丹広域振興局建設部","","日本福井県：敦賀市三方郡：美浜町、三方上中郡:若狭町小浜市大飯郡：おおい町、高浜町京都府舞鶴市","1968年5月1日","10,190,000人[2]","若狭湾国定公園","","","","","",""
"八ヶ岳中信高原国定公園","八ヶ岳中信高原国定公園1964年6月1日八ヶ岳山麓、霧ヶ峰、蓼科高原界隈など","https://ja.wikipedia.org/wiki/八ヶ岳中信高原国定公園","国定公園一覧","https://ja.wikipedia.org/wiki/国定公園","表形式","北緯36度07分10秒東経138度25分11秒","","","38,957ヘクタール","","","","","","","","","","","長野県,山梨県","1964年6月1日","松本市,諏訪市,塩尻市,茅野市,岡谷市,下諏訪町,長和町,原村,立科町,佐久市,佐久穂町,小海町,南牧村,北杜市","長野県, 山梨県","",""
"中央アルプス国定公園","中央アルプス国定公園2020年3月27日木曽山脈、寝覚ノ床、田立の滝など[2]","https://ja.wikipedia.org/wiki/中央アルプス国定公園","国定公園一覧","https://ja.wikipedia.org/wiki/国定公園","表形式","","","","","","","","","","","","","","","","","","","",""
"天竜奥三河国定公園","天竜奥三河国定公園1969年1月10日天竜峡、佐久間ダム、茶臼山高原、鳳来寺山など","https://ja.wikipedia.org/wiki/天竜奥三河国定公園","国定公園一覧","https://ja.wikipedia.org/wiki/国定公園","表形式","北緯35度16分東経137度50分","","","257.23平方キロメートル","","","","","","","","","","","長野県,静岡県,愛知県","1969年10月1日","","長野県,静岡県,愛知県","",""
"揖斐関ヶ原養老国定公園","揖斐関ヶ原養老国定公園1970年12月28日関ヶ原古戦場跡、養老渓谷など","https://ja.wikipedia.org/wiki/揖斐関ヶ原養老国定公園","国定公園一覧","https://ja.wikipedia.org/wiki/国定公園","表形式","","","","","","","","","","","","","","","","","","","",""
"飛騨木曽川国定公園","飛騨木曽川国定公園1964年3月3日飛騨川（中山七里、飛水峡）、木曽川（日本ライン）など","https://ja.wikipedia.org/wiki/飛騨木曽川国定公園","国定公園一覧","https://ja.wikipedia.org/wiki/国定公園","表形式","","","","","","","","","","","","","","","","","","","",""
"愛知高原国定公園","愛知高原国定公園1970年12月28日猿投山、矢作川上流域、香嵐渓、本宮山など）","https://ja.wikipedia.org/wiki/愛知高原国定公園","国定公園一覧","https://ja.wikipedia.org/wiki/国定公園","表形式","","","","","","","","","","","","","","","","","","","",""
"三河湾国定公園","三河湾国定公園1958年4月10日知多半島、三河湾一帯、三ヶ根山、渥美半島、日間賀島など","https://ja.wikipedia.org/wiki/三河湾国定公園","国定公園一覧","https://ja.wikipedia.org/wiki/国定公園","表形式","","","","","","","","","","","","","","","","","","","",""
"鈴鹿国定公園","鈴鹿国定公園1968年7月22日鈴鹿山脈（御在所山、宇賀渓、石水渓など各種渓谷）","https://ja.wikipedia.org/wiki/鈴鹿国定公園","国定公園一覧","https://ja.wikipedia.org/wiki/国定公園","表形式","","","","","","","","","","","","","","","","","","","",""
"室生赤目青山国定公園","室生赤目青山国定公園1970年12月28日室生高原、赤目渓谷（香落渓、赤目四十八滝）、青山高原","https://ja.wikipedia.org/wiki/室生赤目青山国定公園","国定公園一覧","https://ja.wikipedia.org/wiki/国定公園","表形式","","","","","","","","","","","","","","","","","","","",""
"琵琶湖国定公園","琵琶湖国定公園1950年7月24日琵琶湖（竹生島、海津大崎など）、比叡山、比良山地、野坂山地、伊吹山など","https://ja.wikipedia.org/wiki/琵琶湖国定公園","国定公園一覧","https://ja.wikipedia.org/wiki/国定公園","表形式","","","","97,601ha","","","","","","","","","","","滋賀県、京都府","1950年7月24日","","滋賀県、京都府","",""
"丹後天橋立大江山国定公園","丹後天橋立大江山国定公園2007年8月3日丹後半島海岸部（天橋立、経ヶ岬を含む）、大江山、世屋高原","https://ja.wikipedia.org/wiki/丹後天橋立大江山国定公園","国定公園一覧","https://ja.wikipedia.org/wiki/国定公園","表形式","","","","","","","","","","","","","","","","","","","",""
"京都丹波高原国定公園","京都丹波高原国定公園2016年3月25日京都北山、芦生原生林、八丁平、美山かやぶきの里・北村","https://ja.wikipedia.org/wiki/京都丹波高原国定公園","国定公園一覧","https://ja.wikipedia.org/wiki/国定公園","表形式","","国定公園","日本京都府南丹市、綾部市、京丹波町、京都市左京区・右京区","68,851 ha","","","","2016年（平成28年）3月25日","","","","","","京都丹波高原国定公園京都府","","","","","",""
"明治の森箕面国定公園","明治の森箕面国定公園1967年12月11日箕面の滝など","https://ja.wikipedia.org/wiki/明治の森箕面国定公園","国定公園一覧","https://ja.wikipedia.org/wiki/国定公園","表形式","","","","","","","","","","","","","","","","","","","",""
"金剛生駒紀泉国定公園","金剛生駒紀泉国定公園1958年4月10日※3金剛山地、生駒山地、和泉葛城山麓","https://ja.wikipedia.org/wiki/金剛生駒紀泉国定公園","国定公園一覧","https://ja.wikipedia.org/wiki/国定公園","表形式","","","","","","","","","","","","","","","","","","","",""
"氷ノ山後山那岐山国定公園","氷ノ山後山那岐山国定公園1969年4月10日氷ノ山、那岐山、天滝渓谷、芦津渓谷、神鍋高原、瀞川平、阿瀬渓谷、蘇武岳","https://ja.wikipedia.org/wiki/氷ノ山後山那岐山国定公園","国定公園一覧","https://ja.wikipedia.org/wiki/国定公園","表形式","","","","","","","","","","","","","","","","","","","",""
"大和青垣国定公園","大和青垣国定公園1970年12月28日大和三山一帯の丘陵地","https://ja.wikipedia.org/wiki/大和青垣国定公園","国定公園一覧","https://ja.wikipedia.org/wiki/国定公園","表形式","","","","","","","","","","","","","","","","","","","",""
"高野竜神国定公園","高野竜神国定公園1967年3月23日高野山及び龍神温泉一帯","https://ja.wikipedia.org/wiki/高野竜神国定公園","国定公園一覧","https://ja.wikipedia.org/wiki/国定公園","表形式","","","","","","","","","","","","","","","","","","","",""
"比婆道後帝釈国定公園","比婆道後帝釈国定公園1963年7月24日比婆山、道後山、吾妻山及び帝釈峡","https://ja.wikipedia.org/wiki/比婆道後帝釈国定公園","国定公園一覧","https://ja.wikipedia.org/wiki/国定公園","表形式","","","","","","","","","","","","","","","","","","","",""
"西中国山地国定公園","西中国山地国定公園1969年1月10日中国山地西部（三段峡、匹見峡、寂地峡含む）","https://ja.wikipedia.org/wiki/西中国山地国定公園","国定公園一覧","https://ja.wikipedia.org/wiki/国定公園","表形式","","","","","","","","","","","","","","","","","","","",""
"北長門海岸国定公園","北長門海岸国定公園1955年11月1日青海島、須佐湾など","https://ja.wikipedia.org/wiki/北長門海岸国定公園","国定公園一覧","https://ja.wikipedia.org/wiki/国定公園","表形式","","","","","","","","","","","","","","","","","","","",""
"秋吉台国定公園","秋吉台国定公園1955年11月1日秋芳洞、秋吉台","https://ja.wikipedia.org/wiki/秋吉台国定公園","国定公園一覧","https://ja.wikipedia.org/wiki/国定公園","表形式","","","","","","","","","","","","","","","","","","","",""
"剣山国定公園","剣山国定公園1964年3月3日剣山山麓一帯、大歩危、小歩危、祖谷渓","https://ja.wikipedia.org/wiki/剣山国定公園","国定公園一覧","https://ja.wikipedia.org/wiki/国定公園","表形式","","","","","","","","","","","","","","","","","","","",""
"室戸阿南海岸国定公園","室戸阿南海岸国定公園1964年6月1日室戸岬～阿南海岸に亘る海岸線一帯","https://ja.wikipedia.org/wiki/室戸阿南海岸国定公園","国定公園一覧","https://ja.wikipedia.org/wiki/国定公園","表形式","","","","","","","","","","","","","","","","","","","",""
"石鎚国定公園","石鎚国定公園1955年11月1日石鎚山、面河渓","https://ja.wikipedia.org/wiki/石鎚国定公園","国定公園一覧","https://ja.wikipedia.org/wiki/国定公園","表形式","","","","","","","","","","","","","","","","","","","",""
"北九州国定公園","北九州国定公園1972年10月16日皿倉山、平尾台","https://ja.wikipedia.org/wiki/北九州国定公園","国定公園一覧","https://ja.wikipedia.org/wiki/国定公園","表形式","","","","","","","","","","","","","","","","","","","",""
"玄海国定公園","玄海国定公園1956年6月1日若松北海岸、芥屋大門、虹の松原、唐津湾","https://ja.wikipedia.org/wiki/玄海国定公園","国定公園一覧","https://ja.wikipedia.org/wiki/国定公園","表形式","","","","","","","","","","","","","","","","","","","",""
"耶馬日田英彦山国定公園","耶馬日田英彦山国定公園1950年7月29日耶馬渓、八面山、英彦山","https://ja.wikipedia.org/wiki/耶馬日田英彦山国定公園","国定公園一覧","https://ja.wikipedia.org/wiki/国定公園","表形式","","","","","","","","","","","","","","","","","","","",""
"壱岐対馬国定公園","壱岐対馬国定公園1968年7月22日壱岐、浅茅湾など","https://ja.wikipedia.org/wiki/壱岐対馬国定公園","国定公園一覧","https://ja.wikipedia.org/wiki/国定公園","表形式","","","","","","","","","","","","","","","","","","","",""
"九州中央山地国定公園","九州中央山地国定公園1982年5月15日市房山、五木、五家荘、米良荘、綾照葉樹林帯","https://ja.wikipedia.org/wiki/九州中央山地国定公園","国定公園一覧","https://ja.wikipedia.org/wiki/国定公園","表形式","","","","27,096ha","","","","","","","","","","","熊本県、宮崎県","1982年5月15日","","熊本県、宮崎県","",""
"日豊海岸国定公園","日豊海岸国定公園1974年2月15日日豊海岸、枇榔島","https://ja.wikipedia.org/wiki/日豊海岸国定公園","国定公園一覧","https://ja.wikipedia.org/wiki/国定公園","表形式","","","","8,518ha","","","","","","","","","","","大分県、宮崎県","1974年（昭和49年）2月15日","","大分県、宮崎県","",""
"祖母傾国定公園","祖母傾国定公園1965年3月25日祖母山、高千穂峡","https://ja.wikipedia.org/wiki/祖母傾国定公園","国定公園一覧","https://ja.wikipedia.org/wiki/国定公園","表形式","北緯32度49分41.2728秒東経131度20分49.3647秒","国定公園","","22,000ha","","","大分県、宮崎県","","大分県生活環境部生活環境企画課宮崎県自然環境課","大分県大分市大手町3-1-1 大分県庁舎別館宮崎県宮崎市旭1丁目3-6 宮崎県庁7号館","日本大分県、宮崎県北緯32度49分41.2728秒東経131度20分49.3647秒﻿ / ﻿北緯32.828131333度 東経131.347045750度﻿ /32.828131333; 131.347045750座標:北緯32度49分41.2728秒東経131度20分49.3647秒﻿ / ﻿北緯32.828131333度 東経131.347045750度﻿ /32.828131333; 131.347045750","1965年3月25日","","","","","","","",""
"日南海岸国定公園","日南海岸国定公園1955年6月1日青島、日南海岸、都井岬","https://ja.wikipedia.org/wiki/日南海岸国定公園","国定公園一覧","https://ja.wikipedia.org/wiki/国定公園","表形式","","","","","","","","","","","","","","","","","","","",""
"甑島国定公園","甑島国定公園2015年3月16日海鼠池、貝池、鹿島断崖、鹿の子断層、珊瑚礁、照葉樹林帯など","https://ja.wikipedia.org/wiki/甑島国定公園","国定公園一覧","https://ja.wikipedia.org/wiki/国定公園","表形式","北緯31度45分24秒東経129度47分17秒","","","117.56 km2(45.39 sq mi)[1]","","","","","","","","","","","","","","","東シナ海","上甑島、中甑島、下甑島"
"沖縄海岸国定公園","沖縄海岸国定公園※41972年5月15日北部海岸、中部海岸、恩納ビーチ、万座毛、与那覇岳など","https://ja.wikipedia.org/wiki/沖縄海岸国定公園","国定公園一覧","https://ja.wikipedia.org/wiki/国定公園","表形式","北緯26度37分00秒東経128度00分00秒","国定公園","","15,857ha（陸域：4,872ha、海域：10,985ha）","沖縄海岸政府立公園","","沖縄県","","","","日本沖縄本島北部西海岸、本部半島北緯26度37分00秒東経128度00分00秒座標:北緯26度37分00秒 東経128度00分00秒","1972年5月15日","","沖縄海岸国定公園（沖縄県）","","","","","",""
"沖縄戦跡国定公園","沖縄戦跡国定公園※41972年5月15日ひめゆりの塔など県南部海岸地帯の戦争史跡","https://ja.wikipedia.org/wiki/沖縄戦跡国定公園","国定公園一覧","https://ja.wikipedia.org/wiki/国定公園","表形式","北緯26度05分42.7秒東経127度43分30.1秒","国定公園","","5,059ha（陸域：3,127ha、海域：1,932ha）","沖縄戦跡政府立公園","","沖縄県","","","","日本沖縄県糸満市、島尻郡八重瀬町北緯26度05分42.7秒東経127度43分30.1秒﻿ / ﻿北緯26.095194度 東経127.725028度﻿ /26.095194; 127.725028﻿ (沖縄戦跡国定公園)座標:北緯26度05分42.7秒東経127度43分30.1秒﻿ / ﻿北緯26.095194度 東経127.725028度﻿ /26.095194; 127.725028﻿ (沖縄戦跡国定公園)","1972年5月15日","","沖縄戦跡国定公園（沖縄県）","","","","","",""
