﻿"タイトル","コメント","URL","親リストタイトル","親リストURL","一覧抽出方法","座標","所在地","位置","面積","法人番号","国","外部リンク","都道府県","地方","市町村コード","総人口","隣接自治体","地図","人口密度","別名","札所等","市の木","市の花","市長","城郭構造"
"富士山","[富士山（山梨・静岡）] 富士山 （ふじさん、 英語 : Mount Fuji ）は、 山梨県 （ 富士吉田市 、 南都留郡 鳴沢村 ）と、 静岡県 （ 富士宮市 、 裾野市 、 富士市 、 御殿場市 、 駿東郡 小山町 ）に跨る 活火山 である  。 標高 3776.12 m 、 日本最高峰 （ 剣ヶ峰 ）  の 独立峰 で、その優美な風貌は日本国外でも 日本 の 象徴 として広く知られている。数多くの芸術作品の題材とされ芸術面のみならず、気候や地層など地質学的にも社会的に大きな影響を与えている。懸垂曲線の山容を有した玄武岩質成層火山で構成され、その山体は 駿河湾 の海岸まで及ぶ。","https://ja.wikipedia.org/wiki/富士山","平成百景","https://ja.wikipedia.org/wiki/平成百景","箇条書き,制限あり","北緯35度21分45秒東経138度43分50秒","日本静岡県富士宮市裾野市富士市御殿場市駿東郡小山町山梨県富士吉田市南都留郡鳴沢村","北緯35度21分45秒東経138度43分50秒﻿ / ﻿北緯35.3625度 東経138.7306度﻿ /35.3625; 138.7306座標:北緯35度21分45秒東経138度43分50秒﻿ / ﻿北緯35.3625度 東経138.7306度﻿ /35.3625; 138.7306","","","","","","","","","","","","","","","","",""
"昇仙峡","[昇仙峡（山梨）] 昇仙峡 （しょうせんきょう）は、 山梨県 甲府市 、 甲府盆地 北側、 荒川  上流に位置する 渓谷 である。 特別名勝 に指定されており、国内有数の景勝地である。「日本五大名峡」の一つに数えられる  。","https://ja.wikipedia.org/wiki/昇仙峡","平成百景","https://ja.wikipedia.org/wiki/平成百景","箇条書き,制限あり","","","","","","","","","","","","","","","","","","","",""
"知床 (世界遺産)","[知床（北海道）] 知床 （しれとこ）は、 日本 にある 世界遺産 登録地域。 2005年 （ 平成 17年） 7月17日 、 南アフリカ共和国 ダーバン で行われた『第29回 ユネスコ 世界遺産委員会 』で「 自然遺産 」登録が決まった   。","https://ja.wikipedia.org/wiki/知床_(世界遺産)","平成百景","https://ja.wikipedia.org/wiki/平成百景","箇条書き,制限あり","","","","71,100ha","","","","","","","","","","","","","","","",""
"十和田湖","[十和田湖・奥入瀬川（青森・秋田）] 十和田湖 （とわだこ）は、 青森県 十和田市 と 秋田県 鹿角郡 小坂町 にまたがる 湖 。日本の湖沼としては、最大水深は326.8mで第3位  、面積では12番目  。東岸には、十和田湖の水が唯一流れ出る 奥入瀬川 があり、北東に約14kmにわたり 奥入瀬渓流 が延びる。約20km北には 八甲田山 が位置する。","https://ja.wikipedia.org/wiki/十和田湖","平成百景","https://ja.wikipedia.org/wiki/平成百景","箇条書き,制限あり","北緯40度27分53秒東経140度52分38秒","日本青森県十和田市秋田県鹿角郡小坂町","北緯40度27分53秒東経140度52分38秒﻿ / ﻿北緯40.46472度 東経140.87722度﻿ /40.46472; 140.87722座標:北緯40度27分53秒東経140度52分38秒﻿ / ﻿北緯40.46472度 東経140.87722度﻿ /40.46472; 140.87722","61.11km2","","","","","","","","","","","","","","","",""
"合掌造り","[合掌造り（岐阜・富山）] 合掌造り （がっしょうづくり）は、 日本 の 住宅 建築様式の一つである。急勾配の屋根を持つことがしばしばであるが、現存する合掌造りの屋根は45度から60度まで、傾きにかなりの幅がある  。","https://ja.wikipedia.org/wiki/合掌造り","平成百景","https://ja.wikipedia.org/wiki/平成百景","箇条書き,制限あり","","","","","","","","","","","","","","","","","","","",""
"京都市","[京都の寺社（京都）] ","https://ja.wikipedia.org/wiki/京都市","平成百景","https://ja.wikipedia.org/wiki/平成百景","箇条書き,制限あり","北緯35度0分41.8秒東経135度46分5.2秒","〒604-8571京都府京都市中京区寺町通御池上る上本能寺前町488番地北緯35度0分41.8秒東経135度46分5.2秒﻿ / ﻿北緯35.011611度 東経135.768111度﻿ /35.011611; 135.768111﻿ (京都市)座標:北緯35度0分41.8秒東経135度46分5.2秒﻿ / ﻿北緯35.011611度 東経135.768111度﻿ /35.011611; 135.768111﻿ (京都市)","","827.83km2","2000020261009","日本","京都市情報館","京都府","近畿地方","26100-9","1,459,583人（推計人口、2021年6月1日）","宇治市長岡京市南丹市亀岡市向日市八幡市乙訓郡大山崎町久世郡久御山町滋賀県大津市高島市大阪府高槻市三島郡島本町","","1,763人/km2","","","シダレヤナギタカオカエデカツラ","ツバキツツジサトザクラ","門川大作",""
"姫路城","[姫路城（兵庫）] 姫路城 （ひめじじょう）は 兵庫県 姫路市 にある 日本の城 。 江戸時代 初期に建てられた 天守 や 櫓 等の主要 建築物 が現存し、 国宝 や 重要文化財 に指定されている。また、主郭部を含む中堀の内側は「姫路城跡」として国の 特別史跡 に指定されている   。また、 ユネスコ の 世界遺産 リストにも登録され   、 日本100名城  などに選定されている。別名は 白鷺城 （はくろじょう・しらさぎじょう。詳細は 名称の由来と別名 を参照）という。","https://ja.wikipedia.org/wiki/姫路城","平成百景","https://ja.wikipedia.org/wiki/平成百景","箇条書き,制限あり","北緯34度50分21.76秒東経134度41分38.75秒","","北緯34度50分21.76秒東経134度41分38.75秒﻿ / ﻿北緯34.8393778度 東経134.6940972度﻿ /34.8393778; 134.6940972座標:北緯34度50分21.76秒東経134度41分38.75秒﻿ / ﻿北緯34.8393778度 東経134.6940972度﻿ /34.8393778; 134.6940972","","","","","","","","","","姫路城","","白鷺城","","","","","渦郭式平山城"
"上高地","[上高地（長野）] 上高地 （かみこうち）とは、 長野県 西部の 飛騨山脈 南部の 梓川 上流の 景勝地 である。 中部山岳国立公園 の一部ともなっており、国の 文化財 （ 特別名勝 ・ 特別天然記念物 ）に指定されている。 標高 約1,500 m 。全域が 松本市 に属する。「かみこうち」の名称は本来「神垣内」の 漢字 表記だが、後に現在の「上高地」の漢字表記が一般的となった。「神垣内」とは、 穂高神社 の祭神・「 穂高見命 」（ほたかみのみこと）が穂高岳に降臨し、この地（穂高神社奥宮と 明神池 ）で祀られていることに由来する。","https://ja.wikipedia.org/wiki/上高地","平成百景","https://ja.wikipedia.org/wiki/平成百景","箇条書き,制限あり","","","","","","","","","","","","","","","","","","","",""
"函館市","[函館の夜景（北海道）] ","https://ja.wikipedia.org/wiki/函館市","平成百景","https://ja.wikipedia.org/wiki/平成百景","箇条書き,制限あり","北緯41度46分7.2秒東経140度43分44.1秒","〒040-8666北海道函館市東雲町4-13北緯41度46分7.2秒東経140度43分44.1秒﻿ / ﻿北緯41.768667度 東経140.728917度﻿ /41.768667; 140.728917﻿ (函館市)座標:北緯41度46分7.2秒東経140度43分44.1秒﻿ / ﻿北緯41.768667度 東経140.728917度﻿ /41.768667; 140.728917﻿ (函館市)","","677.86km2","9000020012025","日本","函館市公式サイト","北海道（渡島総合振興局）","北海道地方","01202-5","250,059人（住民基本台帳人口、2021年5月31日）","北斗市亀田郡七飯町、茅部郡鹿部町（海上を隔てて隣接）青森県下北郡大間町","","369人/km2","","","おんこ（いちい）","つつじ（やまつつじ）","工藤壽樹",""
"尾瀬","[尾瀬（群馬・福島・新潟）] 尾瀬 （おぜ）は、 福島県 （ 南会津郡 檜枝岐村 ）・ 新潟県 （ 魚沼市 ）・ 群馬県 （ 利根郡 片品村 ）の3県にまたがる 高地 にある 盆地 状の 高原 であり、 阿賀野川 水系 最大の 支流 只見川 の源流域となっている。中心となる尾瀬ヶ原は約1万年前に形成されたと考えられる 湿原 である。 尾瀬国立公園 に指定され、 日本百景 に選定されている。","https://ja.wikipedia.org/wiki/尾瀬","平成百景","https://ja.wikipedia.org/wiki/平成百景","箇条書き,制限あり","","","","","","","","","","","","","","","","","","","",""
"高千穂峡","[高千穂峡（宮崎）] 真名井の滝 （まないのたき）は、高千穂峡の川幅が狭まった部分に流れ落ちる 滝 である。 日本の滝百選 の一つ。","https://ja.wikipedia.org/wiki/高千穂峡","平成百景","https://ja.wikipedia.org/wiki/平成百景","箇条書き,制限あり","北緯32度42分3秒東経131度18分2秒","宮崎県高千穂町","北緯32度42分3秒東経131度18分2秒﻿ / ﻿北緯32.70083度 東経131.30056度﻿ /32.70083; 131.30056","","","","","","","","","","","","","","","","",""
"厳島","[宮島（広島）] 厳島 （いつくしま）は、日本の 広島県 廿日市市 宮島町にある島。 瀬戸内海 西部、 広島湾 の北西部に位置する。通称は 宮島 （みやじま）。また 安芸の宮島 ともいう。","https://ja.wikipedia.org/wiki/厳島","平成百景","https://ja.wikipedia.org/wiki/平成百景","箇条書き,制限あり","北緯34度16分0秒東経132度18分0秒","日本（広島県廿日市市）","","30.39km²","","","","","","","","","","","","","","","",""
"甲府盆地","[甲府盆地の夜景（山梨）] 甲府盆地 （こうふぼんち）は、 山梨県 中央部に位置する 盆地 。やや東西に長い逆三角形の盆地形状、 扇状地 になっている。面積は375 km 2 。 長野県 の 松本盆地 や 諏訪盆地 と続く 構造盆地 。中心部に県庁所在地 甲府市 が位置するほか、 甲州市 や 山梨市 など、多くの市域を含む。","https://ja.wikipedia.org/wiki/甲府盆地","平成百景","https://ja.wikipedia.org/wiki/平成百景","箇条書き,制限あり","","","","","","","","","","","","","","","","","","","",""
"秩父夜祭","[秩父夜祭（埼玉）] 秩父夜祭 （ちちぶよまつり）は、 ユネスコ 無形文化遺産 に登録されている 埼玉県 秩父市 にある 秩父神社 の 例祭 であり、毎年 12月1日 から 6日 に行われる   。12月2日が宵宮、12月3日が大祭であり、 提灯 で飾り付けられた 山車 （笠鉾・屋台）の曳き回しや、冬の 花火大会 で全国的に知られている。祭りは 寛文年間 から続くとされ、300年以上の歴史がある。日本屈指の極めて豪華な祭りであり、一連の行事が国の 重要無形民俗文化財 に指定されている。","https://ja.wikipedia.org/wiki/秩父夜祭","平成百景","https://ja.wikipedia.org/wiki/平成百景","箇条書き,制限あり","","","","","","","","","","","","","","","","","","","",""
"縄文杉","[縄文杉（鹿児島）] 縄文杉 （じょうもんすぎ）は、 鹿児島県 熊毛郡 屋久島町 （ 屋久島 ）に自生する最大級の 屋久杉 。 スギ の1 個体 に付された 名 であり、 種 の名称や、あるいは、 縄文時代 から生きている個体の総称ではない。屋久杉を代表する古木として著名である。 世界遺産 「屋久島」に包含される。","https://ja.wikipedia.org/wiki/縄文杉","平成百景","https://ja.wikipedia.org/wiki/平成百景","箇条書き,制限あり","","","","","","","","","","","","","","","","","","","",""
"東京タワー","[東京タワー（東京）] 東京タワー （とうきょうタワー、 英 : Tokyo Tower ）は、 日本 の 東京都 港区 芝公園 にある総合 電波塔 の 愛称 である。正式名称は 日本電波塔 （にっぽんでんぱとう）。創設者は 前田久吉 。 1958年 12月23日 竣工 。 東京 の シンボル 、 観光名所 である。","https://ja.wikipedia.org/wiki/東京タワー","平成百景","https://ja.wikipedia.org/wiki/平成百景","箇条書き,制限あり","北緯35度39分31秒東経139度44分44秒","〒105-0011東京都港区芝公園四丁目2番8号","","","","","","","","","","","","","","","","","",""
"美瑛町","[美瑛（びえい）の丘（北海道）] ","https://ja.wikipedia.org/wiki/美瑛町","平成百景","https://ja.wikipedia.org/wiki/平成百景","箇条書き,制限あり","北緯43度35分18秒東経142度28分1秒","〒071-0292北海道上川郡美瑛町本町4丁目6-1北緯43度35分18秒東経142度28分1秒﻿ / ﻿北緯43.58833度 東経142.46694度﻿ /43.58833; 142.46694座標:北緯43度35分18秒東経142度28分1秒﻿ / ﻿北緯43.58833度 東経142.46694度﻿ /43.58833; 142.46694","","676.78km2","8000020014591","日本","北海道美瑛町","北海道（上川総合振興局）","北海道地方","01459-1","9,695人（住民基本台帳人口、2021年5月31日）","上川総合振興局旭川市上川郡：東神楽町、東川町、上川町空知郡：上富良野町、中富良野町空知総合振興局芦別市十勝総合振興局上川郡：新得町","","14.3人/km2","","","","","",""
"釧路湿原","[釧路湿原（北海道）] 釧路湿原 （くしろ しつげん）は、 北海道 釧路平野 に位置する 日本 最大の 湿原  ・ 湿地 。面積は約2万6000 ha で、このうち中心部の7863haが ラムサール条約 登録湿地である  。 釧路湿原国立公園 としての区域は2万8788ha  。","https://ja.wikipedia.org/wiki/釧路湿原","平成百景","https://ja.wikipedia.org/wiki/平成百景","箇条書き,制限あり","","","","","","","","","","","","","","","","","","","",""
"白崎海岸","[白崎海岸（和歌山）] 白崎海岸 （しらさきかいがん）は、 和歌山県 日高郡 由良町 にある海岸。付近は 白崎海岸県立自然公園 に指定され、 日本の渚百選 に選定されている  。白い 石灰岩 で囲まれた 白崎海洋公園 を中心に ダイビング スポット、海水浴場が多数あり、黒島周辺や由良港は海釣りでも賑わう。毎年3月から7月頃には ウミネコ の大群が飛来する。 水仙 の群生地であり、10万株以上の水仙が植わっており、白と黄色の可憐な花と、甘い香りは冬の白崎海岸に美しい景観を与えている  。","https://ja.wikipedia.org/wiki/白崎海岸","平成百景","https://ja.wikipedia.org/wiki/平成百景","箇条書き,制限あり","","","","","","","","","","","","","","","","","","","",""
"伊勢神宮","[伊勢神宮（三重）] 伊勢神宮 （いせじんぐう）は、 三重県 伊勢市 にある 神社 。正式名称は地名（ 伊勢 ）を冠しない「 神宮 」（じんぐう）であり  、他の 神宮 と区別するために 伊勢神宮 と通称される。","https://ja.wikipedia.org/wiki/伊勢神宮","平成百景","https://ja.wikipedia.org/wiki/平成百景","箇条書き,制限あり","北緯34度27分18.00秒東経136度43分30.63秒","内宮（皇大神宮）：三重県伊勢市宇治館町1番地外宮（豊受大神宮）：三重県伊勢市豊川町279番地","内宮：北緯34度27分18.00秒東経136度43分30.63秒﻿ / ﻿北緯34.4550000度 東経136.7251750度﻿ /34.4550000; 136.7251750﻿ (皇大神宮（内宮）)座標:北緯34度27分18.00秒東経136度43分30.63秒﻿ / ﻿北緯34.4550000度 東経136.7251750度﻿ /34.4550000; 136.7251750﻿ (皇大神宮（内宮）)外宮：北緯34度29分14.05秒東経136度42分10.53秒﻿ / ﻿北緯34.4872361度 東経136.7029250度﻿ /34.4872361; 136.7029250﻿ (豊受大神宮（外宮）)","","","","","","","","","","","","伊勢神宮","神仏霊場巡拝の道特別参拝","","","",""
"阿蘇山","[阿蘇山（熊本）] 阿蘇山 （あそさん）は、 日本 の 九州 中央部、 熊本県 阿蘇地方に位置する 火山 。 カルデラ を伴う大型の 複成火山 であり、 活火山 である。","https://ja.wikipedia.org/wiki/阿蘇山","平成百景","https://ja.wikipedia.org/wiki/平成百景","箇条書き,制限あり","北緯32度53分3秒東経131度6分14秒","日本熊本県","北緯32度53分3秒東経131度6分14秒﻿ / ﻿北緯32.88417度 東経131.10389度﻿ /32.88417; 131.10389座標:北緯32度53分3秒東経131度6分14秒﻿ / ﻿北緯32.88417度 東経131.10389度﻿ /32.88417; 131.10389","","","","","","","","","","","","","","","","",""
"黒部ダム","[黒部ダム（富山）] 黒部ダム （くろべダム）は、 富山県 東部の 立山町 を流れる 黒部川 水系の黒部川に建設された 水力発電 専用の ダム である   。 1956年 （ 昭和 31年）着工、 太田垣士郎 指揮の下、171人の 殉職 者を出し7年の歳月をかけて、1961年1月に送電を開始  し、 1963年 （昭和38年）に完成した  。貯水量2億 トン  。","https://ja.wikipedia.org/wiki/黒部ダム","平成百景","https://ja.wikipedia.org/wiki/平成百景","箇条書き,制限あり","北緯36度33分59秒東経137度39分44秒","富山県中新川郡立山町芦峅寺","北緯36度33分59秒東経137度39分44秒﻿ / ﻿北緯36.56639度 東経137.66222度﻿ /36.56639; 137.66222","","","","","","","","","","","","","","","","",""
"霞ヶ浦","[霞ヶ浦の帆引き船（茨城）] 霞ヶ浦 （かすみがうら）は 茨城県 南東部に広がる、 琵琶湖 についで 日本 で二番目に大きい 湖 。 湖沼水質保全特別措置法 指定 湖沼 。「 霞ケ浦 」（大文字のケ）と表記することもある。 西浦 ・ 北浦 ・ 外浪逆浦 （そとなさかうら）・ 北利根川 ・ 鰐川 ・ 常陸川 の各水域の総体であり、一部水域は 千葉県 北東部にも跨がる  。 河川法 ではこの範囲を「 常陸利根川 」という 利根川 の支川としている。","https://ja.wikipedia.org/wiki/霞ヶ浦","平成百景","https://ja.wikipedia.org/wiki/平成百景","箇条書き,制限あり","北緯36度0分0秒東経140度25分0秒","茨城県10市1町1村、千葉県1市","北緯36度0分0秒東経140度25分0秒﻿ / ﻿北緯36.00000度 東経140.41667度﻿ /36.00000; 140.41667座標:北緯36度0分0秒東経140度25分0秒﻿ / ﻿北緯36.00000度 東経140.41667度﻿ /36.00000; 140.41667","220km2","","","","","","","","","","","","","","","",""
"曽木の滝","[曽木の滝（鹿児島）] 曽木の滝 （そぎのたき）は 鹿児島県 伊佐市 南部の 川内川 上流にある 滝 。「 曾木の滝 」とも書かれる。","https://ja.wikipedia.org/wiki/曽木の滝","平成百景","https://ja.wikipedia.org/wiki/平成百景","箇条書き,制限あり","北緯32度00分41秒東経130度34分36秒","鹿児島県伊佐市","北緯32度00分41秒東経130度34分36秒﻿ / ﻿北緯32.01139度 東経130.57667度﻿ /32.01139; 130.57667","","","","","","","","","","","","","","","","",""
"日光の社寺","[日光の社寺・杉並木（栃木）] 日光の社寺 （にっこうのしゃじ）は、 栃木県 日光市 にある 寺社 などから構成される ユネスコ の 世界遺産 である。 日光山内 （にっこうさんない）、 二社一寺 （にしゃいちじ）とも称される。","https://ja.wikipedia.org/wiki/日光の社寺","平成百景","https://ja.wikipedia.org/wiki/平成百景","箇条書き,制限あり","","","","","","","","","","","","","","","","","","","",""
"錦帯橋","[錦帯橋（山口）] 錦帯橋 （きんたいきょう）は、 山口県 岩国市 の 錦川 に 架橋 された、5連の木造 アーチ橋 である   。","https://ja.wikipedia.org/wiki/錦帯橋","平成百景","https://ja.wikipedia.org/wiki/平成百景","箇条書き,制限あり","北緯34度10分03.86秒東経132度10分41.43秒","山口県岩国市","","","","日本","","","","","","","","","","","","","",""
"東京ディズニーリゾート","[東京ディズニーリゾート（千葉）] 東京ディズニーリゾート （とうきょうディズニーリゾート、 英称 ：Tokyo Disney Resort、略称： TDR ）は 千葉県 浦安市 舞浜 にある日本最大の テーマパーク 群。","https://ja.wikipedia.org/wiki/東京ディズニーリゾート","平成百景","https://ja.wikipedia.org/wiki/平成百景","箇条書き,制限あり","北緯35度37分58秒東経139度52分50秒","〒279-0031千葉県浦安市舞浜1-1","北緯35度37分58秒東経139度52分50秒﻿ / ﻿北緯35.63278度 東経139.88056度﻿ /35.63278; 139.88056座標:北緯35度37分58秒東経139度52分50秒﻿ / ﻿北緯35.63278度 東経139.88056度﻿ /35.63278; 139.88056","201万m2（2.01km²）100万m2（パーク部分）","","","","","","","","","","","","","","","",""
"蔵王連峰","[蔵王（山形・宮城）] 蔵王連峰 （ざおうれんぽう）は、 東北地方 の中央を南北に連なる 奥羽山脈 の中にあって、 宮城県 と 山形県 の両県南部の県境に位置する 連峰     。奥羽山脈において時と場所を移しながら次々と繰り返された火山活動によって形成された複合火山群である  。","https://ja.wikipedia.org/wiki/蔵王連峰","平成百景","https://ja.wikipedia.org/wiki/平成百景","箇条書き,制限あり","北緯38度08分37秒東経140度26分22秒","宮城県・山形県","北緯38度08分37秒東経140度26分22秒﻿ / ﻿北緯38.14361度 東経140.43944度﻿ /38.14361; 140.43944座標:北緯38度08分37秒東経140度26分22秒﻿ / ﻿北緯38.14361度 東経140.43944度﻿ /38.14361; 140.43944（熊野岳）","","","","","","","","","","","","","","","","",""
"サンゴ礁","[サンゴ礁（沖縄）] サンゴ礁 （サンゴしょう、 珊瑚礁 、 さんご礁 、 Coral reef ）は、 造礁サンゴ の 群落 によって作られた 地形 の一つ。 熱帯 の外洋に面した 海岸 によく発達する。","https://ja.wikipedia.org/wiki/サンゴ礁","平成百景","https://ja.wikipedia.org/wiki/平成百景","箇条書き,制限あり","","","","","","","","","","","","","","","","","","","",""
"原爆ドーム","[原爆ドーム（広島）] 原爆ドーム （げんばくドーム、 英 : Atomic Bomb Dome ）の名で知られる 広島平和記念碑 （ひろしまへいわきねんひ、 英 : Hiroshima Peace Memorial ）は、1945年(昭和20年)8月6日8時15分日本の 広島市に投下された原子爆弾 の悲惨さを今に伝える 記念碑 （ 被爆建造物 ）である。もともとは広島県のさまざまな物産を展示するため  の 広島県物産陳列館 として開館され、戦中から原爆投下時までは 広島県産業奨励館 と呼ばれていた。 ユネスコ の 世界遺産 （ 文化遺産 ）に登録されており、「二度と同じような悲劇が起こらないように」と戒めや願いをこめて、特に 負の世界遺産  と呼ばれている。","https://ja.wikipedia.org/wiki/原爆ドーム","平成百景","https://ja.wikipedia.org/wiki/平成百景","箇条書き,制限あり","","","","","","","","","","","","","","","","","","","",""
"流氷","[流氷（北海道）] 流氷 （りゅうひょう、 英 : drift-ice  、 driftice  ）とは、 水面 を 漂流 する 氷 のこと。 定着氷 （ 陸 に定着している氷）以外のものを指し、 海水 が凍って生じた 海氷 のほか、 氷山 や、 川 の水が凍って生じた河川氷（ シガ 等）も含まれる。 北極海 や 南氷洋 （ 南極海 ）などのほか、 日本 近海では オホーツク海 で見られる  。","https://ja.wikipedia.org/wiki/流氷","平成百景","https://ja.wikipedia.org/wiki/平成百景","箇条書き,制限あり","","","","","","","","","","","","","","","","","","","",""
"旭川市旭山動物園","[旭山動物園（北海道）] 旭川市旭山動物園 （あさひかわしあさひやまどうぶつえん）は、 北海道 旭川市 東旭川町倉沼にある旭川市が運営する 動物園 。通称は旭山動物園。","https://ja.wikipedia.org/wiki/旭川市旭山動物園","平成百景","https://ja.wikipedia.org/wiki/平成百景","箇条書き,制限あり","北緯43度46分4.9秒東経142度28分47.2秒","〒078-8205北海道旭川市東旭川町倉沼","北緯43度46分4.9秒東経142度28分47.2秒﻿ / ﻿北緯43.768028度 東経142.479778度﻿ /43.768028; 142.479778座標:北緯43度46分4.9秒東経142度28分47.2秒﻿ / ﻿北緯43.768028度 東経142.479778度﻿ /43.768028; 142.479778","","","","","","","","","","","","","","","","",""
"ねぶた","[ねぶた（青森）] ねぶた とは、古来 日本 で、 旧暦 7月7日 の 年中行事 として、すなわち 七夕 行事の一つとして行われてきた  夏祭り の一類型である。 太陽暦 （ 新暦 ）の導入以降は元来の七夕との関連性は薄れ、 8月1日 から一週間ほどかけて行われる夏祭りへと変容した。 東北地方 から 北関東 にかけて 東日本 各地で行なわれてきたが、 近世 以降の 津軽地方 （ 江戸 幕藩体制 下においては 弘前藩 領 。 明治維新 以降の 青森県 西部）においてはとりわけ盛んで、祭りの形態も主にこの地で進化・発展を遂げてきた。今日では、ねぶたという祭りの類型は 南関東 や北海道にも拡散している。「 ねぶた 」と呼んで 仮名 表記するのが、最も広く知られる表現であるが、「 ねぷた 」と呼ぶ地域（ 弘前ねぷた など）も多く  、なかには 漢字 の 当て字 で「 佞武多 」と記して「ねぷた」と読みならわす地域（ 五所川原立佞武多 ）もある。また、かかる祭事（あるいは催事）は「 ねぶた祭 / ねぶた祭り （ねぶたまつり）」ともいい、 通称 ではあるが、当事者もこれを正式に用いる。加えて、ねぶた祭で使われる 山車 灯籠 を指して「ねぶた」「ねぷた」ということもある現状では、混同されることも致し方ない。発音は共通しており、「 ねふた 」または「 ねんふた 」が用いられることが多い  。","https://ja.wikipedia.org/wiki/ねぶた","平成百景","https://ja.wikipedia.org/wiki/平成百景","箇条書き,制限あり","","","","","","","","","","","","","","","","","","","",""
"弘前城","[弘前城（青森）] 弘前城 （ひろさきじょう）は、 陸奥国 鼻和郡 （のち統合と外浜（青森）、西浜（十三湊）を編入で 津軽郡 ）弘前（現・ 青森県 弘前市 下白銀町）にあった 日本の城 である。別名・ 鷹岡城 、 高岡城 。 江戸時代 に建造された 天守 や 櫓 などが現存し国の重要文化財に指定されている。また城跡は国の 史跡 に指定されている。 江戸時代 には 津軽氏 が居城し 弘前藩 の 藩庁 が置かれた。","https://ja.wikipedia.org/wiki/弘前城","平成百景","https://ja.wikipedia.org/wiki/平成百景","箇条書き,制限あり","北緯40度36分28.93秒東経140度27分49.7秒","","北緯40度36分28.93秒東経140度27分49.7秒﻿ / ﻿北緯40.6080361度 東経140.463806度﻿ /40.6080361; 140.463806","","","","","","","","","","弘前城","","鷹岡城、高岡城","","","","","梯郭式平山城"
"白神山地","[白神山地（青森・秋田）] 白神山地 （しらかみさんち）は、青森県から秋田県にまたがる山地帯の総称。 屋久島 とならんで1993年（平成5年）12月、日本で初めてのユネスコ 世界遺産 （自然遺産）に登録された  。 そこには「人の影響をほとんど受けていない原生的な ブナ 天然林が世界最大級の規模で分布」（世界遺産登録理由）と記されている。白神山地の名称は、昭和29年発行 国土地理院 地勢図で使われている。また、世界遺産登録以前には 弘西山地 （こうせいさんち）とも呼ばれていた。","https://ja.wikipedia.org/wiki/白神山地","平成百景","https://ja.wikipedia.org/wiki/平成百景","箇条書き,制限あり","","","","169.71km2","","","","","","","","","","","","","","","",""
"平泉","[平泉（岩手）] 平泉 （ひらいずみ）は、 日本 の 東北地方 、 岩手県 南西部（ 古代 の 陸奥国 磐井郡 ）にある古くからの 地名 であり、現在の岩手県 西磐井郡 平泉町 の中心部にあたる  。","https://ja.wikipedia.org/wiki/平泉","平成百景","https://ja.wikipedia.org/wiki/平成百景","箇条書き,制限あり","","","","176ha（緩衝地域 6,008 ha）","","","","","","","","","","","","","","","",""
"角館","[角館（秋田）] 角館 （かくのだて）は、 秋田県 仙北市 の地名、および国の 重要伝統的建造物群保存地区 の名称。現在も藩政時代の地割が踏襲され、 武家屋敷 等の建造物が数多く残されており、「みちのくの 小京都 」とも呼ばれる。","https://ja.wikipedia.org/wiki/角館","平成百景","https://ja.wikipedia.org/wiki/平成百景","箇条書き,制限あり","","","","","","","","","","","","","","","","","","","",""
"立石寺","[山寺（山形）] 立石寺 （りっしゃくじ）は、 山形県 山形市 にある 天台宗 の 仏教 寺院 。 山寺 （やまでら）の通称で知られ、古くは「りゅうしゃくじ  」と称した。詳しくは 宝珠山  阿所川院   立石寺 （ほうじゅさんあそかわいんりっしゃくじ）と称する。 本尊 は 薬師如来 。","https://ja.wikipedia.org/wiki/立石寺","平成百景","https://ja.wikipedia.org/wiki/平成百景","箇条書き,制限あり","北緯38度18分45.2秒東経140度26分14.6秒","山形県山形市大字山寺4456-1","北緯38度18分45.2秒東経140度26分14.6秒﻿ / ﻿北緯38.312556度 東経140.437389度﻿ /38.312556; 140.437389座標:北緯38度18分45.2秒東経140度26分14.6秒﻿ / ﻿北緯38.312556度 東経140.437389度﻿ /38.312556; 140.437389","","1390005000204","","","","","","","","","","","四寺廻廊最上三十三観音第2番（千手院）","","","",""
"松島","[松島（宮城）] 松島 （まつしま）は、 宮城県 の松島湾内外にある 諸島 のこと。または、それら諸島と湾周囲を囲む 松島丘陵 も含めた修景地区のことである。 日本三景 の1つに数えられている。2018年の観光入込客数は600万人  。","https://ja.wikipedia.org/wiki/松島","平成百景","https://ja.wikipedia.org/wiki/平成百景","箇条書き,制限あり","","","","","","","","","","","","","","","","","","","",""
"会津若松市","[会津若松（福島）] ","https://ja.wikipedia.org/wiki/会津若松市","平成百景","https://ja.wikipedia.org/wiki/平成百景","箇条書き,制限あり","北緯37度29分41.4秒東経139度55分47.1秒","〒965-8601福島県会津若松市東栄町3番46号北緯37度29分41.4秒東経139度55分47.1秒﻿ / ﻿北緯37.494833度 東経139.929750度﻿ /37.494833; 139.929750","","382.97km2（境界未定部分あり）","9000020072028","日本","公式ウェブサイト","福島県","東北地方","07202-8","117,209人（推計人口、2021年6月1日）","郡山市、喜多方市、耶麻郡猪苗代町、磐梯町、河沼郡会津坂下町、湯川村、岩瀬郡天栄村、南会津郡下郷町、大沼郡会津美里町","","306人/km2","","","アカマツ","タチアオイ","室井照平",""
"大内宿","[大内宿（福島）] 大内宿 （おおうちじゅく  ）は、 福島県 南会津郡 下郷町 大字 大内にある、 江戸時代 における 会津西街道 （別称：下野街道）の「半農半宿」の 宿場  の呼称。 明治 期の 鉄道 開通に伴って宿場としての地位を失ったが、 茅葺 屋根の民家が街道沿いに建ち並ぶ同集落の通称、あるいは観光地名として現在も受け継がれている。 1981年 （ 昭和 56年）に 重要伝統的建造物群保存地区 として選定され、福島県を代表する観光地の1つとなっている（一部に 宿泊施設 復活）。","https://ja.wikipedia.org/wiki/大内宿","平成百景","https://ja.wikipedia.org/wiki/平成百景","箇条書き,制限あり","","","","","","","","","","","","","","","","","","","",""
"草津温泉","[草津温泉（群馬）] 草津温泉 （くさつおんせん）は、 日本 の 群馬県 吾妻郡 草津町 草津界隈（ 江戸時代 における 上野国 吾妻郡草津村界隈、 幕藩体制 下の 上州 御料 草津村界隈〈初期は 沼田藩 知行 〉）に所在する 温泉 である。 草津白根山 東麓に位置する。","https://ja.wikipedia.org/wiki/草津温泉","平成百景","https://ja.wikipedia.org/wiki/平成百景","箇条書き,制限あり","","群馬県吾妻郡草津町","","","","","湯Love草津- 草津温泉観光協会","","","","","","","","","","","","",""
"鉄道博物館 (さいたま市)","[鉄道博物館（埼玉）] 鉄道博物館 （てつどうはくぶつかん、 英語 : The Railway Museum ）は、 埼玉県 さいたま市 大宮区 大成町 三丁目にある 鉄道博物館 である  。","https://ja.wikipedia.org/wiki/鉄道博物館_(さいたま市)","平成百景","https://ja.wikipedia.org/wiki/平成百景","箇条書き,制限あり","北緯35度55分14秒東経139度37分06秒","〒330-0852埼玉県さいたま市大宮区大成町三丁目47番地","北緯35度55分14秒東経139度37分06秒﻿ / ﻿北緯35.920556度 東経139.618333度﻿ /35.920556; 139.618333座標:北緯35度55分14秒東経139度37分06秒﻿ / ﻿北緯35.920556度 東経139.618333度﻿ /35.920556; 139.618333","","","","","","","","","","","","","","","","",""
"川越市","[川越（埼玉）] ","https://ja.wikipedia.org/wiki/川越市","平成百景","https://ja.wikipedia.org/wiki/平成百景","箇条書き,制限あり","北緯35度55分30.5秒東経139度29分8.8秒","〒350-8601埼玉県川越市元町一丁目3番地1北緯35度55分30.5秒東経139度29分8.8秒﻿ / ﻿北緯35.925139度 東経139.485778度﻿ /35.925139; 139.485778座標:北緯35度55分30.5秒東経139度29分8.8秒﻿ / ﻿北緯35.925139度 東経139.485778度﻿ /35.925139; 139.485778","","109.13km2","4000020112011","日本","公式ウェブサイト","埼玉県","関東地方","11201-1","354,541人（推計人口、2021年6月1日）","上尾市、さいたま市、坂戸市、狭山市、鶴ヶ島市、所沢市、日高市、富士見市、ふじみ野市、入間郡三芳町、比企郡川島町","","3,249人/km2","","","カシ","ヤマブキ","川合善明",""
"長瀞渓谷","[長瀞（埼玉）] 長瀞渓谷 （ながとろ けいこく）は、 日本 の 埼玉県 秩父地方 に位置する、 荒川 上流部の 渓谷 である。全長約6 km 。岩畳など 岩石 の間を緩やかな流れ（瀞）が長く続くことから  、近代以前より長瀞と呼ばれてきた。 1924年 （ 大正 13年） 12月9日 に「長瀞」名義で 国 の 名勝 及び 天然記念物 に指定されている。その範囲は 秩父郡 長瀞町 のほか、上流の 皆野町 内の川岸も含む  。 埼玉県立長瀞玉淀自然公園 の一部でもある。","https://ja.wikipedia.org/wiki/長瀞渓谷","平成百景","https://ja.wikipedia.org/wiki/平成百景","箇条書き,制限あり","","","","","","","","","","","","","","","","","","","",""
"佐原の町並み","[佐原（千葉）] 佐原の町並み （さわらのまちなみ）は、 千葉県 香取市 佐原 （旧 下総国 ）の 市街地 にある歴史的建造物が残る町並みである。 商家町 として栄え、古くから” 北総 の 小江戸 ”、” 水郷の町 ”と称された。 1996年 に 関東地方 で初めて 重要伝統的建造物群保存地区 として選定されている。 2009年 には 平成百景 、 2018年 には 佐倉市 （ 城下町 ）・ 成田市 （ 門前町 ）・ 銚子市 （ 港町 ）とともに 日本遺産  に認定された  。","https://ja.wikipedia.org/wiki/佐原の町並み","平成百景","https://ja.wikipedia.org/wiki/平成百景","箇条書き,制限あり","","","","","","","","","","","","","","","","","","","",""
"丸の内","[丸の内（東京）] 丸の内 （まるのうち）は、 東京都 千代田区 の地名で旧 麹町区 に当たる 麹町地域 内である。現行行政地名は丸の内一丁目から丸の内三丁目。 住居表示 実施済みの地域。 郵便番号 は100-0005  。","https://ja.wikipedia.org/wiki/丸の内","平成百景","https://ja.wikipedia.org/wiki/平成百景","箇条書き,制限あり","","","","","","日本","","東京都","","","","","","","","","","","",""
"秋葉原","[秋葉原（東京）] 秋葉原 （あきはばら）は、東京都 台東区 の地名。「 丁目 」の設定がない単独町名である。 郵便番号 は 110-0006  。","https://ja.wikipedia.org/wiki/秋葉原","平成百景","https://ja.wikipedia.org/wiki/平成百景","箇条書き,制限あり","","","","","","日本","","東京都","","","","","","","","","","","",""
"日本橋 (東京都中央区)","[日本橋（東京）] 日本橋 は、東京都中央区日本橋地域の 町名 で、北は日本橋川、南は 都道408号 に接する。現行行政地名は日本橋一丁目から日本橋三丁目。 郵便番号 は103-0027  。","https://ja.wikipedia.org/wiki/日本橋_(東京都中央区)","平成百景","https://ja.wikipedia.org/wiki/平成百景","箇条書き,制限あり","","","","","","日本","","東京都","","","","","","","","","","","",""
"浅草寺","[浅草寺雷門（東京）] 浅草寺 （せんそうじ）は、 東京都 台東区 浅草 2丁目にある東京都内最古の 寺 である。正式には 金龍山浅草寺 （きんりゅうざんせんそうじ）と号し、観音菩薩を本尊とすることから 浅草観音 （あさくさかんのん）として知られている。 山号 は金龍山。","https://ja.wikipedia.org/wiki/浅草寺","平成百景","https://ja.wikipedia.org/wiki/平成百景","箇条書き,制限あり","北緯35度42分53秒東経139度47分48.3秒","東京都台東区浅草二丁目3番1号","北緯35度42分53秒東経139度47分48.3秒﻿ / ﻿北緯35.71472度 東経139.796750度﻿ /35.71472; 139.796750座標:北緯35度42分53秒東経139度47分48.3秒﻿ / ﻿北緯35.71472度 東経139.796750度﻿ /35.71472; 139.796750","","2010505000327","","","","","","","","","","","坂東三十三箇所13番江戸三十三箇所1番","","","",""
"柴又帝釈天","[柴又帝釈天・矢切の渡し（東京・千葉）] 柴又帝釈天 （しばまたたいしゃくてん）または、 帝釈天 題経寺 （たいしゃくてん だいきょうじ）は、 東京都 葛 飾区 柴又 七丁目にある 日蓮宗 の 寺院 である。正式には 経栄山題経寺 （きょうえいざん だいきょうじ）と号する。旧本山は大本山中山 法華経寺（なかやま ほけきょうじ） 。親師法縁。","https://ja.wikipedia.org/wiki/柴又帝釈天","平成百景","https://ja.wikipedia.org/wiki/平成百景","箇条書き,制限あり","北緯35度45分30.24秒東経139度52分41.52秒","東京都葛飾区柴又七丁目10番3号","北緯35度45分30.24秒東経139度52分41.52秒﻿ / ﻿北緯35.7584000度 東経139.8782000度﻿ /35.7584000; 139.8782000座標:北緯35度45分30.24秒東経139度52分41.52秒﻿ / ﻿北緯35.7584000度 東経139.8782000度﻿ /35.7584000; 139.8782000","","8011805000432","","","","","","","","","","","柴又七福神（毘沙門天）","","","",""
"京浜工業地帯","[京浜工業地帯（東京・神奈川など）] 京浜工業地帯 （けいひんこうぎょうちたい）は、 東京都 大田区 、 神奈川県 川崎市 、 横浜市 を中心に、 東京都 、 神奈川県 、 埼玉県 南部、 千葉県 東葛6市 に広がる 工業地帯 である。かつては名前の通り、東 京 から横 浜 までの 東京湾 西岸、 京浜運河 に広がる埋め立て工業地帯であったが、次第に範囲が東海道沿いの 藤沢市 ・ 茅ヶ崎市 ・ 平塚市 や、内陸の 相模原市 ・ 立川市 ・ 八王子市 ・ さいたま市 ・ 川口市 ・ 狭山市 ・ 川越市 ・ 松戸市 ・ 柏市 にまで拡大していった。 三大工業地帯 のひとつで、 太平洋ベルト の中核であり、日本有数の工業地帯である。","https://ja.wikipedia.org/wiki/京浜工業地帯","平成百景","https://ja.wikipedia.org/wiki/平成百景","箇条書き,制限あり","","","","","","","","","","","","","","","","","","","",""
"横浜みなとみらい21","[横浜みなとみらい21（神奈川）] 横浜みなとみらい21 （よこはまみなとみらい21、Minato Mirai 21）は、 神奈川県 横浜市 の 西区 と 中区 にまたがり  、 横浜港 に面している 地域 である。また、 1980年代 から現在にかけて整備が進められている 計画都市 でもある。 1989年 （ 平成 元年）の 横浜博覧会 (YES'89) 以降、当該地区の開発が本格化し  、 首都圏 の 新都心 として、 さいたま新都心 と 幕張新都心 に並び重点的に整備された  。略称は「 みなとみらい21 」、「 みなとみらい 」、「 MM21 」など。 都市景観100選 受賞地区。","https://ja.wikipedia.org/wiki/横浜みなとみらい21","平成百景","https://ja.wikipedia.org/wiki/平成百景","箇条書き,制限あり","","","","","","","","","","","","","","","","","","","",""
"鎌倉","[鎌倉（神奈川）] 鎌倉 （かまくら）は、現在の 神奈川県 鎌倉市 の中心部に当たる地域である。 源頼朝 が創設し、 北条時政 、 北条義時 らによって実権が継承され、 鎌倉幕府 が置かれた都市であり、 三浦半島 の付け根に位置し、 相模湾 に面している。三方を山に、一方を海に囲まれている。","https://ja.wikipedia.org/wiki/鎌倉","平成百景","https://ja.wikipedia.org/wiki/平成百景","箇条書き,制限あり","","","","","","","","","","","","","","","","","","","",""
"箱根","[箱根・芦ノ湖（神奈川）] 箱根 （はこね、古くは「 函根 」とも）は、 静岡県 に近い 神奈川県 南西部の一角、 箱根カルデラ 近辺の一帯を指す地名。","https://ja.wikipedia.org/wiki/箱根","平成百景","https://ja.wikipedia.org/wiki/平成百景","箇条書き,制限あり","","","","","","","","","","","","","","","","","","","",""
"飛騨山脈","[北アルプス（長野・岐阜・富山・新潟）] 飛驒山脈 （ひださんみゃく）は、 富山県 、 新潟県 、 岐阜県 、 長野県 に跨って連なる 山脈 である。通称では 北アルプス の呼称で呼ばれている。 木曽山脈 （中央アルプス）、 赤石山脈 （南アルプス）と共に 日本アルプス と呼ばれることもある。","https://ja.wikipedia.org/wiki/飛騨山脈","平成百景","https://ja.wikipedia.org/wiki/平成百景","箇条書き,制限あり","北緯36度17分21秒東経137度38分53秒","富山県・岐阜県・長野県・新潟県","北緯36度17分21秒東経137度38分53秒﻿ / ﻿北緯36.28917度 東経137.64806度﻿ /36.28917; 137.64806座標:北緯36度17分21秒東経137度38分53秒﻿ / ﻿北緯36.28917度 東経137.64806度﻿ /36.28917; 137.64806","","","","","","","","","","","","","","","","",""
"松本城","[松本城（長野）] 松本城 （まつもとじょう）は、 長野県 松本市 （旧・ 信濃国 筑摩郡  筑摩野松本）にある 日本の城 である。松本城と呼ばれる以前は 深志城 （ふかしじょう）といった。俗に烏城（からすじょう）  とも呼ばれることがあるが、文献上には烏城という表記はなく誤りであるというのが松本市教育委員会松本城管理事務所の見解である  。 安土桃山時代 末期- 江戸時代 初期に建造された 天守 は 国宝 に指定され、城跡は国の 史跡 に指定されている。天守が 国宝 指定された5城のうちの一つである（他は 姫路城 、 犬山城 、 彦根城 、 松江城 ）。","https://ja.wikipedia.org/wiki/松本城","平成百景","https://ja.wikipedia.org/wiki/平成百景","箇条書き,制限あり","北緯36度14分20.76秒東経137度58分8.83秒","","北緯36度14分20.76秒東経137度58分8.83秒﻿ / ﻿北緯36.2391000度 東経137.9691194度﻿ /36.2391000; 137.9691194﻿ (松本城)座標:北緯36度14分20.76秒東経137度58分8.83秒﻿ / ﻿北緯36.2391000度 東経137.9691194度﻿ /36.2391000; 137.9691194﻿ (松本城)","","","","","","","","","","松本城日本の地図を表示松本城長野県の地図を表示","","深志城、烏城（俗称）","","","","","梯郭式+輪郭式平城"
"妻籠宿","[妻籠・馬籠（長野・岐阜）] 座標 : .mw-parser-output .geo-default,.mw-parser-output .geo-dms,.mw-parser-output .geo-dec{display:inline}.mw-parser-output .geo-nondefault,.mw-parser-output .geo-multi-punct{display:none}.mw-parser-output .longitude,.mw-parser-output .latitude{white-space:nowrap} 北緯35度34分36秒 東経137度35分43秒 ﻿ / ﻿ 北緯35.57667度 東経137.59528度 ﻿ / 35.57667; 137.59528","https://ja.wikipedia.org/wiki/妻籠宿","平成百景","https://ja.wikipedia.org/wiki/平成百景","箇条書き,制限あり","","","","","","","","","","","","","","","","","","","",""
"山古志村","[山古志の棚田（新潟）] 山古志村 （やまこしむら）は、 新潟県 の 中越地方 に位置した 村 。2010年の 長岡市 への通勤率は20.1%（平成12年国勢調査）。 2005年 4月1日 に長岡市に 編入合併 された。","https://ja.wikipedia.org/wiki/山古志村","平成百景","https://ja.wikipedia.org/wiki/平成百景","箇条書き,制限あり","北緯37度19分34秒東経138度53分24秒","〒947-0204新潟県古志郡山古志村竹沢乙461","","39.83km2.","","日本","山古志村（Internet Archive）","新潟県","中部地方、北陸地方甲信越地方、信越地方北信越地方、上信越地方広域関東圏","15421-1","1,960人（推計人口、2005年3月1日）","長岡市、栃尾市、小千谷市、魚沼市","","","","","","","",""
"金沢市","[金沢（石川）] ","https://ja.wikipedia.org/wiki/金沢市","平成百景","https://ja.wikipedia.org/wiki/平成百景","箇条書き,制限あり","北緯36度33分39.8秒東経136度39分23.4秒","〒920-8577石川県金沢市広坂一丁目1番1号北緯36度33分39.8秒東経136度39分23.4秒﻿ / ﻿北緯36.561056度 東経136.656500度﻿ /36.561056; 136.656500座標:北緯36度33分39.8秒東経136度39分23.4秒﻿ / ﻿北緯36.561056度 東経136.656500度﻿ /36.561056; 136.656500","","468.64km2","4000020172014","日本","公式ウェブサイト","石川県","中部地方、北陸地方","17201-4","462,628人（推計人口、2021年6月1日）","白山市、野々市市、河北郡津幡町、内灘町富山県：小矢部市、南砺市","","987人/km2","","","梅","花菖蒲サルビア四季咲きベゴニアインパチェンスゼラニウム（すべて推奨花）","山野之義",""
"永平寺","[永平寺（福井）] 永平寺 （えいへいじ）は、 福井県 吉田郡 永平寺町 にある 曹洞宗 の 仏教 寺院 。 總持寺 と並ぶ日本曹洞宗の中心寺院（ 大本山 ）である。 山号 を吉祥山と称し、 開山 は 道元 、 本尊 は 釈迦如来 ・ 弥勒仏 ・ 阿弥陀如来 の三世仏である。 寺紋 は久我山竜胆紋（久我竜胆紋・久我竜胆車紋）。","https://ja.wikipedia.org/wiki/永平寺","平成百景","https://ja.wikipedia.org/wiki/平成百景","箇条書き,制限あり","北緯36度3分11秒東経136度21分20秒","福井県吉田郡永平寺町志比5-15","北緯36度3分11秒東経136度21分20秒﻿ / ﻿北緯36.05306度 東経136.35556度﻿ /36.05306; 136.35556座標:北緯36度3分11秒東経136度21分20秒﻿ / ﻿北緯36.05306度 東経136.35556度﻿ /36.05306; 136.35556","","1210005001129","","","","","","","","","","","","","","",""
"東尋坊","[東尋坊（福井）] 東尋坊 （とうじんぼう）は、 福井県 坂井市 三国町 安島に位置する 崖 。 越前加賀海岸国定公園 の特別保護地区に指定されている  。","https://ja.wikipedia.org/wiki/東尋坊","平成百景","https://ja.wikipedia.org/wiki/平成百景","箇条書き,制限あり","","","","","","","","","","","","","","","","","","","",""
"犬山城","[犬山城と日本ライン（愛知・岐阜）] 犬山城 （いぬやまじょう）は、 尾張国 と 美濃国 の境、木曽川南岸の地「犬山」にあった 日本の城 である。現在の場所で言えば 愛知県 犬山市 にあり、 天守 のみが現存し、 江戸時代 までに建造された「 現存天守 12城」のひとつである。また天守が 国宝 指定された5城のうちの一つである（他は 姫路城 、 松本城 、 彦根城 、 松江城 ）。 城跡 は「犬山城跡」として、国の 史跡 に指定されている   。 日本で最後まで 個人が所有していた城（ 2004年 まで個人所有）である。","https://ja.wikipedia.org/wiki/犬山城","平成百景","https://ja.wikipedia.org/wiki/平成百景","箇条書き,制限あり","北緯35度23分17.96秒東経136度56分21.34秒","","北緯35度23分17.96秒東経136度56分21.34秒﻿ / ﻿北緯35.3883222度 東経136.9392611度﻿ /35.3883222; 136.9392611座標:北緯35度23分17.96秒東経136度56分21.34秒﻿ / ﻿北緯35.3883222度 東経136.9392611度﻿ /35.3883222; 136.9392611","","","","","","","","","","犬山城","","白帝城","","","","","平山城"
"名古屋城","[名古屋城（愛知）] 名古屋城 （なごやじょう）は、 尾張国 愛知郡 名古屋（現在の 愛知県 名古屋市 中区 ・ 北区 ）にある 日本の城 。「名城（めいじょう）」、「金鯱城（きんこじょう、きんしゃちじょう）」、「金城（きんじょう）」の異名を持つ。 日本100名城 に選定されており、国の 特別史跡 に指定されている。","https://ja.wikipedia.org/wiki/名古屋城","平成百景","https://ja.wikipedia.org/wiki/平成百景","箇条書き,制限あり","北緯35度11分7.77秒東経136度53分56.71秒","","北緯35度11分7.77秒東経136度53分56.71秒﻿ / ﻿北緯35.1854917度 東経136.8990861度﻿ /35.1854917; 136.8990861座標:北緯35度11分7.77秒東経136度53分56.71秒﻿ / ﻿北緯35.1854917度 東経136.8990861度﻿ /35.1854917; 136.8990861","","","","","","","","","","名古屋城","","金鯱城、金城、柳城、亀屋城、蓬左城","","","","","梯郭式平城"
"大井川鐵道","[大井川鉄道（静岡）] 大井川鐵道株式会社 （おおいがわてつどう）は、 静岡県 島田市 に本拠を置き、 大井川 流域を基盤とする 鉄道事業 を主たる業務とする陸運業や 観光 業  を営む 企業 である。 大井川本線 と 井川線 の2つの鉄道路線を運営している  。略称は 大鉄 ・ 大鐵 （だいてつ）。","https://ja.wikipedia.org/wiki/大井川鐵道","平成百景","https://ja.wikipedia.org/wiki/平成百景","箇条書き,制限あり","北緯34度49分34.26秒東経138度8分13.20秒","","","","1080001013422","","http://www.oigawa-railway.co.jp/","","","","","","","","","","","","",""
"高山市","[高山（岐阜）] ","https://ja.wikipedia.org/wiki/高山市","平成百景","https://ja.wikipedia.org/wiki/平成百景","箇条書き,制限あり","北緯36度8分45.7秒東経137度15分7.8秒","〒506-8555岐阜県高山市花岡町二丁目18番地北緯36度8分45.7秒東経137度15分7.8秒﻿ / ﻿北緯36.146028度 東経137.252167度﻿ /36.146028; 137.252167座標:北緯36度8分45.7秒東経137度15分7.8秒﻿ / ﻿北緯36.146028度 東経137.252167度﻿ /36.146028; 137.252167","","2,177.61km2","6000020212032","日本","公式ウェブサイト","岐阜県","中部地方、東海地方","21203-2","83,637人（推計人口、2021年5月1日）","飛騨市、郡上市、下呂市、大野郡白川村長野県：大町市、松本市、木曽郡木曽町富山県富山市石川県白山市福井県大野市","","38.4人/km2","","","いちい","こばのみつばつつじ","國島芳明",""
"琵琶湖","[琵琶湖（滋賀）] 琵琶湖 （びわこ）は、 滋賀県 にある 日本 最大 の 面積 と貯水量を持つ 湖 。 一級水系 「 淀川 水系」に属する 一級河川 である。 国土交通大臣 から委託を受けて滋賀県知事が管理を担う。 湖沼水質保全特別措置法 指定湖沼で、 ラムサール条約 登録 湿地 でもある。","https://ja.wikipedia.org/wiki/琵琶湖","平成百景","https://ja.wikipedia.org/wiki/平成百景","箇条書き,制限あり","北緯35度20分0秒東経136度10分0秒","日本滋賀県","北緯35度20分0秒東経136度10分0秒﻿ / ﻿北緯35.33333度 東経136.16667度﻿ /35.33333; 136.16667座標:北緯35度20分0秒東経136度10分0秒﻿ / ﻿北緯35.33333度 東経136.16667度﻿ /35.33333; 136.16667","669.26km2","","","","","","","","","","","","","","","",""
"延暦寺","[延暦寺（滋賀）] 延暦寺 （えんりゃくじ、 正字 : 延曆 寺 ）は、 滋賀県 大津市 坂本本町 にある、 標高 848mの 比叡山 全域を境内とする 天台宗 の 総本山 の 寺院 。正式には 比叡山延暦寺 （ひえいざんえんりゃくじ）と号する。 比叡山 、または 叡山 （えいざん）とも呼ばれる。 平安京 （ 京都 ）の北にあったので 南都 の 興福寺 と対に 北嶺 （ほくれい）と称された。 平安時代 初期の 僧 ・ 最澄 （ 767年 - 822年 ）により開かれた 日本 天台宗 の本山寺院である。 住職 （貫主）は 天台座主 と呼ばれ、末寺を統括する。 1994年 （ 平成 6年）には、 古都京都の文化財 の一部として、（1,200年の歴史と伝統が世界に高い評価を受け） ユネスコ世界文化遺産 にも登録された。寺紋は天台宗菊輪宝。","https://ja.wikipedia.org/wiki/延暦寺","平成百景","https://ja.wikipedia.org/wiki/平成百景","箇条書き,制限あり","北緯35度4分13.62秒東経135度50分27.33秒","滋賀県大津市坂本本町4220","北緯35度4分13.62秒東経135度50分27.33秒﻿ / ﻿北緯35.0704500度 東経135.8409250度﻿ /35.0704500; 135.8409250﻿ (延暦寺)座標:北緯35度4分13.62秒東経135度50分27.33秒﻿ / ﻿北緯35.0704500度 東経135.8409250度﻿ /35.0704500; 135.8409250﻿ (延暦寺)","","2160005000614","","","","","","","","","","","新西国三十三箇所第18番（横川中堂）西国薬師四十九霊場第49番播州薬師霊場特別札所東海四十九薬師霊場特別札所近畿三十六不動尊霊場26番（無動寺）びわ湖百八霊場第108番（横川中堂）法然上人二十五霊場特別霊場（青龍寺）西山国師遺跡霊場客番(文殊楼)真盛上人二十五霊場第2番（青龍寺）・第3番（浄土院）神仏霊場巡拝の道第150番（滋賀第18番）","","","",""
"祇園","[祇園（京都）] 祇園  （ぎおん）は 京都市 東山区 にある、 京都 の代表的な 繁華街 及び 歓楽街 。","https://ja.wikipedia.org/wiki/祇園","平成百景","https://ja.wikipedia.org/wiki/平成百景","箇条書き,制限あり","","","","","","","","","","","","","","","","","","","",""
"天橋立","[天橋立（京都）] 天橋立 （あまのはしだて）は、 京都府 宮津市 の 宮津湾 と 内海 の 阿蘇海 を南北に隔てる全長3.6 キロメートル の湾口 砂州  。 日本三景 の一つであり    、 2013年 の観光入込客数は178万1900人と 京都市 を除いた京都府内の観光地で第1位である  。","https://ja.wikipedia.org/wiki/天橋立","平成百景","https://ja.wikipedia.org/wiki/平成百景","箇条書き,制限あり","","","","","","","","","","","","","","","","","","","",""
"伊根の舟屋","[伊根の舟屋（京都）] 伊根の舟屋 （いねのふなや）は、 京都府 与謝郡 伊根町 の伊根地区で 伊根湾 （伊根浦）沿い立ち並ぶ 民家 で、船の収納庫の上に住居を備えた、この地区独特の伝統的建造物である。伊根の 集落 は 重要伝統的建造物群保存地区 として選定されているために国内外にも知られ、毎年30万人近い観光客が訪れる  。","https://ja.wikipedia.org/wiki/伊根の舟屋","平成百景","https://ja.wikipedia.org/wiki/平成百景","箇条書き,制限あり","","","","","","","","","","","","","","","","","","","",""
"奈良市","[奈良の寺社（奈良）] 〒 630-8580 奈良県奈良市二条大路南一丁目1番1号  .mw-parser-output .geo-default,.mw-parser-output .geo-dms,.mw-parser-output .geo-dec{display:inline}.mw-parser-output .geo-nondefault,.mw-parser-output .geo-multi-punct{display:none}.mw-parser-output .longitude,.mw-parser-output .latitude{white-space:nowrap} 北緯34度41分6秒 東経135度48分17.2秒 ﻿ / ﻿ 北緯34.68500度 東経135.804778度 ﻿ / 34.68500; 135.804778 ﻿ ( 奈良市 ) 座標 : 北緯34度41分6秒 東経135度48分17.2秒 ﻿ / ﻿ 北緯34.68500度 東経135.804778度 ﻿ / 34.68500; 135.804778 ﻿ ( 奈良市 )","https://ja.wikipedia.org/wiki/奈良市","平成百景","https://ja.wikipedia.org/wiki/平成百景","箇条書き,制限あり","北緯34度41分6秒東経135度48分17.2秒","〒630-8580奈良県奈良市二条大路南一丁目1番1号北緯34度41分6秒東経135度48分17.2秒﻿ / ﻿北緯34.68500度 東経135.804778度﻿ /34.68500; 135.804778﻿ (奈良市)座標:北緯34度41分6秒東経135度48分17.2秒﻿ / ﻿北緯34.68500度 東経135.804778度﻿ /34.68500; 135.804778﻿ (奈良市)市庁舎位置","","276.94km2","4000020292010","日本","公式ウェブサイト","奈良県","近畿地方","29201-0","352,198人（推計人口、2021年6月1日）","生駒市、大和郡山市、天理市、桜井市、宇陀市、山辺郡山添村京都府：木津川市、相楽郡笠置町、精華町、南山城村三重県伊賀市","","1,272人/km2","","","イチイガシ","ナラノヤエザクラ","仲川元庸",""
"法隆寺","[法隆寺（奈良）] 法隆寺 （ほうりゅうじ）は、 奈良県 生駒郡 斑鳩町 法隆寺山内にある 聖徳宗 の 総本山 の 寺院 。 斑鳩寺 （いかるがでら、鵤寺とも）、 法隆学問寺 としても知られる  。","https://ja.wikipedia.org/wiki/法隆寺","平成百景","https://ja.wikipedia.org/wiki/平成百景","箇条書き,制限あり","北緯34度36分53.06秒東経135度44分3.02秒","奈良県生駒郡斑鳩町法隆寺山内1-1","北緯34度36分53.06秒東経135度44分3.02秒﻿ / ﻿北緯34.6147389度 東経135.7341722度﻿ /34.6147389; 135.7341722座標:北緯34度36分53.06秒東経135度44分3.02秒﻿ / ﻿北緯34.6147389度 東経135.7341722度﻿ /34.6147389; 135.7341722","","3150005003468","","","","","","","","","","","南都七大寺第7番聖徳太子霊跡第14番神仏霊場巡拝の道第26番（奈良第13番）大和北部八十八ヶ所霊場第50・51番","","","",""
"吉野山","[吉野山（奈良）] 吉野山 （よしのやま）は 奈良県 の中央部・ 吉野郡 吉野町 にある 吉野川（紀の川） 南岸から 大峰山脈 へと南北に続く約8 キロメートル に及ぶ 尾根 続きの山稜の総称、または 金峯山寺 を中心とした社寺が点在する地域の広域地名である。","https://ja.wikipedia.org/wiki/吉野山","平成百景","https://ja.wikipedia.org/wiki/平成百景","箇条書き,制限あり","","日本奈良県吉野郡吉野町","","","","","","","","","","","","","","","","","",""
"大坂城","[大阪城（大阪）] 大坂城 ／ 大阪城 （おおさかじょう  ）は、 安土桃山時代 に 上町台地 の先端、 摂津国 東成郡 生玉荘 大坂 に築かれ、 江戸時代 に再築された 日本の城 。別称は 錦城 （きんじょう／ 金城 とも表記）。「大阪城跡」として国の 特別史跡 に指定されている。なお、城址を含む一帯は 大阪城公園 （おおさかじょうこうえん）として整備されている。 天守 は博物館「 大阪城天守閣 」となっている。","https://ja.wikipedia.org/wiki/大坂城","平成百景","https://ja.wikipedia.org/wiki/平成百景","箇条書き,制限あり","北緯34度41分14.56秒東経135度31分33.04秒","","北緯34度41分14.56秒東経135度31分33.04秒﻿ / ﻿北緯34.6873778度 東経135.5258444度﻿ /34.6873778; 135.5258444﻿ (大坂城)座標:北緯34度41分14.56秒東経135度31分33.04秒﻿ / ﻿北緯34.6873778度 東経135.5258444度﻿ /34.6873778; 135.5258444﻿ (大坂城)","","","","","","","","","","大阪城大阪市の地図を表示大阪城大阪府の地図を表示","","錦城、金城大坂城/大阪城","","","","","輪郭式平城または平山城"
"中之島 (大阪府)","[中之島（大阪）] 中之島 （なかのしま）は、 大阪府 大阪市 北区 にある 堂島川 と 土佐堀川 に挟まれた 中洲 及び 町名 。東西に細長く、長さは3km、幅は最大で300m、面積72.6ha。","https://ja.wikipedia.org/wiki/中之島_(大阪府)","平成百景","https://ja.wikipedia.org/wiki/平成百景","箇条書き,制限あり","","","","","","日本","","大阪府","","","","","","","","","","","",""
"通天閣","[通天閣（大阪）] 通天閣 （つうてんかく）は、 大阪府 大阪市 浪速区 の 新世界 中心部に建つ展望塔である。 2007年 5月15日 に、国の 登録有形文化財 となった  。公式キャラクターは「 ビリケン 」。大阪の 観光名所 並びにシンボルタワーとして知られる。","https://ja.wikipedia.org/wiki/通天閣","平成百景","https://ja.wikipedia.org/wiki/平成百景","箇条書き,制限あり","北緯34度39分9.13秒東経135度30分22.77秒","〒556-0002大阪府大阪市浪速区恵美須東一丁目18番6号","","","","","","","","","","","","","","","","","",""
"神戸ルミナリエ","[神戸ルミナリエ（兵庫）] 神戸ルミナリエ （こうべルミナリエ）は、 1995年 から12月に 神戸市 の 旧居留地 で開催されている祭典および、開催期間中に電飾が施されているエリアの名称である  。通りや広場を独特の幾何学模様で構成された イルミネーション （電飾）で飾り、昼間とは異なる風景を現出させてその景観を楽しむ。","https://ja.wikipedia.org/wiki/神戸ルミナリエ","平成百景","https://ja.wikipedia.org/wiki/平成百景","箇条書き,制限あり","","","","","","","","","","","","","","","","","","","",""
"高野山","[高野山（和歌山）] 地名としての「高野山」とは、八葉の峰（今来峰・宝珠峰・鉢伏山・弁天岳・姑射山・転軸山・楊柳山・摩尼山）と呼ばれる峰々に囲まれた 盆地 状の平地の地域を指す（行政上の字名としての「高野山」もおおよそこれと同じ地域である）。8つの峰々に囲まれているその地形は「 蓮 の花が開いたような」と形容されており、 仏教 の聖地としては 両界曼荼羅 のうちの 胎蔵曼荼羅 の「中台八葉院」に擬せられている  。転軸山・楊柳山・摩尼山の三山を 高野三山 という。なお、 高野山 という名称の単独の峰はない。","https://ja.wikipedia.org/wiki/高野山","平成百景","https://ja.wikipedia.org/wiki/平成百景","箇条書き,制限あり","","","","","","","","","","","","","","","","","","","",""
"熊野古道","[熊野古道（和歌山・奈良・三重）] 熊野古道 （くまのこどう）は、 熊野三山 （ 熊野本宮大社 、 熊野速玉大社 、 熊野那智大社 ）へと通じる 参詣道 の総称。 熊野参詣道 ともよばれる。 紀伊半島 に位置し、道は 三重県 、 奈良県 、 和歌山県 、 大阪府 に跨る。2004年に 世界文化遺産 に登録。","https://ja.wikipedia.org/wiki/熊野古道","平成百景","https://ja.wikipedia.org/wiki/平成百景","箇条書き,制限あり","","","","","","","","","","","","","","","","","","","",""
"四国八十八箇所","[四国霊場八十八か所（香川・徳島・高知・愛媛）] ","https://ja.wikipedia.org/wiki/四国八十八箇所","平成百景","https://ja.wikipedia.org/wiki/平成百景","箇条書き,制限あり","","","","","","","","","","","","","","","","","","","",""
"金刀比羅宮","[金刀比羅宮（香川）] 金刀比羅宮 （ことひらぐう）は、 香川県 仲多度郡 琴平町 の 象頭山 中腹に鎮座する 単立 神社 である。明治初年の神仏分離以前は 金毘羅大権現 と称され  、以降は、「さぬきの こんぴらさん 」の呼び名で知られる  。","https://ja.wikipedia.org/wiki/金刀比羅宮","平成百景","https://ja.wikipedia.org/wiki/平成百景","箇条書き,制限あり","北緯34度11分2.41秒東経133度48分34.33秒","香川県仲多度郡琴平町字川西892番地1","北緯34度11分2.41秒東経133度48分34.33秒﻿ / ﻿北緯34.1840028度 東経133.8095361度﻿ /34.1840028; 133.8095361﻿ (金刀比羅宮)座標:北緯34度11分2.41秒東経133度48分34.33秒﻿ / ﻿北緯34.1840028度 東経133.8095361度﻿ /34.1840028; 133.8095361﻿ (金刀比羅宮)","","","","","","","","","","金刀比羅宮金刀比羅宮の位置香川県の地図を表示金刀比羅宮金刀比羅宮 (日本)日本の地図を表示","","","さぬき十五社13番","","","",""
"直島町","[直島（香川）] ","https://ja.wikipedia.org/wiki/直島町","平成百景","https://ja.wikipedia.org/wiki/平成百景","箇条書き,制限あり","","〒761-3110香川県香川郡直島町字鎧山1122番地1町役場位置","","14.22km2（境界未定部分あり）","9000020373648","日本","公式ウェブサイト","香川県","四国地方中国・四国地方","37364-8","3,088人（推計人口、2021年6月1日）","岡山県：玉野市（海を挟んで隣接）香川県：高松市、小豆郡土庄町","","217人/km2","","","","","",""
"鳴門の渦潮","[鳴門の渦潮（徳島）] 鳴門の渦潮 （なるとのうずしお）は、 徳島県 鳴門市 と 兵庫県 南あわじ市 の間にある 鳴門海峡 で発生する 渦潮 である。大潮の際には 渦 の直径は最大で30mに達するといわれ  、渦の大きさは世界最大級といわれる  。","https://ja.wikipedia.org/wiki/鳴門の渦潮","平成百景","https://ja.wikipedia.org/wiki/平成百景","箇条書き,制限あり","","","","","","","","","","","","","","","","","","","",""
"四万十川","[四万十川（高知）] 四万十川 （しまんとがわ）は、 高知県 の西部を流れる 一級河川 で渡川水系の本流である  。全長196km、 流域 面積2186km 2   。 四国 内で最長の川である。本流に大規模なダムが建設されていないことから「日本最後の 清流 」、また 柿田川 ・ 長良川 とともに「 日本三大清流 の一つ」と呼ばれる。 名水百選  、 日本の秘境100選 にも選ばれている。","https://ja.wikipedia.org/wiki/四万十川","平成百景","https://ja.wikipedia.org/wiki/平成百景","箇条書き,制限あり","","","","","","","","","","","","","","","","","","","",""
"道後温泉","[道後温泉（愛媛）] 道後温泉 （どうごおんせん）は、 四国 ・ 愛媛県 松山市 （旧国 伊予国 ）に湧出する 温泉 である。 日本三古湯 の一つといわれる。","https://ja.wikipedia.org/wiki/道後温泉","平成百景","https://ja.wikipedia.org/wiki/平成百景","箇条書き,制限あり","北緯33度51分7.2秒東経132度47分11.2秒","日本愛媛県松山市道後温泉松山駅愛媛県地図","","","","","道後温泉道後温泉物語 - 道後温泉旅館協同組合","","","","","","","","","","","","",""
"鳥取砂丘","[鳥取砂丘（鳥取）] 座標 : .mw-parser-output .geo-default,.mw-parser-output .geo-dms,.mw-parser-output .geo-dec{display:inline}.mw-parser-output .geo-nondefault,.mw-parser-output .geo-multi-punct{display:none}.mw-parser-output .longitude,.mw-parser-output .latitude{white-space:nowrap} 北緯35度32分33秒 東経134度13分49秒 ﻿ / ﻿ 北緯35.54250度 東経134.23028度 ﻿ / 35.54250; 134.23028","https://ja.wikipedia.org/wiki/鳥取砂丘","平成百景","https://ja.wikipedia.org/wiki/平成百景","箇条書き,制限あり","","","","","","","","","","","","","","","","","","","",""
"宍道湖","[宍道湖（島根）] 宍道湖 （しんじこ）は、 島根県 松江市 と 出雲市 にまたがる 湖  。 一級水系 の 斐伊川 の一部である  。","https://ja.wikipedia.org/wiki/宍道湖","平成百景","https://ja.wikipedia.org/wiki/平成百景","箇条書き,制限あり","北緯35度27分東経132度58分","日本島根県松江市、出雲市","北緯35度27分東経132度58分﻿ / ﻿北緯35.45度 東経132.97度﻿ /35.45; 132.97座標:北緯35度27分東経132度58分﻿ / ﻿北緯35.45度 東経132.97度﻿ /35.45; 132.97","79.25km2","","","","","","","","","","","","","","","",""
"出雲大社","[出雲大社（島根）] 出雲大社 （いずもおおやしろ  、正仮名遣いでは「いづもおほやしろ」/ いずもたいしゃ）は、 島根県 出雲市 大社町杵築東にある 神社 。 祭神 は 大国主大神  。 式内社 （ 名神大 ）、 出雲国 一宮 で旧 社格 は官幣大社  。 神社本庁 の 別表神社  。 宗教法人 出雲大社教 の宗祠。","https://ja.wikipedia.org/wiki/出雲大社","平成百景","https://ja.wikipedia.org/wiki/平成百景","箇条書き,制限あり","北緯35度24分07.4秒東経132度41分07.6秒","島根県出雲市大社町杵築東195","北緯35度24分07.4秒東経132度41分07.6秒﻿ / ﻿北緯35.402056度 東経132.685444度﻿ /35.402056; 132.685444﻿ (出雲大社)座標:北緯35度24分07.4秒東経132度41分07.6秒﻿ / ﻿北緯35.402056度 東経132.685444度﻿ /35.402056; 132.685444﻿ (出雲大社)","","","","","","","","","","出雲大社","","杵築大社","出雲國神仏霊場1番","","","",""
"倉敷美観地区","[倉敷（岡山）] 倉敷美観地区 （くらしきびかんちく、 Kurashiki Bikan historical quarter ）は、 岡山県 倉敷市 にある町並保存地区・観光地区である。","https://ja.wikipedia.org/wiki/倉敷美観地区","平成百景","https://ja.wikipedia.org/wiki/平成百景","箇条書き,制限あり","","","","","","","","","","","","","","","","","","","",""
"秋吉台","[秋吉台（山口）] 秋吉台 （あきよしだい）は、 山口県 美祢市 中・東部に広がる日本最大の カルスト台地 。北東方向に約16km、北西方向に約6kmの広がりを有し、台地上の総面積54 km 2 、石灰岩の分布（沖積面下の潜在部を含む）総面積93km 2 、台地面の標高180〜420mである。","https://ja.wikipedia.org/wiki/秋吉台","平成百景","https://ja.wikipedia.org/wiki/平成百景","箇条書き,制限あり","","","","","","","","","","","","","","","","","","","",""
"太宰府天満宮","[太宰府天満宮（福岡）] 太宰府天満宮 （だざいふてんまんぐう）は、 福岡県 太宰府市 宰府 （さいふ）にある 神社 。旧 社格 は 官幣中社 で、現在は 神社本庁 の 別表神社 。神紋は梅紋である。 菅原道真 （菅原道真公、菅公）を祭神として祀る 天満宮 の一つ（天神様のお膝元）。 初詣 の際には 九州 はもとより 日本 全国から毎年200万人以上  、年間にすると850万人以上  の参詣者がある。現在、 京都 の 北野天満宮 とともに全国天満宮の総本社とされ、また菅公の霊廟として篤く信仰されている。","https://ja.wikipedia.org/wiki/太宰府天満宮","平成百景","https://ja.wikipedia.org/wiki/平成百景","箇条書き,制限あり","北緯33度31分17.49秒東経130度32分5.45秒","福岡県太宰府市宰府4丁目7番1号","北緯33度31分17.49秒東経130度32分5.45秒﻿ / ﻿北緯33.5215250度 東経130.5348472度﻿ /33.5215250; 130.5348472﻿ (太宰府天満宮)座標:北緯33度31分17.49秒東経130度32分5.45秒﻿ / ﻿北緯33.5215250度 東経130.5348472度﻿ /33.5215250; 130.5348472﻿ (太宰府天満宮)","","","","","","","","","","太宰府天満宮","","","菅公聖蹟二十五拝","","","",""
"吉野ヶ里遺跡","[吉野ヶ里遺跡（佐賀）] 吉野ヶ里遺跡 （ よしのがりいせき ） は、 佐賀県 神埼郡 吉野ヶ里町 と 神埼市 にまたがる吉野ヶ里丘陵にある遺跡。国の 特別史跡 に指定されている。","https://ja.wikipedia.org/wiki/吉野ヶ里遺跡","平成百景","https://ja.wikipedia.org/wiki/平成百景","箇条書き,制限あり","北緯33度19分25秒東経130度23分26.5秒","日本佐賀県吉野ヶ里町、神埼市","","36ha（埋蔵文化財包蔵地）","","","","","","","","","","","","","","","",""
"平和公園","[平和公園（長崎）] 平和公園 （へいわこうえん、 英 : Peace Park ）は、 長崎県 長崎市 松山町 に位置する 公園 。「平和記念（祈念）公園」と呼称する場合もあるが、正確には誤りである。","https://ja.wikipedia.org/wiki/平和公園","平成百景","https://ja.wikipedia.org/wiki/平成百景","箇条書き,制限あり","","","","","","","","","","","","","","","","","","","",""
"雲仙岳","[雲仙岳（長崎）] 雲仙岳 （うんぜんだけ）は、 長崎県 の 島原半島 中央部にそびえる 火山 である。半島西方の 橘湾 を中心とする 千々石カルデラ の外輪に位置する。広義では、 火山学 上の「雲仙火山」と同義で、最高峰の 平成新山 をはじめ、三岳（三峰）とも呼ばれる 普賢岳 ・ 国見岳 ・ 妙見岳 、五峰（五岳）とも呼ばれる 野岳 ・ 九千部岳 ・ 矢岳 ・ 高岩山・絹笠山 を含め、東の 眉山から 西の 猿葉山 まで、総計20以上の山々から構成される。雲仙岳の形の複雑さは、三岳五峰（三峰五岳）、八葉、二十四峰、三十六峰などさまざまな数字で表現されたが、観光上のキャッチフレーズとして「三峰五岳の雲仙岳」が多用されるようになった結果、狭義として八つの山（ときには三つの山）のみを指す用法も生まれた。歴史的には海上にそびえる山並み全体を指す名称である。行政区分では 島原市 、 南島原市 、 雲仙市 にまたがる。しばしば、旧最高峰の普賢岳（雲仙普賢岳）の名称と混同して用いられる。","https://ja.wikipedia.org/wiki/雲仙岳","平成百景","https://ja.wikipedia.org/wiki/平成百景","箇条書き,制限あり","北緯32度45分41秒東経130度17分56秒","長崎県島原市、南島原市、雲仙市","北緯32度45分41秒東経130度17分56秒﻿ / ﻿北緯32.76139度 東経130.29889度﻿ /32.76139; 130.29889座標:北緯32度45分41秒東経130度17分56秒﻿ / ﻿北緯32.76139度 東経130.29889度﻿ /32.76139; 130.29889","","","","","","","","","","","","","","","","",""
"熊本城","[熊本城（熊本）] 熊本城 （くまもとじょう）は、 肥後国 飽田郡 熊本  （現在の 熊本県 熊本市 中央区 ）に築かれた 安土桃山時代 から 江戸時代 の 日本の城 。別名「銀杏城（ぎんなんじょう）」  。","https://ja.wikipedia.org/wiki/熊本城","平成百景","https://ja.wikipedia.org/wiki/平成百景","箇条書き,制限あり","北緯32度48分21.7秒東経130度42分21.23秒","","北緯32度48分21.7秒東経130度42分21.23秒﻿ / ﻿北緯32.806028度 東経130.7058972度﻿ /32.806028; 130.7058972﻿ (熊本城)座標:北緯32度48分21.7秒東経130度42分21.23秒﻿ / ﻿北緯32.806028度 東経130.7058972度﻿ /32.806028; 130.7058972﻿ (熊本城)","","","","","","","","","","熊本城熊本市の地図を表示熊本城熊本県の地図を表示熊本城日本の地図を表示","","千葉城（出田氏）、六実城、隈本城（鹿子木氏、菊池氏、城氏、佐々氏、加藤氏半国期）、銀杏城","","","","","梯郭式平山城"
"別府温泉","[別府八湯（大分）] 別府温泉 （べっぷおんせん）は、 大分県 別府市 内各地に数百ある 温泉 の総称。広義には 別府 温泉郷   ともいい、特に古くから由来のある八つの温泉地は 別府八湯 （べっぷはっとう、1996年（平成8年）8月8日選定）と呼ばれている  。狭義には広義の別府温泉（別府八湯）を構成する温泉のうちの別府市中心部にある 温泉街 （歴史的には北浜温泉）をいう（「 #別府温泉 」参照）  。 温泉都市 として知られる別府は、 源泉 数、 湧出量 ともに 日本一  。","https://ja.wikipedia.org/wiki/別府温泉","平成百景","https://ja.wikipedia.org/wiki/平成百景","箇条書き,制限あり","","","","","","","温泉ハイスタンダード極楽地獄 別府","","","","","","","","","","","","",""
"由布院温泉","[由布院（大分）] 由布院温泉 （ゆふいんおんせん）は、 大分県 由布市 （旧国 豊後国 速見郡 ）にある温泉。 由布岳 （標高1,584m）の麓に広がる温泉地である。","https://ja.wikipedia.org/wiki/由布院温泉","平成百景","https://ja.wikipedia.org/wiki/平成百景","箇条書き,制限あり","北緯33度15分45秒東経131度21分18秒","大分県由布市","","","","","由布院温泉観光協会","","","","","","","","","","","","",""
"桜島","[桜島（鹿児島）] 桜島 （さくらじま）は、 日本 の 九州 南部、 鹿児島県 の 鹿児島湾 （錦江湾）にある東西約12km、南北約10 km、周囲約55 km、面積約77km 2  の 火山 。かつては 島 であったが、 1914年 （ 大正 3年）の噴火により、 鹿児島市 の対岸の 大隅半島 と 陸続き になった         。","https://ja.wikipedia.org/wiki/桜島","平成百景","https://ja.wikipedia.org/wiki/平成百景","箇条書き,制限あり","北緯31度35分19秒東経130度39分17秒","日本鹿児島県鹿児島市","北緯31度35分19秒東経130度39分17秒﻿ / ﻿北緯31.58861度 東経130.65472度﻿ /31.58861; 130.65472﻿ (桜島)座標:北緯31度35分19秒東経130度39分17秒﻿ / ﻿北緯31.58861度 東経130.65472度﻿ /31.58861; 130.65472﻿ (桜島)","","","","","","","","","","","","","","","","",""
"竹富島","[竹富島（沖縄）] 竹富島 （たけとみじま）は、 沖縄県 の 八重山列島 にある 島 である。全島が沖縄県 八重山郡 竹富町 に属している。","https://ja.wikipedia.org/wiki/竹富島","平成百景","https://ja.wikipedia.org/wiki/平成百景","箇条書き,制限あり","北緯24度19分47秒東経124度05分12秒","日本沖縄県八重山郡竹富町","","5.43km²","","","","","","","","","","","","","","","",""
