﻿"タイトル","コメント","URL","親リストタイトル","親リストURL","一覧抽出方法","座標","所在地","位置","標高","山系","種類","初登頂","最新噴火","最高峰","延長","幅","Hidden","Hidden","Hidden","Hidden","Hidden","Hidden","Hidden","Hidden","Hidden"
"天塩岳"," 天塩岳 （てしおだけ）は、 北海道 士別市 と 紋別郡 滝上町 にまたがる 標高 1,558mの 山 。","https://ja.wikipedia.org/wiki/天塩岳","日本二百名山","https://ja.wikipedia.org/wiki/日本二百名山","グループ形式","北緯43度57分51秒東経142度53分16秒","日本北海道士別市・紋別郡滝上町","北緯43度57分51秒東経142度53分16秒﻿ / ﻿北緯43.96417度 東経142.88778度﻿ /43.96417; 142.88778座標:北緯43度57分51秒東経142度53分16秒﻿ / ﻿北緯43.96417度 東経142.88778度﻿ /43.96417; 142.88778","1,557.6m","","","","","","","","","","","","","","","",""
"石狩岳"," 石狩岳 （いしかりだけ）は、 北海道 中央部、 石狩山地 にある 標高 1,967 m の 山 。山頂は 上川町 （ 石狩国 ）と 上士幌町 （ 十勝国 ）の境にある。名称は 石狩川 の水源であることから付けられた。 大雪山国立公園 に属している  。","https://ja.wikipedia.org/wiki/石狩岳","日本二百名山","https://ja.wikipedia.org/wiki/日本二百名山","グループ形式","北緯43度32分48秒東経143度01分20秒","日本北海道上川郡上川町河東郡上士幌町","北緯43度32分48秒東経143度01分20秒﻿ / ﻿北緯43.54667度 東経143.02222度﻿ /43.54667; 143.02222座標:北緯43度32分48秒東経143度01分20秒﻿ / ﻿北緯43.54667度 東経143.02222度﻿ /43.54667; 143.02222","1,967m","石狩山地","褶曲山脈","松本十郎（1876年）","","","","","","","","","","","","",""
"ニペソツ山"," ニペソツ山 （ニペソツやま）は、 北海道 の 東大雪 にある 標高 2,013 m の 山 。 北海道 十勝総合振興局 管内 新得町 と 上士幌町 の境にあり、標高2,000mを超える山としては国内で最も東に位置する。 日本二百名山 に選定されている。","https://ja.wikipedia.org/wiki/ニペソツ山","日本二百名山","https://ja.wikipedia.org/wiki/日本二百名山","グループ形式","北緯43度27分21秒東経143度01分56秒","北海道十勝総合振興局上川郡新得町河東郡上士幌町","北緯43度27分21秒東経143度01分56秒﻿ / ﻿北緯43.45583度 東経143.03222度﻿ /43.45583; 143.03222座標:北緯43度27分21秒東経143度01分56秒﻿ / ﻿北緯43.45583度 東経143.03222度﻿ /43.45583; 143.03222","2,012.88m","石狩山地","成層火山","","","","","","","","","","","","","",""
"カムイエクウチカウシ山"," カムイエクウチカウシ山 （カムイエクウチカウシやま）は、 北海道 日高山脈 に属する 山 である。 日本二百名山 の一つに数えられる。名称は アイヌ語 の「熊（神）の転げ落ちる山」に由来する。登山家の間ではしばしば カムエク と略して呼ばれる  。","https://ja.wikipedia.org/wiki/カムイエクウチカウシ山","日本二百名山","https://ja.wikipedia.org/wiki/日本二百名山","グループ形式","北緯42度37分30秒東経142度45分59秒","北海道日高郡新ひだか町・河西郡中札内村","北緯42度37分30秒東経142度45分59秒﻿ / ﻿北緯42.62500度 東経142.76639度﻿ /42.62500; 142.76639座標:北緯42度37分30秒東経142度45分59秒﻿ / ﻿北緯42.62500度 東経142.76639度﻿ /42.62500; 142.76639","1,979.5m","日高山脈","氷食尖峰","正木照信（1900年）","","","","","","","","","","","","",""
"ペテガリ岳"," ペテガリ岳 （ペテガリだけ）は、 北海道 の 日高山脈 中部に位置し、 日高郡 新ひだか町 と 広尾郡 大樹町 にまたがる 標高 1,736 m の山である。 日高山脈襟裳国定公園 に含まれ、山頂には 二等三角点  （点名「辺天狩岳」）がある。 日本二百名山 の一つ。A・B・Cの三つの カール を持つ。","https://ja.wikipedia.org/wiki/ペテガリ岳","日本二百名山","https://ja.wikipedia.org/wiki/日本二百名山","グループ形式","北緯42度29分58秒東経142度52分16秒","日本北海道日高郡新ひだか町・広尾郡大樹町","北緯42度29分58秒東経142度52分16秒﻿ / ﻿北緯42.49944度 東経142.87111度﻿ /42.49944; 142.87111座標:北緯42度29分58秒東経142度52分16秒﻿ / ﻿北緯42.49944度 東経142.87111度﻿ /42.49944; 142.87111","1,736.2m","日高山脈","褶曲山脈","柴崎芳太郎（1913年）","","","","","","","","","","","","",""
"芦別岳"," 芦別岳 （あしべつだけ）は、 北海道 ・ 夕張山地 のほぼ中央に位置し、 富良野市 ・ 芦別市 ・ 南富良野町 にまたがる標高1,726 m  の 山 。山頂は、富良野市と南富良野町との境界にある。 日本二百名山  、および 北海道百名山 と 北海道の百名山 に選定されている。","https://ja.wikipedia.org/wiki/芦別岳","日本二百名山","https://ja.wikipedia.org/wiki/日本二百名山","グループ形式","北緯43度14分09秒東経142度17分01秒","日本北海道富良野市・空知郡南富良野町・芦別市","北緯43度14分09秒東経142度17分01秒﻿ / ﻿北緯43.23583度 東経142.28361度﻿ /43.23583; 142.28361座標:北緯43度14分09秒東経142度17分01秒﻿ / ﻿北緯43.23583度 東経142.28361度﻿ /43.23583; 142.28361","1,726.14m","夕張山地","","","","","","","","","","","","","","",""
"夕張岳"," 夕張岳 （ゆうばりだけ）は、 北海道 の中央部を南北に走る 夕張山地 の南端に位置する 標高 1,668 m の 山 。 夕張市 と 空知郡 南富良野町 にまたがり、山域は北側の 芦別岳 と共に「 富良野芦別道立自然公園 」に指定されている  。","https://ja.wikipedia.org/wiki/夕張岳","日本二百名山","https://ja.wikipedia.org/wiki/日本二百名山","グループ形式","北緯43度05分59秒東経142度15分04秒","日本北海道夕張市・空知郡南富良野町","北緯43度05分59秒東経142度15分04秒﻿ / ﻿北緯43.09972度 東経142.25111度﻿ /43.09972; 142.25111座標:北緯43度05分59秒東経142度15分04秒﻿ / ﻿北緯43.09972度 東経142.25111度﻿ /43.09972; 142.25111","1,667.72m","夕張山地","","","","","","","","","","","","","","",""
"暑寒別岳"," 暑寒別岳 （しょかんべつだけ）とは、 北海道 空知総合振興局 西部と、 留萌振興局 東部の3郡4町にまたがる、標高1492mの山。","https://ja.wikipedia.org/wiki/暑寒別岳","日本二百名山","https://ja.wikipedia.org/wiki/日本二百名山","グループ形式","北緯43度43分0秒東経141度31分20秒","北海道増毛郡増毛町雨竜郡雨竜町・北竜町樺戸郡新十津川町","北緯43度43分0秒東経141度31分20秒﻿ / ﻿北緯43.71667度 東経141.52222度﻿ /43.71667; 141.52222","1,491.62m","増毛山地","","","","","","","","","","","","","","",""
"樽前山"," 樽前山 （たるまえさん、たるまえざん、たるまいさん、たるまいざん）は、 北海道 南西部にある 支笏湖 の南側、 苫小牧市 の北西部に位置する 活火山 。 標高 は最高点の樽前ドームで1,041m、 一等三角点 （点名「樽前岳」）の東山で1,022m、 三等三角点 （点名「樽前山」）の西山で994m。 支笏洞爺国立公園 に属する。 風不死岳 、 恵庭岳 とともに支笏三山の一つに数えられる。","https://ja.wikipedia.org/wiki/樽前山","日本二百名山","https://ja.wikipedia.org/wiki/日本二百名山","グループ形式","北緯42度41分26秒東経141度22分36秒","北海道苫小牧市・千歳市","北緯42度41分26秒東経141度22分36秒﻿ / ﻿北緯42.69056度 東経141.37667度﻿ /42.69056; 141.37667座標:北緯42度41分26秒東経141度22分36秒﻿ / ﻿北緯42.69056度 東経141.37667度﻿ /42.69056; 141.37667","1,041m","支笏カルデラ","火砕丘、溶岩ドーム(活火山ランクA)","","","","","","","","","","","","","",""
"北海道駒ヶ岳"," 北海道駒ヶ岳 （ほっかいどうこまがたけ）は、 北海道 森町 、 鹿部町 、 七飯町 にまたがる標高1,131 m の 活火山 （ 成層火山 ）である。 渡島国 ・ 渡島半島 の ランドマーク となっている。 蝦夷駒ヶ岳 （えぞこまがたけ）、 渡島駒ヶ岳 （おしまこまがたけ）とも呼ばれる。江戸時代の旧称は 内浦岳 。 富士山 型の紡錘状の山容から 谷元旦 が描いた絵画が 渡島富士 （おしまふじ）と呼ばれ、 郷土富士 となっている。「北海道」を冠するのは 全国に多数存在する同名の山 と区別するためであり、地元・北海道では単に 駒ヶ岳 と呼ばれる  。","https://ja.wikipedia.org/wiki/北海道駒ヶ岳","日本二百名山","https://ja.wikipedia.org/wiki/日本二百名山","グループ形式","北緯42度03分48秒東経140度40分38秒","日本北海道森町、鹿部町、七飯町","北緯42度03分48秒東経140度40分38秒﻿ / ﻿北緯42.06333度 東経140.67722度﻿ /42.06333; 140.67722座標:北緯42度03分48秒東経140度40分38秒﻿ / ﻿北緯42.06333度 東経140.67722度﻿ /42.06333; 140.67722","1,131m","独立峰","成層火山（活火山ランクA）","","","","","","","","","","","","","",""
"白神岳"," 白神岳 （しらかみだけ）は、 青森県 にある 山 。標高1,235m。一等 三角点 の標高は1,231.9m。 世界遺産 登録の 白神山地 にある。 日本二百名山 の一つである。","https://ja.wikipedia.org/wiki/白神岳","日本二百名山","https://ja.wikipedia.org/wiki/日本二百名山","グループ形式","北緯40度30分27秒東経140度01分06秒","日本青森県西津軽郡深浦町","北緯40度30分27秒東経140度01分06秒﻿ / ﻿北緯40.50750度 東経140.01833度﻿ /40.50750; 140.01833座標:北緯40度30分27秒東経140度01分06秒﻿ / ﻿北緯40.50750度 東経140.01833度﻿ /40.50750; 140.01833","1,235m","白神山地","","","","","","","","","","","","","","",""
"姫神山 (岩手県)"," 姫神山 （ひめかみさん）は、 岩手県 盛岡市 にある山である。独立峰でピラミッド型をした山容が特徴である。山頂には一等三角点がある。 日本二百名山 の一つである。","https://ja.wikipedia.org/wiki/姫神山_(岩手県)","日本二百名山","https://ja.wikipedia.org/wiki/日本二百名山","グループ形式","北緯39度50分39秒東経141度14分49秒","日本岩手県盛岡市","北緯39度50分39秒東経141度14分49秒﻿ / ﻿北緯39.84417度 東経141.24694度﻿ /39.84417; 141.24694座標:北緯39度50分39秒東経141度14分49秒﻿ / ﻿北緯39.84417度 東経141.24694度﻿ /39.84417; 141.24694","1,123.8m","北上山地","","","","","","","","","","","","","","",""
"秋田駒ヶ岳"," 秋田駒ヶ岳 （あきたこまがたけ）とは、 秋田県 仙北市 と 岩手県 岩手郡 雫石町 に跨る 活火山 である。 十和田八幡平国立公園 の南端。標高1,637m。全国に数多い 駒ヶ岳 のなかで最も 高山植物 の豊富な山としても知られる。 日本二百名山 の一つである。","https://ja.wikipedia.org/wiki/秋田駒ヶ岳","日本二百名山","https://ja.wikipedia.org/wiki/日本二百名山","グループ形式","北緯39度45分39.9774秒東経140度47分57.7149秒","日本秋田県仙北市岩手県岩手郡雫石町","北緯39度45分39.9774秒東経140度47分57.7149秒﻿ / ﻿北緯39.761104833度 東経140.799365250度﻿ /39.761104833; 140.799365250座標:北緯39度45分39.9774秒東経140度47分57.7149秒﻿ / ﻿北緯39.761104833度 東経140.799365250度﻿ /39.761104833; 140.799365250","1,637.4m","奥羽山脈","成層火山（活火山ランクB）","","1971年","","","","","","","","","","","",""
"和賀岳"," 和賀山塊 （わがさんかい）は、 秋田 ・ 岩手 県境にある 山塊 。 奥羽山脈 真昼山地 の一部。奥深い原生自然とブナ混生林、さらに巨樹・巨木の存在によって知られている。","https://ja.wikipedia.org/wiki/和賀岳","日本二百名山","https://ja.wikipedia.org/wiki/日本二百名山","グループ形式","北緯39度34分13.4583秒東経140度45分15.2599秒","秋田県・岩手県","北緯39度34分13.4583秒東経140度45分15.2599秒﻿ / ﻿北緯39.570405083度 東経140.754238861度﻿ /39.570405083; 140.754238861（和賀岳）","","","","","","和賀岳（1,439m）","40km","20km","","","","","","","","",""
"焼石岳"," 焼石岳 （やけいしだけ）とは、 岩手県 南西部、 奥州市 と 和賀郡 西和賀町 の境にある 火山 である。標高1,548メートル。 奥羽山脈 中部に属し、 牛形山 、 駒ヶ岳 などからなる焼石連峰の主峰で、 栗駒国定公園 の一部。 日本二百名山 の一つである。","https://ja.wikipedia.org/wiki/焼石岳","日本二百名山","https://ja.wikipedia.org/wiki/日本二百名山","グループ形式","北緯39度09分49秒東経140度49分44秒","日本岩手県奥州市・和賀郡西和賀町","北緯39度09分49秒東経140度49分44秒﻿ / ﻿北緯39.16361度 東経140.82889度﻿ /39.16361; 140.82889座標:北緯39度09分49秒東経140度49分44秒﻿ / ﻿北緯39.16361度 東経140.82889度﻿ /39.16361; 140.82889","1,547.7m","奥羽山脈","","","","","","","","","","","","","","",""
"栗駒山"," 栗駒山 （くりこまやま）は、山体が 宮城県 、 秋田県 、 岩手県 の三県にまたがる 山 である。 標高 は1,626m  。山頂部は 宮城県 と 岩手県 の境界になっている。 奥羽山脈 に属し、 焼石岳 や 神室山 とともに 栗駒国定公園 や栗駒山・栃ヶ森周辺森林生態系保護地域として指定されている。 二百名山 の一つ。","https://ja.wikipedia.org/wiki/栗駒山","日本二百名山","https://ja.wikipedia.org/wiki/日本二百名山","グループ形式","北緯38度57分39秒東経140度47分18秒","日本岩手県一関市宮城県栗原市秋田県湯沢市・雄勝郡東成瀬村","北緯38度57分39秒東経140度47分18秒﻿ / ﻿北緯38.96083度 東経140.78833度﻿ /38.96083; 140.78833座標:北緯38度57分39秒東経140度47分18秒﻿ / ﻿北緯38.96083度 東経140.78833度﻿ /38.96083; 140.78833","1,626m","奥羽山脈","成層火山(活火山ランクB)","","1944年11月20日（昭和湖）","","","","","","","","","","","",""
"神室山"," 神室山 （かむろさん）は 秋田県 湯沢市 と 山形県 新庄市 、 金山町 の県境･市境上にそびえる、神室連峰の主峰となる山である。","https://ja.wikipedia.org/wiki/神室山","日本二百名山","https://ja.wikipedia.org/wiki/日本二百名山","グループ形式","北緯38度54分8秒東経140度29分32.3秒","日本秋田県湯沢市・山形県新庄市・金山町","北緯38度54分8秒東経140度29分32.3秒﻿ / ﻿北緯38.90222度 東経140.492306度﻿ /38.90222; 140.492306座標:北緯38度54分8秒東経140度29分32.3秒﻿ / ﻿北緯38.90222度 東経140.492306度﻿ /38.90222; 140.492306","1365.2m","神室連峰","構造山地（花崗岩）","","","","","","","","","","","","","",""
"森吉山"," 森吉山 （もりよしざん）は、 秋田県 北秋田市 に位置する 標高 1,454.2mの古い 火山 である。高山帯では多くの 高山植物 が咲乱れるため「 花の百名山 （NHK選・山と溪谷社選）」に選ばれている。向岳（むかいだけ）、秋田山（あきたやま）ともいう。","https://ja.wikipedia.org/wiki/森吉山","日本二百名山","https://ja.wikipedia.org/wiki/日本二百名山","グループ形式","北緯39度58分40秒東経140度32分40秒","秋田県北秋田市","北緯39度58分40秒東経140度32分40秒﻿ / ﻿北緯39.97778度 東経140.54444度﻿ /39.97778; 140.54444座標:北緯39度58分40秒東経140度32分40秒﻿ / ﻿北緯39.97778度 東経140.54444度﻿ /39.97778; 140.54444","1,454.2m","独立峰","成層火山","","","","","","","","","","","","","",""
"以東岳"," 以東岳 （いとうだけ）は、 山形県 鶴岡市 と 新潟県 村上市 との境にある 標高 1,771.4mの山である。 日本二百名山 の一つ。","https://ja.wikipedia.org/wiki/以東岳","日本二百名山","https://ja.wikipedia.org/wiki/日本二百名山","グループ形式","北緯38度20分34秒東経139度50分56秒","日本山形県鶴岡市新潟県村上市","北緯38度20分34秒東経139度50分56秒﻿ / ﻿北緯38.34278度 東経139.84889度﻿ /38.34278; 139.84889座標:北緯38度20分34秒東経139度50分56秒﻿ / ﻿北緯38.34278度 東経139.84889度﻿ /38.34278; 139.84889","1,771.4m","朝日山地","","","","","","","","","","","","","","",""
"船形山"," 船形山 （ふながたやま）は、 宮城県 と 山形県 の 県境 にそびえる、 奥羽山脈 船形火山群 （ 英語版 ） の主峰となる 火山 である。別名は 御所山 （ごしょざん）。 日本二百名山 のひとつに数えられる。","https://ja.wikipedia.org/wiki/船形山","日本二百名山","https://ja.wikipedia.org/wiki/日本二百名山","グループ形式","北緯38度27分20秒東経140度37分12.3秒","日本宮城県・山形県","北緯38度27分20秒東経140度37分12.3秒﻿ / ﻿北緯38.45556度 東経140.620083度﻿ /38.45556; 140.620083﻿ (船形山（山頂を示す地図記号の位置）)座標:北緯38度27分20秒東経140度37分12.3秒﻿ / ﻿北緯38.45556度 東経140.620083度﻿ /38.45556; 140.620083﻿ (船形山（山頂を示す地図記号の位置）)","1500.34m","船形火山群","成層火山（玄武岩、安山岩）","","","","","","","","","","","","","",""
"朳差岳"," 朳差岳 （えぶりさしだけ）は、 新潟県 岩船郡 関川村 にある 飯豊山地 北部の山である。 標高 1,636.4m。 日本二百名山 の一つ。山頂付近では ニッコウキスゲ や マツムシソウ などの 高山植物 が見られる。","https://ja.wikipedia.org/wiki/朳差岳","日本二百名山","https://ja.wikipedia.org/wiki/日本二百名山","グループ形式","北緯37度56分33秒東経139度36分32秒","日本新潟県岩船郡関川村","北緯37度56分33秒東経139度36分32秒﻿ / ﻿北緯37.94250度 東経139.60889度﻿ /37.94250; 139.60889座標:北緯37度56分33秒東経139度36分32秒﻿ / ﻿北緯37.94250度 東経139.60889度﻿ /37.94250; 139.60889","1,636.4m","飯豊山地","","","","","","","","","","","","","","",""
"二王子岳"," 二王子岳 （にのうじだけ）は、 新潟県 新発田市 にある 山 。 越後山脈 の北部に位置し、 日本二百名山 の一つに数えられる。","https://ja.wikipedia.org/wiki/二王子岳","日本二百名山","https://ja.wikipedia.org/wiki/日本二百名山","グループ形式","北緯37度53分59秒東経139度29分57秒","新潟県新発田市","北緯37度53分59秒東経139度29分57秒﻿ / ﻿北緯37.89972度 東経139.49917度﻿ /37.89972; 139.49917","1,420.1m","飯豊山地","","","","","","","","","","","","","","",""
"御神楽岳"," 御神楽岳 （みかぐらだけ）は、 新潟県 東蒲原郡 阿賀町 の南東部にある 山 。標高は1,386.5m。","https://ja.wikipedia.org/wiki/御神楽岳","日本二百名山","https://ja.wikipedia.org/wiki/日本二百名山","グループ形式","北緯37度31分18.8秒東経139度25分33.1秒","新潟県東蒲原郡阿賀町","北緯37度31分18.8秒東経139度25分33.1秒﻿ / ﻿北緯37.521889度 東経139.425861度﻿ /37.521889; 139.425861","1,386.5m","越後山脈","","","","","","","","","","","","","","",""
"守門岳"," 守門岳 （すもんだけ）は、 新潟県 魚沼市 、 三条市 、 長岡市 にまたがる第四紀火山である。標高は袴岳の1537.2m。 日本二百名山 の一つでもある。","https://ja.wikipedia.org/wiki/守門岳","日本二百名山","https://ja.wikipedia.org/wiki/日本二百名山","グループ形式","北緯37度24分0秒東経139度8分0秒","新潟県魚沼市・三条市・長岡市","北緯37度24分0秒東経139度8分0秒﻿ / ﻿北緯37.40000度 東経139.13333度﻿ /37.40000; 139.13333座標:北緯37度24分0秒東経139度8分0秒﻿ / ﻿北緯37.40000度 東経139.13333度﻿ /37.40000; 139.13333","1,537.2m","越後山脈","成層火山","","","","","","","","","","","","","",""
"中ノ岳"," 中ノ岳 （なかのだけ）は、 新潟県 南魚沼市 と 魚沼市 にまたがる標高2,085 mの山。","https://ja.wikipedia.org/wiki/中ノ岳","日本二百名山","https://ja.wikipedia.org/wiki/日本二百名山","グループ形式","北緯37度05分07秒東経139度04分39秒","新潟県南魚沼市・魚沼市","北緯37度05分07秒東経139度04分39秒﻿ / ﻿北緯37.08528度 東経139.07750度﻿ /37.08528; 139.07750座標:北緯37度05分07秒東経139度04分39秒﻿ / ﻿北緯37.08528度 東経139.07750度﻿ /37.08528; 139.07750","2,085m","越後山脈","","","","","","","","","","","","","","",""
"八海山"," 八海山 （はっかいさん）は、 新潟県 南魚沼市 にある 岩峰 群である。最高峰は 標高 1,778mの 入道岳 であり、古くから 霊山 として崇められてきた。 越後駒ヶ岳 、 中ノ岳 とともに 越後三山 （魚沼三山）の1峰で、 日本200名山 のひとつ。","https://ja.wikipedia.org/wiki/八海山","日本二百名山","https://ja.wikipedia.org/wiki/日本二百名山","グループ形式","北緯37度06分14秒東経139度01分29秒","日本新潟県南魚沼市","北緯37度06分14秒東経139度01分29秒﻿ / ﻿北緯37.10389度 東経139.02472度﻿ /37.10389; 139.02472座標:北緯37度06分14秒東経139度01分29秒﻿ / ﻿北緯37.10389度 東経139.02472度﻿ /37.10389; 139.02472","1,778m","越後山脈","","","","","","","","","","","","","","",""
"荒沢岳"," 荒沢岳 （あらさわだけ）は 新潟県 魚沼市 にある 標高 1,969 m の 山 。 荒澤岳 とも表記する。また 銀山岳 と呼ばれていた時代もある。三角形の山頂部を中心に両翼を広げ、均整のとれた山容を見せており、 沢 には盛夏でも 雪渓 を残す。","https://ja.wikipedia.org/wiki/荒沢岳","日本二百名山","https://ja.wikipedia.org/wiki/日本二百名山","グループ形式","北緯37度06分01秒東経139度08分53秒","日本新潟県魚沼市","北緯37度06分01秒東経139度08分53秒﻿ / ﻿北緯37.10028度 東経139.14806度﻿ /37.10028; 139.14806座標:北緯37度06分01秒東経139度08分53秒﻿ / ﻿北緯37.10028度 東経139.14806度﻿ /37.10028; 139.14806","1,969m","","","","","","","","","","","","","","","",""
"佐武流山"," 佐武流山 （さぶりゅうやま、さぶるやま）は、 長野県 下水内郡 栄村 と 新潟県 南魚沼郡 湯沢町 との境にある山である。 標高 は2,191.5m。 日本二百名山 に選定されている。 苗場山 と 白砂山 を結ぶ稜線上にあり、そのどちらよりも高い。 志賀高原 の 岩菅山 と 尾瀬 の 至仏山 との間にある山としては最も高い山である。しかし、奥まった場所にあること、緩やかな頂稜をもつ目立たない山容の山であること、また登山道の整備もあまり進んでいないことなどから、知名度は低く、登山者は比較的少ない。","https://ja.wikipedia.org/wiki/佐武流山","日本二百名山","https://ja.wikipedia.org/wiki/日本二百名山","グループ形式","北緯36度46分19.9秒東経138度40分14.2秒","日本長野県下水内郡栄村新潟県南魚沼郡湯沢町","北緯36度46分19.9秒東経138度40分14.2秒﻿ / ﻿北緯36.772194度 東経138.670611度﻿ /36.772194; 138.670611座標:北緯36度46分19.9秒東経138度40分14.2秒﻿ / ﻿北緯36.772194度 東経138.670611度﻿ /36.772194; 138.670611","2,191.5m","上信越高原","","","","","","","","","","","","","","",""
"鳥甲山"," 鳥甲山 （とりかぶとやま）は、 長野県 下水内郡 栄村 にある山である。 標高 は2,037.6m。 ちょうこうさん と音読みする住民もいる。 日本二百名山 に選定されている。","https://ja.wikipedia.org/wiki/鳥甲山","日本二百名山","https://ja.wikipedia.org/wiki/日本二百名山","グループ形式","北緯36度50分21秒東経138度35分03秒","日本長野県下水内郡栄村","北緯36度50分21秒東経138度35分03秒﻿ / ﻿北緯36.83917度 東経138.58417度﻿ /36.83917; 138.58417座標:北緯36度50分21秒東経138度35分03秒﻿ / ﻿北緯36.83917度 東経138.58417度﻿ /36.83917; 138.58417","2,037.6m","上信越高原","成層火山","","","","","","","","","","","","","",""
"帝釈山"," 帝釈山 （たいしゃくさん）は 福島県 南会津郡 南会津町 、 檜枝岐村 、 栃木県 日光市 の境界にある標高2,060mの 山 。 日本二百名山 のひとつ。二等 三角点 設置。","https://ja.wikipedia.org/wiki/帝釈山","日本二百名山","https://ja.wikipedia.org/wiki/日本二百名山","グループ形式","北緯36度58分11.3秒東経139度27分35.9秒","日本福島県南会津郡南会津町・檜枝岐村栃木県日光市","北緯36度58分11.3秒東経139度27分35.9秒﻿ / ﻿北緯36.969806度 東経139.459972度﻿ /36.969806; 139.459972座標:北緯36度58分11.3秒東経139度27分35.9秒﻿ / ﻿北緯36.969806度 東経139.459972度﻿ /36.969806; 139.459972","2,059.6m","帝釈山脈","","","","","","","","","","","","","","",""
"会津朝日岳"," 会津朝日岳 （あいづあさひだけ）は、 福島県 南会津郡 只見町 の南部にある山である。 標高 1,624.2m。三等 三角点 「朝日岳」設置。 越後三山只見国定公園 に属する。","https://ja.wikipedia.org/wiki/会津朝日岳","日本二百名山","https://ja.wikipedia.org/wiki/日本二百名山","グループ形式","北緯37度13分16.1秒東経139度20分22.7秒","日本福島県南会津郡只見町","北緯37度13分16.1秒東経139度20分22.7秒﻿ / ﻿北緯37.221139度 東経139.339639度﻿ /37.221139; 139.339639座標:北緯37度13分16.1秒東経139度20分22.7秒﻿ / ﻿北緯37.221139度 東経139.339639度﻿ /37.221139; 139.339639","1,624.2m","","","","","","","","","","","","","","","",""
"女峰山"," 女峰山 （にょほうさん）は 日光市 の北側、 男体山 の北東約7km地点にある 標高 2,483mの 成層火山 である。 日光三山 のひとつ。 日本二百名山 のひとつ。","https://ja.wikipedia.org/wiki/女峰山","日本二百名山","https://ja.wikipedia.org/wiki/日本二百名山","グループ形式","北緯36度48分41秒東経139度32分11秒","日本栃木県日光市","北緯36度48分41秒東経139度32分11秒﻿ / ﻿北緯36.81139度 東経139.53639度﻿ /36.81139; 139.53639座標:北緯36度48分41秒東経139度32分11秒﻿ / ﻿北緯36.81139度 東経139.53639度﻿ /36.81139; 139.53639","2,483m","日光連山","成層火山","","","","","","","","","","","","","",""
"仙ノ倉山"," 仙ノ倉山 （せんのくらやま）は、 群馬県 利根郡 みなかみ町 と 新潟県 南魚沼郡 湯沢町 にまたがる 山 。谷川連峰に属する。 標高 2,026mで二等 三角点 が置かれている。ぐんま百名山  で、「ぐんま県境 稜線 トレイル」コースになっている  。","https://ja.wikipedia.org/wiki/仙ノ倉山","日本二百名山","https://ja.wikipedia.org/wiki/日本二百名山","グループ形式","北緯36度49分03秒東経138度50分22秒","日本群馬県利根郡みなかみ町新潟県南魚沼郡湯沢町","北緯36度49分03秒東経138度50分22秒﻿ / ﻿北緯36.81750度 東経138.83944度﻿ /36.81750; 138.83944座標:北緯36度49分03秒東経138度50分22秒﻿ / ﻿北緯36.81750度 東経138.83944度﻿ /36.81750; 138.83944","2,026.3m","三国山脈","","","","","","","","","","","","","","",""
"白砂山"," 白砂山 （しらすなやま）は、 長野県 ・ 新潟県 ・ 群馬県 の3県の境に位置する山である。 標高 は2,139.7m。 日本二百名山 および 越後百山 、 信州百名山 、 ぐんま百名山 に選定されている。","https://ja.wikipedia.org/wiki/白砂山","日本二百名山","https://ja.wikipedia.org/wiki/日本二百名山","グループ形式","北緯36度44分17秒東経138度41分36秒","日本長野県下水内郡栄村新潟県南魚沼郡湯沢町群馬県吾妻郡中之条町","北緯36度44分17秒東経138度41分36秒﻿ / ﻿北緯36.73806度 東経138.69333度﻿ /36.73806; 138.69333座標:北緯36度44分17秒東経138度41分36秒﻿ / ﻿北緯36.73806度 東経138.69333度﻿ /36.73806; 138.69333","2,139.7m","上信越高原","","","","","","","","","","","","","","",""
"岩菅山"," 岩菅山 （いわすげやま、いわすごやま）は、 長野県 下高井郡 山ノ内町 にある 山 である。 標高 2,295m。 日本二百名山 の一つ。昔は岩巣護山と綴っていた事から「いわすごやま」とも呼ばれている。","https://ja.wikipedia.org/wiki/岩菅山","日本二百名山","https://ja.wikipedia.org/wiki/日本二百名山","グループ形式","北緯36度44分31秒東経138度33分34秒","日本長野県下高井郡山ノ内町","北緯36度44分31秒東経138度33分34秒﻿ / ﻿北緯36.74194度 東経138.55944度﻿ /36.74194; 138.55944座標:北緯36度44分31秒東経138度33分34秒﻿ / ﻿北緯36.74194度 東経138.55944度﻿ /36.74194; 138.55944","2,295m","志賀高原","","","","","","","","","","","","","","",""
"浅間隠山"," 浅間隠山 （あさまかくしやま）は、 群馬県 吾妻郡 東吾妻町 と 長野原町 の境にある山。標高1,757m。","https://ja.wikipedia.org/wiki/浅間隠山","日本二百名山","https://ja.wikipedia.org/wiki/日本二百名山","グループ形式","北緯36度27分13秒東経138度39分09秒","日本群馬県吾妻郡東吾妻町・長野原町","北緯36度27分13秒東経138度39分09秒﻿ / ﻿北緯36.45361度 東経138.65250度﻿ /36.45361; 138.65250座標:北緯36度27分13秒東経138度39分09秒﻿ / ﻿北緯36.45361度 東経138.65250度﻿ /36.45361; 138.65250","1,757m","","","","","","","","","","","","","","","",""
"榛名山"," 榛名山 （はるなさん）は、 関東地方 の北部の 群馬県 にある 上毛三山 の一つであり、古来 山岳信仰 を受けてきた山である。山の南西麓に 榛名神社 が祀られている。","https://ja.wikipedia.org/wiki/榛名山","日本二百名山","https://ja.wikipedia.org/wiki/日本二百名山","グループ形式","北緯36度28分38秒東経138度51分02秒","日本群馬県高崎市","北緯36度28分38秒東経138度51分02秒﻿ / ﻿北緯36.47722度 東経138.85056度﻿ /36.47722; 138.85056座標:北緯36度28分38秒東経138度51分02秒﻿ / ﻿北緯36.47722度 東経138.85056度﻿ /36.47722; 138.85056","1,449m","独立峰","成層火山（活火山ランクB）","","","","","","","","","","","","","",""
"妙義山"," 妙義山 （みょうぎさん）は、 群馬県 甘楽郡 下仁田町 ・ 富岡市 ・ 安中市 の境界に位置する 日本三大奇景 の一つとされる 山 である。いくつものピークから成り、最高峰は表妙義稜線上の 相馬岳 (1,103.8m)で、また妙義山系全体の最高峰は裏妙義に聳える 谷急山 (1,162.1m)となっている。","https://ja.wikipedia.org/wiki/妙義山","日本二百名山","https://ja.wikipedia.org/wiki/日本二百名山","グループ形式","北緯36度17分55秒東経138度44分56秒","群馬県甘楽郡下仁田町・富岡市・安中市","北緯36度17分55秒東経138度44分56秒﻿ / ﻿北緯36.29861度 東経138.74889度﻿ /36.29861; 138.74889座標:北緯36度17分55秒東経138度44分56秒﻿ / ﻿北緯36.29861度 東経138.74889度﻿ /36.29861; 138.74889","1,103.8m","","","","","","","","","","","","","","","",""
"荒船山"," 荒船山 （あらふねやま）は 群馬県 甘楽郡 下仁田町 と 長野県 佐久市 に跨る標高1,423mの山である。 妙義荒船佐久高原国定公園 に属している。 日本二百名山 のひとつ。","https://ja.wikipedia.org/wiki/荒船山","日本二百名山","https://ja.wikipedia.org/wiki/日本二百名山","グループ形式","北緯36度12分14秒東経138度38分13秒","日本群馬県甘楽郡下仁田町長野県佐久市","北緯36度12分14秒東経138度38分13秒﻿ / ﻿北緯36.20389度 東経138.63694度﻿ /36.20389; 138.63694座標:北緯36度12分14秒東経138度38分13秒﻿ / ﻿北緯36.20389度 東経138.63694度﻿ /36.20389; 138.63694","1,423m","","メサ","","","","","","","","","","","","","",""
"御座山"," 御座山 （おぐらさん）は、 長野県 南佐久郡 北相木村 と 南相木村 とにまたがる山である。 標高 は2,112メートル。 東京都 ・ 埼玉県 ・ 群馬県 ・ 長野県 ・ 山梨県 にまたがり、 関東地方 と 中部地方 の境界をなす 関東山地 に属している。 日本二百名山 のひとつでもある。","https://ja.wikipedia.org/wiki/御座山","日本二百名山","https://ja.wikipedia.org/wiki/日本二百名山","グループ形式","北緯36度02分02.7秒東経138度36分24.5秒","日本長野県南佐久郡北相木村・南相木村","北緯36度02分02.7秒東経138度36分24.5秒﻿ / ﻿北緯36.034083度 東経138.606806度﻿ /36.034083; 138.606806座標:北緯36度02分02.7秒東経138度36分24.5秒﻿ / ﻿北緯36.034083度 東経138.606806度﻿ /36.034083; 138.606806","2,112m","関東山地","","","","","","","","","","","","","","",""
"武甲山"," 武甲山 （ぶこうざん・ぶこうさん）は、 埼玉県 秩父地方 の 秩父市 と 横瀬町 の境界に位置する山である。 秩父盆地 の南側にあり、 標高 は1,304 メートル  。 日本二百名山 の一つに数えられる。","https://ja.wikipedia.org/wiki/武甲山","日本二百名山","https://ja.wikipedia.org/wiki/日本二百名山","グループ形式","北緯35度57分06秒東経139度05分52秒","埼玉県秩父市、秩父郡横瀬町","北緯35度57分06秒東経139度05分52秒﻿ / ﻿北緯35.95167度 東経139.09778度﻿ /35.95167; 139.09778座標:北緯35度57分06秒東経139度05分52秒﻿ / ﻿北緯35.95167度 東経139.09778度﻿ /35.95167; 139.09778","1,304m","秩父山地","","","","","","","","","","","","","","",""
"和名倉山"," 和名倉山 （わなくらやま）は 埼玉県 秩父市 にある 標高 2,036 m の 山 で、 奥秩父 の山の一つ。別名 白石山 （しろいしやま）。 国土地理院 の 地形図 には白石山とあるが  、和名倉山が古くからの秩父側の呼称である。 日本二百名山 に選定されている  。","https://ja.wikipedia.org/wiki/和名倉山","日本二百名山","https://ja.wikipedia.org/wiki/日本二百名山","グループ形式","北緯35度53分57秒東経138度52分40秒","日本埼玉県秩父市","北緯35度53分57秒東経138度52分40秒﻿ / ﻿北緯35.89917度 東経138.87778度﻿ /35.89917; 138.87778座標:北緯35度53分57秒東経138度52分40秒﻿ / ﻿北緯35.89917度 東経138.87778度﻿ /35.89917; 138.87778","2,036.02m","奥秩父山塊","","","","","","","","","","","","","","",""
"茅ヶ岳"," 茅ヶ岳 （かやがたけ）は、 山梨県 にある 山 。 北杜市 と 甲斐市 に属する。","https://ja.wikipedia.org/wiki/茅ヶ岳","日本二百名山","https://ja.wikipedia.org/wiki/日本二百名山","グループ形式","北緯35度47分42.1秒東経138度30分49.6秒","山梨県北杜市、甲斐市","北緯35度47分42.1秒東経138度30分49.6秒﻿ / ﻿北緯35.795028度 東経138.513778度﻿ /35.795028; 138.513778","1,703.976m","奥秩父山塊","複成火山","","","","","","","","","","","","","",""
"乾徳山"," 乾徳山 （けんとくさん）は、 山梨県 山梨市 にある標高2,031mの 山 で、 奥秩父 の山域にある。","https://ja.wikipedia.org/wiki/乾徳山","日本二百名山","https://ja.wikipedia.org/wiki/日本二百名山","グループ形式","北緯35度49分23秒東経138度42分54秒","山梨県山梨市","北緯35度49分23秒東経138度42分54秒﻿ / ﻿北緯35.82306度 東経138.71500度﻿ /35.82306; 138.71500","2,031m","奥秩父山塊","","","","","","","","","","","","","","",""
"大岳山 (東京都)"," 大岳山 （おおだけさん、おおたけさん）は、 東京都 西多摩郡 檜原村 、 奥多摩町 の境界、 奥多摩 山域にある 標高 1,266.5 m の 山 。標高はさして高くないが、個性的な山容を備えた奥多摩の名峰である。 日本二百名山 及び 花の百名山 の一つに数えられる。多様な登山コースがあり、初心者から経験者まで幅広く楽しめる山である。","https://ja.wikipedia.org/wiki/大岳山_(東京都)","日本二百名山","https://ja.wikipedia.org/wiki/日本二百名山","グループ形式","北緯35度45分54秒東経139度07分49秒","東京都西多摩郡檜原村・奥多摩町","北緯35度45分54秒東経139度07分49秒﻿ / ﻿北緯35.76500度 東経139.13028度﻿ /35.76500; 139.13028座標:北緯35度45分54秒東経139度07分49秒﻿ / ﻿北緯35.76500度 東経139.13028度﻿ /35.76500; 139.13028","1,266.4m","奥多摩","","","","","","","","","","","","","","",""
"三つ峠"," 三つ峠 （みつとうげ）は、 山梨県 都留市 、 西桂町 、 富士河口湖町 の境界にある 標高 1,785mの 山 である。 峠 ではない。 三ッ峠山 と呼ばれることもある  。","https://ja.wikipedia.org/wiki/三つ峠","日本二百名山","https://ja.wikipedia.org/wiki/日本二百名山","グループ形式","北緯35度32分57秒東経138度48分33秒","山梨県都留市・南都留郡西桂町・富士河口湖町","北緯35度32分57秒東経138度48分33秒﻿ / ﻿北緯35.54917度 東経138.80917度﻿ /35.54917; 138.80917","1,785m","御坂山地","","","","","","","","","","","","","","",""
"御正体山"," 御正体山 （みしょうたいやま、-さん）は、 山梨県 都留市 と 南都留郡 道志村 の境にある山。標高は1,681m   で、 道志山塊 の 最高峰 である。 日本二百名山 、 山梨百名山 の一つに数えられている。","https://ja.wikipedia.org/wiki/御正体山","日本二百名山","https://ja.wikipedia.org/wiki/日本二百名山","グループ形式","北緯35度29分13秒東経138度55分54秒","山梨県都留市・南都留郡道志村","北緯35度29分13秒東経138度55分54秒﻿ / ﻿北緯35.48694度 東経138.93167度﻿ /35.48694; 138.93167座標:北緯35度29分13秒東経138度55分54秒﻿ / ﻿北緯35.48694度 東経138.93167度﻿ /35.48694; 138.93167","1,681m","道志山塊","","","","","","","","","","","","","","",""
"毛無山 (山梨県・静岡県)"," 毛無山 （けなしやま）は、 山梨県 南巨摩郡 身延町 （旧 西八代郡 下部町 ）と 静岡県 富士宮市 にまたがる 標高 1,964 m の 山 。 天子山地 の 最高峰 である。 日本二百名山  、 山梨百名山  及び 静岡百山  に選定されている。","https://ja.wikipedia.org/wiki/毛無山_(山梨県・静岡県)","日本二百名山","https://ja.wikipedia.org/wiki/日本二百名山","グループ形式","北緯35度24分57秒東経138度32分38秒","山梨県南巨摩郡身延町静岡県富士宮市","北緯35度24分57秒東経138度32分38秒﻿ / ﻿北緯35.41583度 東経138.54389度﻿ /35.41583; 138.54389","1,964m","天子山地","","","","","","","","","","","","","","",""
"愛鷹山"," 愛鷹山 （あしたかやま）は 静岡県 の東部にある 山 。 富士山 の南隣に位置する 火山 である。最高峰は標高1504.2mの 越前岳 。狭義には南方にある1,187.5mの愛鷹山峰を指す。愛鷹山塊や愛鷹連峰とも呼ばれることがある。 日本二百名山 の1つ。","https://ja.wikipedia.org/wiki/愛鷹山","日本二百名山","https://ja.wikipedia.org/wiki/日本二百名山","グループ形式","北緯35度13分0秒東経138度48分0秒","静岡県富士市・沼津市長泉町・裾野市","北緯35度13分0秒東経138度48分0秒﻿ / ﻿北緯35.21667度 東経138.80000度﻿ /35.21667; 138.80000座標:北緯35度13分0秒東経138度48分0秒﻿ / ﻿北緯35.21667度 東経138.80000度﻿ /35.21667; 138.80000","越前岳: 1504.2m","独立峰","成層火山","","","","","","","","","","","","","",""
"天狗岳"," 天狗岳 （てんぐだけ）は、 長野県 茅野市 にある 八ヶ岳連峰 の山である。","https://ja.wikipedia.org/wiki/天狗岳","日本二百名山","https://ja.wikipedia.org/wiki/日本二百名山","グループ形式","北緯36度01分09秒東経138度21分20秒","日本長野県南佐久郡小海町・茅野市","北緯36度01分09秒東経138度21分20秒﻿ / ﻿北緯36.01917度 東経138.35556度﻿ /36.01917; 138.35556座標:北緯36度01分09秒東経138度21分20秒﻿ / ﻿北緯36.01917度 東経138.35556度﻿ /36.01917; 138.35556","2,646m","八ヶ岳連峰","","","","","","","","","","","","","","",""
"黒姫山 (長野県)"," 黒姫山 （くろひめやま）は、 長野県 上水内郡 信濃町 にある 標高 2,053 m の 成層火山 。南東方向より見た整った姿から 郷土富士 として 信濃富士 とも呼ばれている。","https://ja.wikipedia.org/wiki/黒姫山_(長野県)","日本二百名山","https://ja.wikipedia.org/wiki/日本二百名山","グループ形式","北緯36度48分48秒東経138度7分38秒","日本長野県上水内郡信濃町","北緯36度48分48秒東経138度7分38秒﻿ / ﻿北緯36.81333度 東経138.12722度﻿ /36.81333; 138.12722座標:北緯36度48分48秒東経138度7分38秒﻿ / ﻿北緯36.81333度 東経138.12722度﻿ /36.81333; 138.12722","2,053m","妙高火山群（西頸城山地）","成層火山","","","","","","","","","","","","","",""
"戸隠山"," 戸隠山 （とがくしやま）は、 長野県 長野市 にある山。 戸隠連峰 の一峰で、 標高 は1,904m。400万年前から270万年前頃の 新第三紀 の 海底火山 由来の 火成岩 が、山体を作っていると考えられる  。","https://ja.wikipedia.org/wiki/戸隠山","日本二百名山","https://ja.wikipedia.org/wiki/日本二百名山","グループ形式","北緯36度46分13秒東経138度03分18秒","日本長野県長野市","北緯36度46分13秒東経138度03分18秒﻿ / ﻿北緯36.77028度 東経138.05500度﻿ /36.77028; 138.05500座標:北緯36度46分13秒東経138度03分18秒﻿ / ﻿北緯36.77028度 東経138.05500度﻿ /36.77028; 138.05500","1,904m","戸隠連峰","","","","","","","","","","","","","","",""
"飯縄山"," 飯縄山 （いいづなやま、飯綱山  ）は、 長野県 北部（ 北信地方 ）、 長野市 ・ 上水内郡 信濃町 ・ 飯綱町 にまたがる 山 。標高1,917メートル。飯縄山と、その支峰・ 霊仙寺山 （れいせんじやま、1875.0m）、 瑪瑙山 （めのうやま、1748m）などからなる連山全体を 飯縄山 と呼ぶこともある。 戸隠山 、 黒姫山 、 妙高山 、 斑尾山 とともに、 北信五岳 のひとつに数えられる。","https://ja.wikipedia.org/wiki/飯縄山","日本二百名山","https://ja.wikipedia.org/wiki/日本二百名山","グループ形式","北緯36度44分22秒東経138度08分01秒","日本長野県長野市上水内郡飯綱町・信濃町","北緯36度44分22秒東経138度08分01秒﻿ / ﻿北緯36.73944度 東経138.13361度﻿ /36.73944; 138.13361座標:北緯36度44分22秒東経138度08分01秒﻿ / ﻿北緯36.73944度 東経138.13361度﻿ /36.73944; 138.13361","1,917m","","成層火山","","","","","","","","","","","","","",""
"雪倉岳"," 雪倉岳 （ゆきくらだけ）は、 飛騨山脈 （北アルプス） 後立山連峰 にある 標高 2,611 m の 山 。 日本二百名山 の一つ  。 富山県 と 新潟県 にまたがり、山域は 中部山岳国立公園 に指定されている  。","https://ja.wikipedia.org/wiki/雪倉岳","日本二百名山","https://ja.wikipedia.org/wiki/日本二百名山","グループ形式","北緯36度47分41秒東経137度45分15秒","日本新潟県糸魚川市富山県下新川郡朝日町","北緯36度47分41秒東経137度45分15秒﻿ / ﻿北緯36.79472度 東経137.75417度﻿ /36.79472; 137.75417座標:北緯36度47分41秒東経137度45分15秒﻿ / ﻿北緯36.79472度 東経137.75417度﻿ /36.79472; 137.75417","2,610.87m","飛騨山脈（後立山連峰）","","","","","","","","","","","","","","",""
"針ノ木岳"," 針ノ木岳 （はりのきだけ）は、 富山県 中新川郡 立山町 と 長野県 大町市 にまたがる 標高 2,821 m の 山 。 中部山岳国立公園 内にあり  、 後立山連峰 に属する。","https://ja.wikipedia.org/wiki/針ノ木岳","日本二百名山","https://ja.wikipedia.org/wiki/日本二百名山","グループ形式","北緯36度32分17秒東経137度41分04秒","日本富山県中新川郡立山町長野県大町市","北緯36度32分17秒東経137度41分04秒﻿ / ﻿北緯36.53806度 東経137.68444度﻿ /36.53806; 137.68444座標:北緯36度32分17秒東経137度41分04秒﻿ / ﻿北緯36.53806度 東経137.68444度﻿ /36.53806; 137.68444","2,820.60m","飛騨山脈（後立山連峰）","褶曲・隆起","","","","","","","","","","","","","",""
"烏帽子岳 (飛騨山脈)"," 烏帽子岳 （えぼしだけ）は、 長野県 大町市 と 富山県 富山市 にまたがる 飛騨山脈 中部に位置する 標高 2,628 m の 山 。山域は 中部山岳国立公園 に指定され  、 日本二百名山 に選定されている  。","https://ja.wikipedia.org/wiki/烏帽子岳_(飛騨山脈)","日本二百名山","https://ja.wikipedia.org/wiki/日本二百名山","グループ形式","北緯36度28分46秒東経137度39分03秒","長野県大町市,富山県富山市","北緯36度28分46秒東経137度39分03秒﻿ / ﻿北緯36.47944度 東経137.65083度﻿ /36.47944; 137.65083座標:北緯36度28分46秒東経137度39分03秒﻿ / ﻿北緯36.47944度 東経137.65083度﻿ /36.47944; 137.65083","2,628　m","飛騨山脈（北アルプス）","","","","","","","","","","","","","","",""
"赤牛岳"," 赤牛岳 （あかうしだけ）は、 飛騨山脈 中部にある 標高 2,864 m の 山 。山域は 1934年 （昭和9年） 12月4日 に 中部山岳国立公園 の特別保護地区に指定され  、 日本二百名山 に選定されている山である  。","https://ja.wikipedia.org/wiki/赤牛岳","日本二百名山","https://ja.wikipedia.org/wiki/日本二百名山","グループ形式","北緯36度27分42秒東経137度36分12秒","日本富山県富山市","北緯36度27分42秒東経137度36分12秒﻿ / ﻿北緯36.46167度 東経137.60333度﻿ /36.46167; 137.60333座標:北緯36度27分42秒東経137度36分12秒﻿ / ﻿北緯36.46167度 東経137.60333度﻿ /36.46167; 137.60333","2,864.23m","飛騨山脈（北アルプス）","","","","","","","","","","","","","","",""
"毛勝山"," 毛勝三山 （けかちさんざん）は、 富山県 魚津市 と 黒部市 の間にある山岳群である。 飛騨山脈 立山連峰 の北に連なり、毛勝山・釜谷山・猫又山で構成。この 三山  は、 片貝川 の 源流 でもある。登山道については後述。 高山植物 や ハイマツ などの植物も多い。山麓の 雪渓 の近くには、多くの 山菜 が自生している。","https://ja.wikipedia.org/wiki/毛勝山","日本二百名山","https://ja.wikipedia.org/wiki/日本二百名山","グループ形式","北緯36度42分04秒東経137度35分27秒","日本富山県魚津市、黒部市","北緯36度42分04秒東経137度35分27秒﻿ / ﻿北緯36.70111度 東経137.59083度﻿ /36.70111; 137.59083","2,414.52m","飛騨山脈（立山連峰）","","","","","","","","","","","","","","",""
"奥大日岳"," 奥大日岳 （おくだいにちだけ）は、 富山県 にある 山 。 飛騨山脈 立山連峰 から派生する 大日尾根 にある。標高2,611m。","https://ja.wikipedia.org/wiki/奥大日岳","日本二百名山","https://ja.wikipedia.org/wiki/日本二百名山","グループ形式","北緯36度35分54秒東経137度34分51秒","富山県中新川郡立山町、上市町","北緯36度35分54秒東経137度34分51秒﻿ / ﻿北緯36.59833度 東経137.58083度﻿ /36.59833; 137.58083","2,611m","飛騨山脈（大日連峰）","","","","","","","","","","","","","","",""
"有明山 (安曇野市・松川村)"," 有明山 （ありあけやま、ありあけざん）は、 飛騨山脈 （北アルプス）にある 標高 2,268 m の 山 。 常念山脈 の前衛に位置し、山体すべてが 長野県 に属する。","https://ja.wikipedia.org/wiki/有明山_(安曇野市・松川村)","日本二百名山","https://ja.wikipedia.org/wiki/日本二百名山","グループ形式","北緯36度23分28秒東経137度46分14秒","日本長野県安曇野市・北安曇郡松川村","北緯36度23分28秒東経137度46分14秒﻿ / ﻿北緯36.39111度 東経137.77056度﻿ /36.39111; 137.77056座標:北緯36度23分28秒東経137度46分14秒﻿ / ﻿北緯36.39111度 東経137.77056度﻿ /36.39111; 137.77056","2,268.34m","飛騨山脈（常念山脈）","隆起（花崗岩）","宥快（1721年に開山）","","","","","","","","","","","","",""
"餓鬼岳"," 餓鬼岳 （がきだけ）は、 飛騨山脈 （北アルプス）にある 標高 2,647 m の 山 。山体すべてが 長野県 に属し、 中部山岳国立公園 内にあり、 日本二百名山 に選定されている。","https://ja.wikipedia.org/wiki/餓鬼岳","日本二百名山","https://ja.wikipedia.org/wiki/日本二百名山","グループ形式","北緯36度26分50秒東経137度44分10秒","長野県大町市","北緯36度26分50秒東経137度44分10秒﻿ / ﻿北緯36.44722度 東経137.73611度﻿ /36.44722; 137.73611","2,647.19m","飛騨山脈（常念山脈）","","","","","","","","","","","","","","",""
"燕岳"," 燕岳 （つばくろだけ）は、 飛騨山脈 （北アルプス）にある 標高 2,763 m の 山 。山体すべてが 長野県 に属する。 日本二百名山  及び 新日本百名山  に選定されている。","https://ja.wikipedia.org/wiki/燕岳","日本二百名山","https://ja.wikipedia.org/wiki/日本二百名山","グループ形式","北緯36度24分24秒東経137度42分46秒","長野県大町市、安曇野市","北緯36度24分24秒東経137度42分46秒﻿ / ﻿北緯36.40667度 東経137.71278度﻿ /36.40667; 137.71278","2,762.85m","飛騨山脈（常念山脈）","","","","","","","","","","","","","","",""
"大天井岳"," 大天井岳 （おてんしょうだけ）は、 飛騨山脈 （北アルプス）にある 標高 2,922 m の 山 。 長野県 の 大町市 ・ 安曇野市 ・ 松本市 にまたがる 常念山脈 の最高峰。","https://ja.wikipedia.org/wiki/大天井岳","日本二百名山","https://ja.wikipedia.org/wiki/日本二百名山","グループ形式","北緯36度21分54秒東経137度42分04秒","日本長野県大町市・安曇野市・松本市","北緯36度21分54秒東経137度42分04秒﻿ / ﻿北緯36.36500度 東経137.70111度﻿ /36.36500; 137.70111座標:北緯36度21分54秒東経137度42分04秒﻿ / ﻿北緯36.36500度 東経137.70111度﻿ /36.36500; 137.70111","2,921.91m","飛騨山脈（常念山脈）","","","","","","","","","","","","","","",""
"霞沢岳"," 霞沢岳 （かすみざわだけ）は、 飛騨山脈 （北アルプス）南部に位置する 標高 は2,646 m の 山 。山体すべてが 長野県 松本市 に属する。","https://ja.wikipedia.org/wiki/霞沢岳","日本二百名山","https://ja.wikipedia.org/wiki/日本二百名山","グループ形式","北緯36度13分16秒東経137度38分26秒","長野県松本市","北緯36度13分16秒東経137度38分26秒﻿ / ﻿北緯36.22111度 東経137.64056度﻿ /36.22111; 137.64056座標:北緯36度13分16秒東経137度38分26秒﻿ / ﻿北緯36.22111度 東経137.64056度﻿ /36.22111; 137.64056","2,645.60m","飛騨山脈（常念山脈）","","","","","","","","","","","","","","",""
"鋸岳 (赤石山脈)"," 鋸岳 （のこぎりだけ）は 赤石山脈 （南アルプス）北端に位置する 標高 2,685 メートル の 山 。 日本二百名山 および 山梨百名山  に選定されている。山頂周辺は 南アルプス国立公園 の特別保護地区に指定されている  。","https://ja.wikipedia.org/wiki/鋸岳_(赤石山脈)","日本二百名山","https://ja.wikipedia.org/wiki/日本二百名山","グループ形式","北緯35度46分44秒東経138度12分36秒","日本長野県伊那市山梨県北杜市","北緯35度46分44秒東経138度12分36秒﻿ / ﻿北緯35.77889度 東経138.21000度﻿ /35.77889; 138.21000座標:北緯35度46分44秒東経138度12分36秒﻿ / ﻿北緯35.77889度 東経138.21000度﻿ /35.77889; 138.21000","2,685m","赤石山脈","","","","","","","","","","","","","","",""
"農鳥岳"," 農鳥岳 （のうとりだけ）は 南アルプス国立公園 内の 赤石山脈 （南アルプス）にある 標高 3,026 m の 山 である。山頂は 山梨県 と 静岡県 の県境にまたがる。 日本二百名山  、 新日本百名山  、及び 山梨百名山  に選定されている。","https://ja.wikipedia.org/wiki/農鳥岳","日本二百名山","https://ja.wikipedia.org/wiki/日本二百名山","グループ形式","北緯35度37分16秒東経138度14分13秒","山梨県南巨摩郡早川町静岡県静岡市葵区","北緯35度37分16秒東経138度14分13秒﻿ / ﻿北緯35.62111度 東経138.23694度﻿ /35.62111; 138.23694","3,025.9m","赤石山脈","","","","","","","","","","","","","","",""
"上河内岳"," 上河内岳 （かみこうちだけ）は、 静岡市 葵区 と 長野県 飯田市 の境界に位置する 標高 2,803 m の 山 である。 赤石山脈 南部の 南アルプス国立公園 内にあり  、 日本二百名山 に選定されている  。","https://ja.wikipedia.org/wiki/上河内岳","日本二百名山","https://ja.wikipedia.org/wiki/日本二百名山","グループ形式","北緯35度23分23秒東経138度09分10秒","静岡県静岡市葵区長野県飯田市","北緯35度23分23秒東経138度09分10秒﻿ / ﻿北緯35.38972度 東経138.15278度﻿ /35.38972; 138.15278座標:北緯35度23分23秒東経138度09分10秒﻿ / ﻿北緯35.38972度 東経138.15278度﻿ /35.38972; 138.15278","2803.36m","赤石山脈（南アルプス）","褶曲隆起","","","","","","","","","","","","","",""
"池口岳"," 池口岳 （いけぐちだけ）は、 長野県 と 静岡県 にまたがる 赤石山脈 南部にある 山 である。 標高 2,392m。 日本二百名山 のひとつ。","https://ja.wikipedia.org/wiki/池口岳","日本二百名山","https://ja.wikipedia.org/wiki/日本二百名山","グループ形式","北緯35度19分49秒東経138度2分18秒","日本長野県飯田市静岡県榛原郡川根本町","北緯35度19分49秒東経138度2分18秒﻿ / ﻿北緯35.33028度 東経138.03833度﻿ /35.33028; 138.03833座標:北緯35度19分49秒東経138度2分18秒﻿ / ﻿北緯35.33028度 東経138.03833度﻿ /35.33028; 138.03833","2,392m","南アルプス","","","","","","","","","","","","","","",""
"大無間山"," 大無間山 （だいむげんざん）は、 静岡県 の 赤石山脈 の深南部にある 標高 2,330 m の 山   。 日本二百名山 に選定されている  。","https://ja.wikipedia.org/wiki/大無間山","日本二百名山","https://ja.wikipedia.org/wiki/日本二百名山","グループ形式","北緯35度15分22秒東経138度9分42秒","静岡県静岡市葵区榛原郡川根本町","北緯35度15分22秒東経138度9分42秒﻿ / ﻿北緯35.25611度 東経138.16167度﻿ /35.25611; 138.16167座標:北緯35度15分22秒東経138度9分42秒﻿ / ﻿北緯35.25611度 東経138.16167度﻿ /35.25611; 138.16167","2330m","赤石山脈","","","","","","","","","","","","","","",""
"櫛形山 (山梨県)"," 櫛形山 （くしがたやま）は、 山梨県 の 赤石山脈 の「前衛峰」にあたる 山 。標高2,052m。 日本二百名山 のひとつに選定されている。","https://ja.wikipedia.org/wiki/櫛形山_(山梨県)","日本二百名山","https://ja.wikipedia.org/wiki/日本二百名山","グループ形式","北緯35度35分12秒東経138度22分9秒","山梨県南アルプス市南巨摩郡富士川町","北緯35度35分12秒東経138度22分9秒﻿ / ﻿北緯35.58667度 東経138.36917度﻿ /35.58667; 138.36917","2,052m","赤石山脈","","","","","","","","","","","","","","",""
"笊ヶ岳"," 笊ヶ岳 （ざるがたけ）は、 山梨県 と 静岡県 とにまたがる 赤石山脈 白峰南嶺 の 標高 2,629 m の 山 。 日本二百名山  及び 山梨百名山  に選定されている。","https://ja.wikipedia.org/wiki/笊ヶ岳","日本二百名山","https://ja.wikipedia.org/wiki/日本二百名山","グループ形式","北緯35度25分27秒東経138度15分34秒","山梨県南巨摩郡早川町静岡県静岡市葵区","北緯35度25分27秒東経138度15分34秒﻿ / ﻿北緯35.42417度 東経138.25944度﻿ /35.42417; 138.25944座標:北緯35度25分27秒東経138度15分34秒﻿ / ﻿北緯35.42417度 東経138.25944度﻿ /35.42417; 138.25944","2,628.96m","赤石山脈（白峰南嶺）","隆起","中村清太郎（1911年）","","","","","","","","","","","","",""
"七面山"," 七面山 （しちめんさん）は 山梨県 南巨摩郡 にある1,989mの 山 。 三角点 は1,982.4m  。 日本二百名山 の一つに選定されている。","https://ja.wikipedia.org/wiki/七面山","日本二百名山","https://ja.wikipedia.org/wiki/日本二百名山","グループ形式","北緯35度22分14秒東経138度21分2秒","日本山梨県南巨摩郡身延町・早川町","北緯35度22分14秒東経138度21分2秒﻿ / ﻿北緯35.37056度 東経138.35056度﻿ /35.37056; 138.35056座標:北緯35度22分14秒東経138度21分2秒﻿ / ﻿北緯35.37056度 東経138.35056度﻿ /35.37056; 138.35056","1,989m","身延山地","","","","","","","","","","","","","","",""
"小秀山"," 小秀山 （こひでやま）は、 御嶽山系 の 阿寺山地 にある 標高 1,982 m の 山 。山体は 岐阜県 中津川市 と 長野県 木曽郡 王滝村 にまたがる。山頂から北側に、 御嶽山 の大きな山容を望むことができ、「 日本二百名山 」  、「 ぎふ百山 」  および 信州百名山 に選定されている。","https://ja.wikipedia.org/wiki/小秀山","日本二百名山","https://ja.wikipedia.org/wiki/日本二百名山","グループ形式","北緯35度47分08秒東経137度23分49秒","日本岐阜県中津川市長野県木曽郡王滝村","北緯35度47分08秒東経137度23分49秒﻿ / ﻿北緯35.78556度 東経137.39694度﻿ /35.78556; 137.39694座標:北緯35度47分08秒東経137度23分49秒﻿ / ﻿北緯35.78556度 東経137.39694度﻿ /35.78556; 137.39694","1,981.68m","阿寺山地（御嶽山系）","","","","","","","","","","","","","","",""
"経ヶ岳 (長野県)"," 経ヶ岳 （きょうがたけ）は、 木曽山脈 （中央アルプス）の北端にある 標高 2,296 m の 山 である。山頂には 石仏 や 石塔 が祀られている。 “経”のつく山 では日本 最高峰 。  日本二百名山","https://ja.wikipedia.org/wiki/経ヶ岳_(長野県)","日本二百名山","https://ja.wikipedia.org/wiki/日本二百名山","グループ形式","北緯35度54分46秒東経137度51分46秒","長野県塩尻市上伊那郡辰野町、南箕輪村","北緯35度54分46秒東経137度51分46秒﻿ / ﻿北緯35.91278度 東経137.86278度﻿ /35.91278; 137.86278","2,296.25m","木曽山脈","","","","","","","","","","","","","","",""
"南駒ヶ岳"," 南駒ヶ岳 （みなみこまがたけ）は、 長野県 の 木曽山脈 にある 標高 2,841 m の 山 。 日本二百名山 に選定されている。","https://ja.wikipedia.org/wiki/南駒ヶ岳","日本二百名山","https://ja.wikipedia.org/wiki/日本二百名山","グループ形式","北緯35度42分05秒東経137度48分39秒","日本長野県上伊那郡飯島町木曽郡大桑村","北緯35度42分05秒東経137度48分39秒﻿ / ﻿北緯35.70139度 東経137.81083度﻿ /35.70139; 137.81083座標:北緯35度42分05秒東経137度48分39秒﻿ / ﻿北緯35.70139度 東経137.81083度﻿ /35.70139; 137.81083","2,841m","木曽山脈","","","","","","","","","","","","","","",""
"安平路山"," 安平路山 （あんぺいじやま）は、 長野県 飯田市 と 大桑村 にまたがる 木曽山脈 （中央アルプス）南部にある主稜線上の 標高 2,363 m の 山 。 日本二百名山 に選定されている。","https://ja.wikipedia.org/wiki/安平路山","日本二百名山","https://ja.wikipedia.org/wiki/日本二百名山","グループ形式","北緯35度37分50秒東経137度46分28秒","日本長野県飯田市、木曽郡大桑村","北緯35度37分50秒東経137度46分28秒﻿ / ﻿北緯35.63056度 東経137.77444度﻿ /35.63056; 137.77444座標:北緯35度37分50秒東経137度46分28秒﻿ / ﻿北緯35.63056度 東経137.77444度﻿ /35.63056; 137.77444","2,363.14m","木曽山脈","","","","","","","","","","","","","","",""
"金剛堂山"," 金剛堂山 （こんごうどうざん）は、 富山県 富山市 と 南砺市 にまたがる 標高 1,650 m の 山 。山頂部は富山県にあり、山域の南東面は 岐阜県 飛騨市 に位置する。 日本二百名山 の一つ。 白木水無県立自然公園 内にある。","https://ja.wikipedia.org/wiki/金剛堂山","日本二百名山","https://ja.wikipedia.org/wiki/日本二百名山","グループ形式","北緯36度22分44秒東経137度02分56秒","日本富山県富山市、南砺市岐阜県飛騨市","北緯36度22分44秒東経137度02分56秒﻿ / ﻿北緯36.37889度 東経137.04889度﻿ /36.37889; 137.04889座標:北緯36度22分44秒東経137度02分56秒﻿ / ﻿北緯36.37889度 東経137.04889度﻿ /36.37889; 137.04889","1,650m","飛騨高地","","","","","","","","","","","","","","",""
"笈ヶ岳"," 笈ヶ岳 （おいずるがたけ）は、 石川県 、 富山県 、 岐阜県 の3県にまたがる 標高 1,841 m 山 。 白山国立公園 内の 両白山地 の北側に位置し、 日本二百名山  に選定されている。","https://ja.wikipedia.org/wiki/笈ヶ岳","日本二百名山","https://ja.wikipedia.org/wiki/日本二百名山","グループ形式","北緯36度17分55秒東経136度47分32秒","富山県南砺市、石川県白山市、岐阜県大野郡白川村","北緯36度17分55秒東経136度47分32秒﻿ / ﻿北緯36.29861度 東経136.79222度﻿ /36.29861; 136.79222","1841.35m","両白山地","","1518年以前","","","","","","","","","","","","",""
"大日ヶ岳"," 大日ヶ岳 （だいにちがたけ）は、 白山国立公園 内  の 両白山地 南部に位置し、 岐阜県 高山市 と 郡上市 にまたがる 標高 1,709 m の 山 である。","https://ja.wikipedia.org/wiki/大日ヶ岳","日本二百名山","https://ja.wikipedia.org/wiki/日本二百名山","グループ形式","北緯36度00分05秒東経136度50分16秒","日本岐阜県郡上市、高山市","北緯36度00分05秒東経136度50分16秒﻿ / ﻿北緯36.00139度 東経136.83778度﻿ /36.00139; 136.83778座標:北緯36度00分05秒東経136度50分16秒﻿ / ﻿北緯36.00139度 東経136.83778度﻿ /36.00139; 136.83778","1708.87m","両白山地","","717年 (泰澄上人)","","","","","","","","","","","","",""
"位山"," 位山 （くらいやま）は、 飛騨高地 の中央に位置する 岐阜県 高山市 の 標高 1,529 m の 山 。 飛騨北部と南部の境界であり 宮川 と 飛騨川 の 分水界 である位山分水嶺の山。 飛騨一宮水無神社 の神体である  。 日本二百名山 のひとつであり  、山域は岐阜県の「位山舟山県立自然公園」に指定されている  。","https://ja.wikipedia.org/wiki/位山","日本二百名山","https://ja.wikipedia.org/wiki/日本二百名山","グループ形式","北緯36度02分18秒東経137度11分48秒","日本岐阜県高山市、下呂市","北緯36度02分18秒東経137度11分48秒﻿ / ﻿北緯36.03833度 東経137.19667度﻿ /36.03833; 137.19667","1,529.15m","飛騨高地","","","","","","","","","","","","","","",""
"能郷白山"," 能郷白山 （のうごうはくさん）は、 岐阜県 本巣市 、 揖斐郡 揖斐川町 と 福井県 大野市 にまたがり、 両白山地 に属する 標高 の1,617 m の 山 。越美山地の 最高峰 。","https://ja.wikipedia.org/wiki/能郷白山","日本二百名山","https://ja.wikipedia.org/wiki/日本二百名山","グループ形式","北緯35度45分45秒東経136度30分51秒","日本岐阜県本巣市、揖斐郡揖斐川町福井県大野市","北緯35度45分45秒東経136度30分51秒﻿ / ﻿北緯35.76250度 東経136.51417度﻿ /35.76250; 136.51417座標:北緯35度45分45秒東経136度30分51秒﻿ / ﻿北緯35.76250度 東経136.51417度﻿ /35.76250; 136.51417","1,617.33m","両白山地（越美山地）","","（718年泰澄上人が開山）","","","","","","","","","","","","",""
"御在所岳"," 御在所岳 （ございしょだけ）は、 三重県 三重郡 菰野町 と 滋賀県 東近江市 の境にある 標高 1,212 m の 山 で、 御在所山  とも呼ばれる。 鈴鹿国定公園 の中に位置し、 日本二百名山  、 関西百名山  及び 鈴鹿セブンマウンテン  に選定されている。","https://ja.wikipedia.org/wiki/御在所岳","日本二百名山","https://ja.wikipedia.org/wiki/日本二百名山","グループ形式","北緯35度01分14秒東経136度25分04秒","日本三重県三重郡菰野町滋賀県東近江市","北緯35度01分14秒東経136度25分04秒﻿ / ﻿北緯35.02056度 東経136.41778度﻿ /35.02056; 136.41778座標:北緯35度01分14秒東経136度25分04秒﻿ / ﻿北緯35.02056度 東経136.41778度﻿ /35.02056; 136.41778","1,212m","鈴鹿山脈","隆起（花崗岩）","","","","","","","","","","","","","",""
"釈迦ヶ岳 (奈良県)"," 釈迦ヶ岳 （しゃかがたけ）は、 奈良県 南部の 吉野郡 十津川村 と 下北山村 の境界にある 大峰山系 の 山 。 日本二百名山 に選定されている。 標高 は1,800 mで、 近畿地方 の最高峰である 八経ヶ岳 （八剣山）より南では代表的な山。","https://ja.wikipedia.org/wiki/釈迦ヶ岳_(奈良県)","日本二百名山","https://ja.wikipedia.org/wiki/日本二百名山","グループ形式","北緯34度06分52秒東経135度54分11秒","奈良県吉野郡十津川村、下北山村","北緯34度06分52秒東経135度54分11秒﻿ / ﻿北緯34.11444度 東経135.90306度﻿ /34.11444; 135.90306","1,800m","大峰山系","","","","","","","","","","","","","","",""
"伯母子岳"," 伯母子岳 （おばこだけ）は、 紀伊山地 西部に属する奥高野の 山 である。 日本二百名山 の一つに数えられる。","https://ja.wikipedia.org/wiki/伯母子岳","日本二百名山","https://ja.wikipedia.org/wiki/日本二百名山","グループ形式","北緯34度04分39秒東経135度39分03秒","奈良県野迫川村・十津川村","北緯34度04分39秒東経135度39分03秒﻿ / ﻿北緯34.07750度 東経135.65083度﻿ /34.07750; 135.65083","1,344m","紀伊山地","","","","","","","","","","","","","","",""
"金剛山 (金剛山地)"," 金剛山 （こんごうさん、こんごうざん）は、 奈良県 御所市 と 大阪府 南河内郡 千早赤阪村 との境目にある 山 。かつては 高間山・高天山 （たかまやま）や 葛城嶺 （かづらきのみね）といわれていた。 金剛山地 の主峰である。","https://ja.wikipedia.org/wiki/金剛山_(金剛山地)","日本二百名山","https://ja.wikipedia.org/wiki/日本二百名山","グループ形式","北緯34度25分10秒東経135度40分23秒","奈良県御所市大阪府南河内郡千早赤阪村","北緯34度25分10秒東経135度40分23秒﻿ / ﻿北緯34.41944度 東経135.67306度﻿ /34.41944; 135.67306座標:北緯34度25分10秒東経135度40分23秒﻿ / ﻿北緯34.41944度 東経135.67306度﻿ /34.41944; 135.67306","1,125m","金剛山地","","","","","","","","","","","","","","",""
"武奈ヶ岳"," 武奈ヶ岳 （ぶながたけ）は、 滋賀県 大津市 にある、標高1214.4mの 山 。滋賀県西部、湖西地方に位置する 比良山地 の最高峰である。 琵琶湖国定公園 の一部。 日本二百名山 、近畿百名山の一つ。","https://ja.wikipedia.org/wiki/武奈ヶ岳","日本二百名山","https://ja.wikipedia.org/wiki/日本二百名山","グループ形式","北緯35度15分52秒東経135度53分48秒","日本滋賀県大津市","北緯35度15分52秒東経135度53分48秒﻿ / ﻿北緯35.26444度 東経135.89667度﻿ /35.26444; 135.89667座標:北緯35度15分52秒東経135度53分48秒﻿ / ﻿北緯35.26444度 東経135.89667度﻿ /35.26444; 135.89667","1,214.4m","比良山地","隆起準平原","","","","","","","","","","","","","",""
"氷ノ山"," 氷ノ山 （ひょうのせん）は、 兵庫県 養父市 と 鳥取県 八頭郡 若桜町 との県境にある 標高 1,510 m の 山 である。 須賀ノ山 とも呼ばれる。 日本二百名山 や ふるさと兵庫50山 のひとつに選定されている。","https://ja.wikipedia.org/wiki/氷ノ山","日本二百名山","https://ja.wikipedia.org/wiki/日本二百名山","グループ形式","北緯35度21分14秒東経134度30分49秒","日本兵庫県養父市鳥取県八頭郡若桜町","北緯35度21分14秒東経134度30分49秒﻿ / ﻿北緯35.35389度 東経134.51361度﻿ /35.35389; 134.51361座標:北緯35度21分14秒東経134度30分49秒﻿ / ﻿北緯35.35389度 東経134.51361度﻿ /35.35389; 134.51361","1,509.6m","中国山地氷ノ山山系","","","","","","","","","","","","","","",""
"蒜山"," 蒜山 （ひるぜん）は、 岡山県 の 真庭市 北部、 鳥取県 の 倉吉市 南部および 日野郡 江府町 北東部に跨って位置する 火山 である。","https://ja.wikipedia.org/wiki/蒜山","日本二百名山","https://ja.wikipedia.org/wiki/日本二百名山","グループ形式","北緯35度19分30秒東経133度39分49秒","岡山県真庭市鳥取県倉吉市","北緯35度19分30秒東経133度39分49秒﻿ / ﻿北緯35.32500度 東経133.66361度﻿ /35.32500; 133.66361座標:北緯35度19分30秒東経133度39分49秒﻿ / ﻿北緯35.32500度 東経133.66361度﻿ /35.32500; 133.66361","1,202m","","成層火山","","","","","","","","","","","","","",""
"三瓶山"," 三瓶山 （さんべさん : Mt.sanbe）は、 島根県 のほぼ中央部、 大田市 と 飯石郡 飯南町 にまたがりそびえる 大山火山帯 に属する 火山 。 大山隠岐国立公園 の一部でもある。 2003年 （ 平成 15年）の 活火山 の定義見直しで活火山に指定された。","https://ja.wikipedia.org/wiki/三瓶山","日本二百名山","https://ja.wikipedia.org/wiki/日本二百名山","グループ形式","北緯35度07分55秒東経132度37分36秒","日本島根県大田市・飯南町","北緯35度07分55秒東経132度37分36秒﻿ / ﻿北緯35.13194度 東経132.62667度﻿ /35.13194; 132.62667座標:北緯35度07分55秒東経132度37分36秒﻿ / ﻿北緯35.13194度 東経132.62667度﻿ /35.13194; 132.62667","1,126m","独立峰","成層火山（活火山ランクC）","","","","","","","","","","","","","",""
"三嶺"," 三嶺 （みうね/さんれい）は、 高知県 と 徳島県 にまたがる 山 である。 標高 1,894 メートル   で、高知県の 最高峰 である。 日本二百名山 および 四国百名山 に選定されている。","https://ja.wikipedia.org/wiki/三嶺","日本二百名山","https://ja.wikipedia.org/wiki/日本二百名山","グループ形式","北緯33度50分22秒東経133度59分16秒","高知県香美市・徳島県三好市","北緯33度50分22秒東経133度59分16秒﻿ / ﻿北緯33.83944度 東経133.98778度﻿ /33.83944; 133.98778","1,894m","四国山地","","","","","","","","","","","","","","",""
"東赤石山"," 東赤石山 （ひがしあかいしやま）は、 四国 に位置する標高1,706mの 山 である。 愛媛県 四国中央市 （旧 宇摩郡 土居町 ）と 新居浜市 （旧宇摩郡 別子山村 ）の境界に位置する。","https://ja.wikipedia.org/wiki/東赤石山","日本二百名山","https://ja.wikipedia.org/wiki/日本二百名山","グループ形式","北緯33度52分30秒東経133度22分30秒","日本愛媛県四国中央市、新居浜市","北緯33度52分30秒東経133度22分30秒﻿ / ﻿北緯33.87500度 東経133.37500度﻿ /33.87500; 133.37500座標:北緯33度52分30秒東経133度22分30秒﻿ / ﻿北緯33.87500度 東経133.37500度﻿ /33.87500; 133.37500","1,706.0m","石鎚山脈東部 -法皇山脈","","","","","","","","","","","","","","",""
"笹ヶ峰"," 笹ヶ峰 （ささがみね）は、 四国山地 西部の 石鎚山脈 に属する 山 である。 日本二百名山 および 四国百名山 の一つに数えられる   。山名はなだらかな山頂部が一面の イブキザサ に覆われていることに由来する。","https://ja.wikipedia.org/wiki/笹ヶ峰","日本二百名山","https://ja.wikipedia.org/wiki/日本二百名山","グループ形式","北緯33度49分41秒東経133度16分28秒","愛媛県西条市・高知県いの町","北緯33度49分41秒東経133度16分28秒﻿ / ﻿北緯33.82806度 東経133.27444度﻿ /33.82806; 133.27444","1,859.47m","四国山地","","","","","","","","","","","","","","",""
"英彦山"," 英彦山 （ひこさん）は、 福岡県 田川郡 添田町 と 大分県 中津市 山国町 にまたがる 標高 1,199mの 山 である   。 耶馬日田英彦山国定公園 の一部をなす。 日本百景 ・ 日本二百名山 の一つ。また、 弥彦山 （ 新潟県 ）・ 雪彦山 （ 兵庫県 ）とともに 日本三彦山 に数えられる。国の 史跡 に指定されている  。","https://ja.wikipedia.org/wiki/英彦山","日本二百名山","https://ja.wikipedia.org/wiki/日本二百名山","グループ形式","北緯33度28分34秒東経130度55分34秒","日本大分県中津市福岡県田川郡添田町","北緯33度28分34秒東経130度55分34秒﻿ / ﻿北緯33.47611度 東経130.92611度﻿ /33.47611; 130.92611座標:北緯33度28分34秒東経130度55分34秒﻿ / ﻿北緯33.47611度 東経130.92611度﻿ /33.47611; 130.92611","1,199m","筑紫山地","","","","","","","","","","","","","","",""
"雲仙岳"," 雲仙岳 （うんぜんだけ）は、 長崎県 の 島原半島 中央部にそびえる 火山 である。半島西方の 橘湾 を中心とする 千々石カルデラ の外輪に位置する。広義では、 火山学 上の「雲仙火山」と同義で、最高峰の 平成新山 をはじめ、三岳（三峰）とも呼ばれる 普賢岳 ・ 国見岳 ・ 妙見岳 、五峰（五岳）とも呼ばれる 野岳 ・ 九千部岳 ・ 矢岳 ・ 高岩山・絹笠山 を含め、東の 眉山から 西の 猿葉山 まで、総計20以上の山々から構成される。雲仙岳の形の複雑さは、三岳五峰（三峰五岳）、八葉、二十四峰、三十六峰などさまざまな数字で表現されたが、観光上のキャッチフレーズとして「三峰五岳の雲仙岳」が多用されるようになった結果、狭義として八つの山（ときには三つの山）のみを指す用法も生まれた。歴史的には海上にそびえる山並み全体を指す名称である。行政区分では 島原市 、 南島原市 、 雲仙市 にまたがる。しばしば、旧最高峰の普賢岳（雲仙普賢岳）の名称と混同して用いられる。","https://ja.wikipedia.org/wiki/雲仙岳","日本二百名山","https://ja.wikipedia.org/wiki/日本二百名山","グループ形式","北緯32度45分41秒東経130度17分56秒","長崎県島原市、南島原市、雲仙市","北緯32度45分41秒東経130度17分56秒﻿ / ﻿北緯32.76139度 東経130.29889度﻿ /32.76139; 130.29889座標:北緯32度45分41秒東経130度17分56秒﻿ / ﻿北緯32.76139度 東経130.29889度﻿ /32.76139; 130.29889","1,483m","","成層火山・溶岩ドーム（活火山ランクA）","","","","","","","","","","","","","",""
"由布岳"," 由布岳 （ゆふだけ、油布嶽）は、 大分県 由布市 にある 標高 1,583メートルの 活火山 。山体が 阿蘇くじゅう国立公園 に指定されている。","https://ja.wikipedia.org/wiki/由布岳","日本二百名山","https://ja.wikipedia.org/wiki/日本二百名山","グループ形式","北緯33度16分56秒東経131度23分24秒","日本大分県由布市・別府市","北緯33度16分56秒東経131度23分24秒﻿ / ﻿北緯33.28222度 東経131.39000度﻿ /33.28222; 131.39000","1,583.3m","独立峰","成層火山（活火山ランクC）","","","","","","","","","","","","","",""
"大崩山"," 大崩山 （おおくえやま）は、 宮崎県 延岡市 北西部にあり 九州山地 に属する大崩山群の主峰である。","https://ja.wikipedia.org/wiki/大崩山","日本二百名山","https://ja.wikipedia.org/wiki/日本二百名山","グループ形式","北緯32度44分15秒東経131度30分47秒","日本宮崎県延岡市","北緯32度44分15秒東経131度30分47秒﻿ / ﻿北緯32.73750度 東経131.51306度﻿ /32.73750; 131.51306","1,643.3m","九州山地","変成岩、火成岩","","","","","","","","","","","","","",""
"市房山"," 市房山 （いちふさやま）は、 九州山地 の南部にある 日本 の 山 。 標高 は1,720.8m  。 熊本県 水上村 ・ 宮崎県 椎葉村 ・ 西米良村 にまたがる。","https://ja.wikipedia.org/wiki/市房山","日本二百名山","https://ja.wikipedia.org/wiki/日本二百名山","グループ形式","北緯32度18分42秒東経131度06分04秒","日本熊本県水上村・宮崎県椎葉村・西米良村","北緯32度18分42秒東経131度06分04秒﻿ / ﻿北緯32.31167度 東経131.10111度﻿ /32.31167; 131.10111座標:北緯32度18分42秒東経131度06分04秒﻿ / ﻿北緯32.31167度 東経131.10111度﻿ /32.31167; 131.10111","1,720.8m","九州山地","花崗岩","","","","","","","","","","","","","",""
"尾鈴山"," 尾鈴山 （おすずやま、御鈴山）は、 九州 南部に広がる 九州山地 の東部に位置する 山 であり、 宮崎県 都農町 と 木城町 にまたがる。","https://ja.wikipedia.org/wiki/尾鈴山","日本二百名山","https://ja.wikipedia.org/wiki/日本二百名山","グループ形式","北緯32度17分57秒東経131度25分34秒","日本宮崎県都農町・木城町","北緯32度17分57秒東経131度25分34秒﻿ / ﻿北緯32.29917度 東経131.42611度﻿ /32.29917; 131.42611座標:北緯32度17分57秒東経131度25分34秒﻿ / ﻿北緯32.29917度 東経131.42611度﻿ /32.29917; 131.42611","1,405.2m","九州山地","火成岩","","","","","","","","","","","","","",""
"高千穂峰"," 高千穂峰 （たかちほのみね）は、 宮崎県 と 鹿児島県 の県境に位置する 火山 。標高は1,574 m   で、 霧島 連峰の第二峰。 日本二百名山 の一つ。","https://ja.wikipedia.org/wiki/高千穂峰","日本二百名山","https://ja.wikipedia.org/wiki/日本二百名山","グループ形式","北緯31度53分11秒東経130度55分08秒","宮崎県・鹿児島県","北緯31度53分11秒東経130度55分08秒﻿ / ﻿北緯31.88639度 東経130.91889度﻿ /31.88639; 130.91889﻿ (高千穂峰)座標:北緯31度53分11秒東経130度55分08秒﻿ / ﻿北緯31.88639度 東経130.91889度﻿ /31.88639; 130.91889﻿ (高千穂峰)","1,573.36m","霧島山(霧島火山群)","成層火山","","","","","","","","","","","","","",""
"桜島"," 桜島 （さくらじま）は、 日本 の 九州 南部、 鹿児島県 の 鹿児島湾 （錦江湾）にある東西約12km、南北約10 km、周囲約55 km、面積約77km 2  の 火山 。かつては 島 であったが、 1914年 （ 大正 3年）の噴火により、 鹿児島市 の対岸の 大隅半島 と 陸続き になった         。","https://ja.wikipedia.org/wiki/桜島","日本二百名山","https://ja.wikipedia.org/wiki/日本二百名山","グループ形式","北緯31度35分19秒東経130度39分17秒","日本鹿児島県鹿児島市","北緯31度35分19秒東経130度39分17秒﻿ / ﻿北緯31.58861度 東経130.65472度﻿ /31.58861; 130.65472﻿ (桜島)座標:北緯31度35分19秒東経130度39分17秒﻿ / ﻿北緯31.58861度 東経130.65472度﻿ /31.58861; 130.65472﻿ (桜島)","1,117m","独立峰","成層火山（活火山ランクA）","","","","","","","","","","","","","",""
