﻿"タイトル","コメント","URL","親リストタイトル","親リストURL","一覧抽出方法","座標","所在地","面積","位置","アクセス","周囲長","最大水深","貯水量","成因","淡水・汽水","所在海域","最高標高","全長","駐車場","平均水深","水面の,標高","湖沼型","透明度","海岸線長"," • 合計"
"島武意海岸","[島武意海岸北海道積丹郡積丹町] 島武意海岸 （しまむいかいがん）は、 北海道 積丹町 出岬町にある 日本海 に面した 海岸 である。","https://ja.wikipedia.org/wiki/島武意海岸","日本の渚百選","https://ja.wikipedia.org/wiki/日本の渚百選","表形式","","","","","","","","","","","","","","","","","","","",""
"江ノ島海岸 (存在しないページ)","[江ノ島海岸島牧郡島牧村]","https://ja.wikipedia.org/w/index.php?title=江ノ島海岸&amp;action=edit&amp;redlink=1","日本の渚百選","https://ja.wikipedia.org/wiki/日本の渚百選","表形式","","","","","","","","","","","","","","","","","","","",""
"百人浜 (存在しないページ)","[百人浜・襟裳岬幌泉郡えりも町]","https://ja.wikipedia.org/w/index.php?title=百人浜&amp;action=edit&amp;redlink=1","日本の渚百選","https://ja.wikipedia.org/wiki/日本の渚百選","表形式","","","","","","","","","","","","","","","","","","","",""
"トド原","[トド原野付郡別海町] トドワラ は、 北海道 東部の 根室振興局 野付郡 別海町 の 野付半島 にある、立ち枯れた トドマツ 林の跡である。","https://ja.wikipedia.org/wiki/トド原","日本の渚百選","https://ja.wikipedia.org/wiki/日本の渚百選","表形式","","","","","","","","","","","","","","","","","","","",""
"イタンキ浜","[イタンキ浜室蘭市] イタンキ浜 （イタンキはま）は、 北海道 室蘭市 みゆき町にある 砂浜 及びその地名。 チキウ岬 の北東に位置し、 太平洋 に面して約1.7kmの砂浜 海岸 を形成している。 鳴き砂 があることで知られ、 日本の渚百選 に指定されている。","https://ja.wikipedia.org/wiki/イタンキ浜","日本の渚百選","https://ja.wikipedia.org/wiki/日本の渚百選","表形式","","","","","","","","","","","","","","","","","","","",""
"都道府県","[都道府県自治体] 都道府県 （とどうふけん）は、 日本 の 広域的地方公共団体 である「 都 」「 道 」「 府 」「 県 」の総称。","https://ja.wikipedia.org/wiki/都道府県","日本の渚百選","https://ja.wikipedia.org/wiki/日本の渚百選","表形式","","","","","","","","","","","","","","","","","","","",""
"岡崎海岸 (青森県) (存在しないページ)","[岡崎海岸青森県西津軽郡深浦町]","https://ja.wikipedia.org/w/index.php?title=岡崎海岸_(青森県)&amp;action=edit&amp;redlink=1","日本の渚百選","https://ja.wikipedia.org/wiki/日本の渚百選","表形式","","","","","","","","","","","","","","","","","","","",""
"椿山海岸 (存在しないページ)","[椿山海岸東津軽郡平内町]","https://ja.wikipedia.org/w/index.php?title=椿山海岸&amp;action=edit&amp;redlink=1","日本の渚百選","https://ja.wikipedia.org/wiki/日本の渚百選","表形式","","","","","","","","","","","","","","","","","","","",""
"大須賀海岸","[大須賀海岸八戸市] 大須賀海岸 （おおすかかいがん）は 青森県 八戸市 にある 海岸 。 三陸復興国立公園 の区域内にある。","https://ja.wikipedia.org/wiki/大須賀海岸","日本の渚百選","https://ja.wikipedia.org/wiki/日本の渚百選","表形式","","","","","","","","","","","","","","","","","","","",""
"高田松原","[高田松原岩手県陸前高田市] 高田松原 （たかたまつばら）は、 岩手県 陸前高田市 気仙町 の 太平洋 岸にある 松原 で、かつては約7万本が2キロメートルの 砂浜 に茂っていたが、 東日本大震災 （2011年）による 津波 で 奇跡の一本松 を残して倒壊した。その後、4万本を目指して 植樹 による再生が進められ  、2021年5月18日に完了した  。このうち600本は、震災前年に クリスマス の飾り物用に地元の女性が高田松原で拾い集めて保管していた 松ぼっくり を 森林総合研究所 材木育種センター 東北 育種場に寄託し、その種から育てた苗木が使われた  。","https://ja.wikipedia.org/wiki/高田松原","日本の渚百選","https://ja.wikipedia.org/wiki/日本の渚百選","表形式","","","","","","","","","","","","","","","","","","","",""
"浄土ヶ浜","[浄土ヶ浜宮古市] 浄土ヶ浜 （じょうどがはま）は、 岩手県 宮古市 にある 海岸 。国の 名勝 に指定されている。 三陸復興国立公園 に属し、 三陸 を代表する景勝地の1つである。","https://ja.wikipedia.org/wiki/浄土ヶ浜","日本の渚百選","https://ja.wikipedia.org/wiki/日本の渚百選","表形式","","","","","","","","","","","","","","","","","","","",""
"碁石海岸","[碁石海岸大船渡市] 碁石海岸 （ごいしかいがん）は、 岩手県 大船渡市 末崎半島にある  、 碁石 のような扁平な石（黒色の 泥岩 による円礫）を主体とする 海岸 、および、周辺の観光エリアの総称。 三陸復興国立公園 に属する。","https://ja.wikipedia.org/wiki/碁石海岸","日本の渚百選","https://ja.wikipedia.org/wiki/日本の渚百選","表形式","","","","","","","","","","","","","","","","","","","",""
"奥松島","[奥松島宮城県東松島市] 松島 （まつしま）は、 宮城県 の松島湾内外にある 諸島 のこと。または、それら諸島と湾周囲を囲む 松島丘陵 も含めた修景地区のことである。 日本三景 の1つに数えられている。2018年の観光入込客数は600万人  。","https://ja.wikipedia.org/wiki/奥松島","日本の渚百選","https://ja.wikipedia.org/wiki/日本の渚百選","表形式","","","","","","","","","","","","","","","","","","","",""
"大島 (宮城県気仙沼市)","[十八鳴浜気仙沼市] 大島 （おおしま）は、 日本 の 東北地方 の 三陸海岸 に位置する、 面積 8.50平方キロメートルの 島 。 行政 上は 宮城県 気仙沼市 に属する有人島の一つ。この島は通常「 大島 」と呼ばれるが、全国各地にある他の「 大島 」と区別するために「 気仙沼大島 」（けせんぬま おおしま）と呼ばれることもある  。","https://ja.wikipedia.org/wiki/大島_(宮城県気仙沼市)","日本の渚百選","https://ja.wikipedia.org/wiki/日本の渚百選","表形式","北緯38度51分42秒東経141度37分44秒","日本（宮城県）","8.50km²","","","","","","","","太平洋","235m","","","","","","","22km",""
"象潟海岸 (存在しないページ)","[象潟海岸秋田県にかほ市]","https://ja.wikipedia.org/w/index.php?title=象潟海岸&amp;action=edit&amp;redlink=1","日本の渚百選","https://ja.wikipedia.org/wiki/日本の渚百選","表形式","","","","","","","","","","","","","","","","","","","",""
"鵜ノ崎海岸 (存在しないページ)","[鵜ノ崎海岸男鹿市]","https://ja.wikipedia.org/w/index.php?title=鵜ノ崎海岸&amp;action=edit&amp;redlink=1","日本の渚百選","https://ja.wikipedia.org/wiki/日本の渚百選","表形式","","","","","","","","","","","","","","","","","","","",""
"荒崎","[荒崎山形県酒田市] 荒崎 、 荒埼 （あらさき）","https://ja.wikipedia.org/wiki/荒崎","日本の渚百選","https://ja.wikipedia.org/wiki/日本の渚百選","表形式","","","","","","","","","","","","","","","","","","","",""
"由良海岸 (山形県) (存在しないページ)","[由良海岸鶴岡市]","https://ja.wikipedia.org/w/index.php?title=由良海岸_(山形県)&amp;action=edit&amp;redlink=1","日本の渚百選","https://ja.wikipedia.org/wiki/日本の渚百選","表形式","","","","","","","","","","","","","","","","","","","",""
"薄磯海水浴場","[薄磯海岸福島県いわき市] 薄磯海水浴場 （うすいそかいすいよくじょう）は、 福島県 いわき市 平 薄磯にある 海水浴場 。 日本の渚百選 に選ばれている。","https://ja.wikipedia.org/wiki/薄磯海水浴場","日本の渚百選","https://ja.wikipedia.org/wiki/日本の渚百選","表形式","","","","","","","","","","","","","","","","","","","",""
"大洲海岸","[大洲海岸相馬市] 大洲海岸 （おおすかいがん）は、 福島県 相馬市 にある 海岸 、景勝地。 日本の渚百選 に選ばれている。","https://ja.wikipedia.org/wiki/大洲海岸","日本の渚百選","https://ja.wikipedia.org/wiki/日本の渚百選","表形式","","","","","","","","","","","","","","","","","","","",""
"都道府県","[都道府県自治体] 都道府県 （とどうふけん）は、 日本 の 広域的地方公共団体 である「 都 」「 道 」「 府 」「 県 」の総称。","https://ja.wikipedia.org/wiki/都道府県","日本の渚百選","https://ja.wikipedia.org/wiki/日本の渚百選","表形式","","","","","","","","","","","","","","","","","","","",""
"大洗海岸","[大洗海岸茨城県東茨城郡大洗町] 大洗海岸 （おおあらいかいがん）は、 茨城県 東茨城郡 大洗町 にある 海岸 、景勝地。大洗 県立自然公園 に含まれる。かつては潮湯治の場として 群馬県 出身の 詩人 の 山村暮鳥 が 結核 療養のために晩年を過ごした。 ひたちなか市 にある平磯海岸と同じく県内初の 海水浴場 である。","https://ja.wikipedia.org/wiki/大洗海岸","日本の渚百選","https://ja.wikipedia.org/wiki/日本の渚百選","表形式","","","","","","","","","","","","","","","","","","","",""
"五浦海岸","[五浦海岸北茨城市] 五浦海岸 （いづらかいがん  ）は、 茨城県 北茨城市 大津町五浦にある 海岸 、 景勝地 。 花園花貫県立自然公園 に属する。「 関東 の 松島 」の異名を持つ  。 岡倉天心旧宅・庭園及び大五浦・小五浦 の一部として 国 の 登録記念物 に登録されている  。","https://ja.wikipedia.org/wiki/五浦海岸","日本の渚百選","https://ja.wikipedia.org/wiki/日本の渚百選","表形式","","","","","","","","","","","","","","","","","","","",""
"高戸海岸","[高戸海岸高萩市] 高戸海岸 （たかどかいがん）は、 茨城県 高萩市 にある 海岸 。高萩市内の複数に分けられる海岸地域の1つであり、「高戸小浜海岸」ともよばれる。同海岸は茨城県立の海岸公園にも指定され、 日本の渚百選 にも選定されている。","https://ja.wikipedia.org/wiki/高戸海岸","日本の渚百選","https://ja.wikipedia.org/wiki/日本の渚百選","表形式","","","","","","","","","","","","","","","","","","","",""
"九十九里浜","[九十九里浜千葉県旭市、匝瑳市、山武市、山武郡横芝光町、九十九里町、大網白里市、長生郡白子町、長生村、一宮町] 九十九里浜 （くじゅうくりはま）は、 千葉県 東部の 刑部岬 から 太東崎 までに及ぶ 太平洋 沿岸に面する日本最大級の 砂浜海岸 。全域を 千葉県立九十九里自然公園 に指定されており、 日本の白砂青松100選 、 日本の渚百選 に選定されている    。海岸線を指す場合は 九十九里海岸 と呼ばれ、 オーストラリア の ゴールドコースト と類似した環境で行うビーチウォークに着目し、 九十九里コーストライン とも命名されている   。","https://ja.wikipedia.org/wiki/九十九里浜","日本の渚百選","https://ja.wikipedia.org/wiki/日本の渚百選","表形式","北緯35度35分56秒東経140度30分51秒","日本千葉県旭市、匝瑳市、山武市、大網白里市、いすみ市、横芝光町、九十九里町、白子町、一宮町、長生村","","","九十九里有料道路など","","","","","","","","約66 km","","","","","","",""
"鵜原海岸 (存在しないページ)","[鵜原・守谷海岸勝浦市]","https://ja.wikipedia.org/w/index.php?title=鵜原海岸&amp;action=edit&amp;redlink=1","日本の渚百選","https://ja.wikipedia.org/wiki/日本の渚百選","表形式","","","","","","","","","","","","","","","","","","","",""
"犬吠埼","[犬吠埼君ヶ浜海岸銚子市] 犬吠埼 （いぬぼうさき、 英 :Inubosaki）は、 関東平野 最東端に位置する 千葉県 銚子市 の 太平洋 に突出する 岬 。 水郷筑波国定公園 に含まれる 景勝地 。岬には 犬吠埼灯台 が屹立する。岬一帯の町名にも 犬吠埼 が使用されている。 郵便番号 は288-0012  。","https://ja.wikipedia.org/wiki/犬吠埼","日本の渚百選","https://ja.wikipedia.org/wiki/日本の渚百選","表形式","北緯35度25分東経140度31分","","","","","","","","","","","","","","","","","","",""
"前原海岸 (存在しないページ)","[前原・横渚海岸鴨川市]","https://ja.wikipedia.org/w/index.php?title=前原海岸&amp;action=edit&amp;redlink=1","日本の渚百選","https://ja.wikipedia.org/wiki/日本の渚百選","表形式","","","","","","","","","","","","","","","","","","","",""
"筆島","[筆島東京都大島町] 筆島 （ふでしま）は、 東京都 大島町 に属する小さな 無人島 。海に突き出た高さ30mほどの岩であり、その名のとおり 筆 先のような形をしている。 伊豆大島 の南東の海岸から、100mほどの沖に位置する。","https://ja.wikipedia.org/wiki/筆島","日本の渚百選","https://ja.wikipedia.org/wiki/日本の渚百選","表形式","北緯34度42分23秒東経139度26分43秒","日本（東京都）","","","","","","","","","太平洋（フィリピン海）","30m","","","","","","","",""
"葛西臨海公園","[葛西海浜公園東なぎさ・西なぎさ江戸川区] 葛西臨海公園 （かさいりんかいこうえん）は、 東京都 江戸川区 に所在する 東京湾 に面した 都立公園 である。沖合に隣接する 葛西海浜公園 についても、ここで述べる。","https://ja.wikipedia.org/wiki/葛西臨海公園","日本の渚百選","https://ja.wikipedia.org/wiki/日本の渚百選","表形式","北緯35度38分32秒東経139度51分37秒","東京都江戸川区","80.6ha","","京葉線葛西臨海公園駅下車","","","","","","","","","約2700台","","","","","",""
"照ヶ崎海岸 (存在しないページ)","[照ヶ崎海岸（こゆるぎの浜）神奈川県中郡大磯町]","https://ja.wikipedia.org/w/index.php?title=照ヶ崎海岸&amp;action=edit&amp;redlink=1","日本の渚百選","https://ja.wikipedia.org/wiki/日本の渚百選","表形式","","","","","","","","","","","","","","","","","","","",""
"葉山海岸 (存在しないページ)","[葉山海岸三浦郡葉山町]","https://ja.wikipedia.org/w/index.php?title=葉山海岸&amp;action=edit&amp;redlink=1","日本の渚百選","https://ja.wikipedia.org/wiki/日本の渚百選","表形式","","","","","","","","","","","","","","","","","","","",""
"七里ヶ浜","[七里ヶ浜海岸鎌倉市] 七里ヶ浜 （しちりがはま）は、 神奈川県 鎌倉市 南西部にある 相模湾 に面した2.9 km ほどの 浜 で、 稲村ヶ崎 と 小動岬 の間にある。 日本の渚百選 の一つで鎌倉市の 町名 でもある。現行行政地名は七里 ガ 浜一丁目及び二丁目並びに七里ガ浜東一丁目から七里ガ浜東五丁目。 住居表示 は実施済み区域だが、七里ガ浜東三丁目の一部のみ未実施区域  。 郵便番号 は七里ガ浜が248-0026  、七里ガ浜東が248-0025  。","https://ja.wikipedia.org/wiki/七里ヶ浜","日本の渚百選","https://ja.wikipedia.org/wiki/日本の渚百選","表形式","","","","","","","","","","","","","","","","","","","","0.39km2"
"都道府県","[都道府県自治体] 都道府県 （とどうふけん）は、 日本 の 広域的地方公共団体 である「 都 」「 道 」「 府 」「 県 」の総称。","https://ja.wikipedia.org/wiki/都道府県","日本の渚百選","https://ja.wikipedia.org/wiki/日本の渚百選","表形式","","","","","","","","","","","","","","","","","","","",""
"鯨波海岸 (存在しないページ)","[鯨波・青海川海岸新潟県柏崎市]","https://ja.wikipedia.org/w/index.php?title=鯨波海岸&amp;action=edit&amp;redlink=1","日本の渚百選","https://ja.wikipedia.org/wiki/日本の渚百選","表形式","","","","","","","","","","","","","","","","","","","",""
"外海府海岸","[尖閣湾佐渡市] この記事には 複数の問題があります 。 改善 や ノートページ での議論にご協力ください。","https://ja.wikipedia.org/wiki/外海府海岸","日本の渚百選","https://ja.wikipedia.org/wiki/日本の渚百選","表形式","","","","","","","","","","","","","","","","","","","",""
"雨晴海岸","[雨晴海岸・松田江の長浜富山県高岡市、氷見市] 座標 : .mw-parser-output .geo-default,.mw-parser-output .geo-dms,.mw-parser-output .geo-dec{display:inline}.mw-parser-output .geo-nondefault,.mw-parser-output .geo-multi-punct{display:none}.mw-parser-output .longitude,.mw-parser-output .latitude{white-space:nowrap} 北緯36度49分40.7秒 東経137度1分7.4秒 ﻿ / ﻿ 北緯36.827972度 東経137.018722度 ﻿ / 36.827972; 137.018722","https://ja.wikipedia.org/wiki/雨晴海岸","日本の渚百選","https://ja.wikipedia.org/wiki/日本の渚百選","表形式","","","","","","","","","","","","","","","","","","","",""
"宮崎・境海岸","[宮崎・境海岸下新川郡朝日町] 座標 : .mw-parser-output .geo-default,.mw-parser-output .geo-dms,.mw-parser-output .geo-dec{display:inline}.mw-parser-output .geo-nondefault,.mw-parser-output .geo-multi-punct{display:none}.mw-parser-output .longitude,.mw-parser-output .latitude{white-space:nowrap} 北緯36度58分30.1秒 東経137度35分28.7秒 ﻿ / ﻿ 北緯36.975028度 東経137.591306度 ﻿ / 36.975028; 137.591306","https://ja.wikipedia.org/wiki/宮崎・境海岸","日本の渚百選","https://ja.wikipedia.org/wiki/日本の渚百選","表形式","","","","","","","","","","","","","","","","","","","",""
"千里浜なぎさドライブウェイ","[千里浜なぎさドライブウェイ石川県羽咋市、羽咋郡宝達志水町] 千里浜なぎさドライブウェイ （ちりはまなぎさドライブウェイ）は、 石川県 羽咋郡 宝達志水町 今浜から同県 羽咋市 千里浜町に至る砂浜の延長約8 キロメートル (km) の観光道路であり、千里浜と今浜の一部と出浜の各 海水浴場 も兼ねている。","https://ja.wikipedia.org/wiki/千里浜なぎさドライブウェイ","日本の渚百選","https://ja.wikipedia.org/wiki/日本の渚百選","表形式","","","","","","","","","","","","","","","","","","","",""
"鉢が崎海岸 (存在しないページ)","[鉢が崎海岸珠洲市]","https://ja.wikipedia.org/w/index.php?title=鉢が崎海岸&amp;action=edit&amp;redlink=1","日本の渚百選","https://ja.wikipedia.org/wiki/日本の渚百選","表形式","","","","","","","","","","","","","","","","","","","",""
"小舞子海岸 (存在しないページ)","[小舞子海岸白山市]","https://ja.wikipedia.org/w/index.php?title=小舞子海岸&amp;action=edit&amp;redlink=1","日本の渚百選","https://ja.wikipedia.org/wiki/日本の渚百選","表形式","","","","","","","","","","","","","","","","","","","",""
"東尋坊","[越前松島東尋坊福井県坂井市] 東尋坊 （とうじんぼう）は、 福井県 坂井市 三国町 安島に位置する 崖 。 越前加賀海岸国定公園 の特別保護地区に指定されている  。","https://ja.wikipedia.org/wiki/東尋坊","日本の渚百選","https://ja.wikipedia.org/wiki/日本の渚百選","表形式","","","","","","","","","","","","","","","","","","","",""
"越前海岸","[越前海岸丹生郡越前町、福井市] 越前海岸 （えちぜんかいがん）は、 日本海 に面し、 福井県 敦賀市 杉津（ すいづ ）から 越前岬 を経て、 坂井市 三国町安島の 東尋坊 に至る 海岸 の総称。","https://ja.wikipedia.org/wiki/越前海岸","日本の渚百選","https://ja.wikipedia.org/wiki/日本の渚百選","表形式","","","","","","","","","","","","","","","","","","","",""
"若狭湾","[若狭小浜小浜市] 若狭湾 （わかさわん）は、 福井県 から 京都府 にかけての 海岸 地形を形成する 日本海 が深く入り込んでできた 湾 。福井県北部西端の 越前岬 と京都府北端の 経ヶ岬 を結ぶ直線、及び 本州 の海岸線によって囲んだ海域を指し、2,657 km² の面積を有する。日本海側では珍しい大規模な リアス式海岸 が特徴である。","https://ja.wikipedia.org/wiki/若狭湾","日本の渚百選","https://ja.wikipedia.org/wiki/日本の渚百選","表形式","","","","","","","","","","","","","","","","","","","",""
"山中湖","[山中湖夕焼けの渚山梨県南都留郡山中湖村] 山中湖 （やまなかこ）は、 山梨県 南都留郡 山中湖村 にある 淡水湖 。","https://ja.wikipedia.org/wiki/山中湖","日本の渚百選","https://ja.wikipedia.org/wiki/日本の渚百選","表形式","北緯35度25分0秒東経138度52分30秒","山梨県南都留郡山中湖村","6.57km2","北緯35度25分0秒東経138度52分30秒﻿ / ﻿北緯35.41667度 東経138.87500度﻿ /35.41667; 138.87500座標:北緯35度25分0秒東経138度52分30秒﻿ / ﻿北緯35.41667度 東経138.87500度﻿ /35.41667; 138.87500","","13.87km","13.3m","0.06392km3","堰止湖","淡水","","","","","- m","980.5m","-","8.0 m","",""
"河口湖","[河口湖留守が岩浜富士河口湖町] 河口湖 （かわぐちこ）は、 本州 の中部山梨県、 富士山 の近くに存在する、 富士五湖 の1つに数えられる 相模川 水系の 湖 である。 富士箱根伊豆国立公園 に指定されている。富士五湖の中で最も長い湖岸線を持ち、最も低い標高地点にある。面積は富士五湖では2番目の大きさで、最大水深は 精進湖 とほぼ同じで 14.6m の深さ。","https://ja.wikipedia.org/wiki/河口湖","日本の渚百選","https://ja.wikipedia.org/wiki/日本の渚百選","表形式","北緯35度31分4秒東経138度45分22秒","山梨県南都留郡富士河口湖町","5.48km2","北緯35度31分4秒東経138度45分22秒﻿ / ﻿北緯35.51778度 東経138.75611度﻿ /35.51778; 138.75611座標:北緯35度31分4秒東経138度45分22秒﻿ / ﻿北緯35.51778度 東経138.75611度﻿ /35.51778; 138.75611","","19.08km","14.6m","0.053km3","堰止湖","淡水","","","","","- m","833  m","-","7.0 m","",""
"諏訪湖","[諏訪湖ふれあい渚長野県諏訪市] 諏訪湖 （すわこ）は、 長野県 岡谷市 、 諏訪市 、 諏訪郡 下諏訪町 にまたがる  湖 。 河川法 では、 天竜川 （ 一級河川 ）水系の一部として扱われる。 湖沼水質保全特別措置法 指定湖沼。","https://ja.wikipedia.org/wiki/諏訪湖","日本の渚百選","https://ja.wikipedia.org/wiki/日本の渚百選","表形式","北緯36度02分57秒東経138度05分07秒","日本長野県","12.81km2","北緯36度02分57秒東経138度05分07秒﻿ / ﻿北緯36.04917度 東経138.08528度﻿ /36.04917; 138.08528座標:北緯36度02分57秒東経138度05分07秒﻿ / ﻿北緯36.04917度 東経138.08528度﻿ /36.04917; 138.08528","","15.9km","7.2m","0.063km3","構造湖（断層湖）","淡水","","","","","4.7 m","759  m","富栄養湖","1.3 m","",""
"弓ヶ浜 (静岡県) (存在しないページ)","[弓ヶ浜静岡県賀茂郡南伊豆町]","https://ja.wikipedia.org/w/index.php?title=弓ヶ浜_(静岡県)&amp;action=edit&amp;redlink=1","日本の渚百選","https://ja.wikipedia.org/wiki/日本の渚百選","表形式","","","","","","","","","","","","","","","","","","","",""
"牛臥海岸 (存在しないページ)","[牛臥・島郷・志下海岸沼津市]","https://ja.wikipedia.org/w/index.php?title=牛臥海岸&amp;action=edit&amp;redlink=1","日本の渚百選","https://ja.wikipedia.org/wiki/日本の渚百選","表形式","","","","","","","","","","","","","","","","","","","",""
"恋路ヶ浜 (田原市)","[恋路ヶ浜愛知県田原市] 恋路ヶ浜 （こいじがはま）は、 渥美半島 の先端、 伊良湖岬 から付近にある 日出の石門 までの、約1kmの 砂浜 である。 愛知県 の 田原市 にある。","https://ja.wikipedia.org/wiki/恋路ヶ浜_(田原市)","日本の渚百選","https://ja.wikipedia.org/wiki/日本の渚百選","表形式","","","","","","","","","","","","","","","","","","","",""
"千鳥ヶ浜 (愛知県)","[千鳥ヶ浜知多郡南知多町] 千鳥ヶ浜 （ちどりがはま）は、 知多半島 西側の 伊勢湾 に面した海岸・浜。 愛知県 知多郡 南知多町 大字内海にある。","https://ja.wikipedia.org/wiki/千鳥ヶ浜_(愛知県)","日本の渚百選","https://ja.wikipedia.org/wiki/日本の渚百選","表形式","","","","","","","","","","","","","","","","","","","",""
"都道府県","[都道府県自治体] 都道府県 （とどうふけん）は、 日本 の 広域的地方公共団体 である「 都 」「 道 」「 府 」「 県 」の総称。","https://ja.wikipedia.org/wiki/都道府県","日本の渚百選","https://ja.wikipedia.org/wiki/日本の渚百選","表形式","","","","","","","","","","","","","","","","","","","",""
"七里御浜","[七里御浜三重県熊野市] 七里御浜 （しちりみはま）は 三重県 熊野市 から 紀宝町 にかけて 熊野灘 に面した 浜 である。 日本の渚百選 、 日本の白砂青松百選 、 21世紀に残したい日本の自然百選 の一つ。 吉野熊野国立公園 の一部。また、 熊野古道伊勢路 の一部。","https://ja.wikipedia.org/wiki/七里御浜","日本の渚百選","https://ja.wikipedia.org/wiki/日本の渚百選","表形式","","","","","","","","","","","","","","","","","","","",""
"二見浦海岸","[二見浦海岸伊勢市] 二見浦 （ふたみがうら）は、 三重県 伊勢市 二見町 の今一色から立石崎に至る海岸。立石崎から神前岬までの海岸（神前海岸）もその一部とされることがある。","https://ja.wikipedia.org/wiki/二見浦海岸","日本の渚百選","https://ja.wikipedia.org/wiki/日本の渚百選","表形式","","","","","","","","","","","","","","","","","","","",""
"天橋立","[天橋立京都府宮津市] 天橋立 （あまのはしだて）は、 京都府 宮津市 の 宮津湾 と 内海 の 阿蘇海 を南北に隔てる全長3.6 キロメートル の湾口 砂州  。 日本三景 の一つであり    、 2013年 の観光入込客数は178万1900人と 京都市 を除いた京都府内の観光地で第1位である  。","https://ja.wikipedia.org/wiki/天橋立","日本の渚百選","https://ja.wikipedia.org/wiki/日本の渚百選","表形式","","","","","","","","","","","","","","","","","","","",""
"伊根漁港","[伊根湾舟屋群与謝郡伊根町] 伊根町の漁港一覧 （いねちょう の ぎょこういちらん）では、 京都府 与謝郡 伊根町 に所在する 漁港 について述べる。","https://ja.wikipedia.org/wiki/伊根漁港","日本の渚百選","https://ja.wikipedia.org/wiki/日本の渚百選","表形式","","","","","","","","","","","","","","","","","","","",""
"琴引浜","[琴引浜京丹後市] 白滝神社 （しらたきじんじゃ）は、 京丹後市 網野町 掛津に琴引浜を見下ろすように鎮座する神社である。名前の由来は神社の西の海に面したところにある白滝からきている  。祭神は 大物主命  。神は、 サザエ の殻に乗って漂着したと口伝が残る  。境内に7社、区内諸社に1社の神社をもつ   。","https://ja.wikipedia.org/wiki/琴引浜","日本の渚百選","https://ja.wikipedia.org/wiki/日本の渚百選","表形式","北緯35度42分05秒東経135度02分48秒","京都府京丹後市網野町掛津小字西山7番ノ1","","北緯35度42分05秒東経135度02分48秒﻿ / ﻿北緯35.70139度 東経135.04667度﻿ /35.70139; 135.04667","","","","","","","","","","","","","","","",""
"慶野松原","[慶野松原兵庫県南あわじ市] 慶野松原 （けいのまつばら）は、 淡路島 の西側、 播磨灘 に面した兵庫県 南あわじ市 松帆古津路から松帆慶野にある 松原 である  。国指定の 名勝 。","https://ja.wikipedia.org/wiki/慶野松原","日本の渚百選","https://ja.wikipedia.org/wiki/日本の渚百選","表形式","","","","","","","","","","","","","","","","","","","",""
"竹野浜","[竹野浜海岸豊岡市] 竹野浜 （たけのはま）は、 兵庫県 豊岡市 竹野町 竹野にある 白砂青松 の 砂浜 で、 日本海 に面する 竹野海岸 の 猫崎半島 の東に位置する。竹野浜を含む竹野海岸は 山陰海岸国立公園 および 山陰海岸ジオパーク に属する。","https://ja.wikipedia.org/wiki/竹野浜","日本の渚百選","https://ja.wikipedia.org/wiki/日本の渚百選","表形式","","","","","","","","","","","","","","","","","","","",""
"須磨海岸","[須磨海岸神戸市] 須磨海岸 （すまかいがん）は、 兵庫県 神戸市 須磨区 にある 海岸 、景勝地。","https://ja.wikipedia.org/wiki/須磨海岸","日本の渚百選","https://ja.wikipedia.org/wiki/日本の渚百選","表形式","","","","","","","","","","","","","","","","","","","",""
"白崎海岸","[白崎海岸和歌山県日高郡由良町] 白崎海岸 （しらさきかいがん）は、 和歌山県 日高郡 由良町 にある海岸。付近は 白崎海岸県立自然公園 に指定され、 日本の渚百選 に選定されている  。白い 石灰岩 で囲まれた 白崎海洋公園 を中心に ダイビング スポット、海水浴場が多数あり、黒島周辺や由良港は海釣りでも賑わう。毎年3月から7月頃には ウミネコ の大群が飛来する。 水仙 の群生地であり、10万株以上の水仙が植わっており、白と黄色の可憐な花と、甘い香りは冬の白崎海岸に美しい景観を与えている  。","https://ja.wikipedia.org/wiki/白崎海岸","日本の渚百選","https://ja.wikipedia.org/wiki/日本の渚百選","表形式","","","","","","","","","","","","","","","","","","","",""
"白良浜","[白良浜西牟婁郡白浜町] 白良浜 （しららはま）は、 和歌山県 西牟婁郡 白浜町 の鉛山湾沿岸に位置する 砂浜 である。 石英 の砂からなる白い浜辺と 白浜温泉 で知られる。 ハワイ ・ ワイキキビーチ の友好姉妹浜（Goodwill Beach City Relationship）である。","https://ja.wikipedia.org/wiki/白良浜","日本の渚百選","https://ja.wikipedia.org/wiki/日本の渚百選","表形式","","","","","","","","","","","","","","","","","","","",""
"都道府県","[都道府県自治体] 都道府県 （とどうふけん）は、 日本 の 広域的地方公共団体 である「 都 」「 道 」「 府 」「 県 」の総称。","https://ja.wikipedia.org/wiki/都道府県","日本の渚百選","https://ja.wikipedia.org/wiki/日本の渚百選","表形式","","","","","","","","","","","","","","","","","","","",""
"浦富海岸","[浦富海岸鳥取県岩美郡岩美町] 浦富海岸 （うらどめかいがん）は、 鳥取県 岩美郡 岩美町 にある約15キロメートルにわたる リアス式海岸 である。 但馬御火浦 の西に位置する。","https://ja.wikipedia.org/wiki/浦富海岸","日本の渚百選","https://ja.wikipedia.org/wiki/日本の渚百選","表形式","","","","","","","","","","","","","","","","","","","",""
"鳥取砂丘","[鳥取砂丘、白兎海岸鳥取市] 座標 : .mw-parser-output .geo-default,.mw-parser-output .geo-dms,.mw-parser-output .geo-dec{display:inline}.mw-parser-output .geo-nondefault,.mw-parser-output .geo-multi-punct{display:none}.mw-parser-output .longitude,.mw-parser-output .latitude{white-space:nowrap} 北緯35度32分33秒 東経134度13分49秒 ﻿ / ﻿ 北緯35.54250度 東経134.23028度 ﻿ / 35.54250; 134.23028","https://ja.wikipedia.org/wiki/鳥取砂丘","日本の渚百選","https://ja.wikipedia.org/wiki/日本の渚百選","表形式","","","","","","","","","","","","","","","","","","","",""
"弓ヶ浜半島","[弓ヶ浜海岸境港市、米子市] 弓ヶ浜半島 （ゆみがはまはんとう）は、 本州 の 日本海 側、 鳥取県 西端部に位置する 半島 である。 弓浜 （ きゅうひん ） 半島、 夜見ヶ浜 （ よみがはま ） 半島、 五里ヶ浜 （ ごりがはま ） 半島とも呼ばれる。","https://ja.wikipedia.org/wiki/弓ヶ浜半島","日本の渚百選","https://ja.wikipedia.org/wiki/日本の渚百選","表形式","","","","","","","","","","","","","","","","","","","",""
"稲佐の浜","[稲佐の浜島根県出雲市] 稲佐の浜 （いなさのはま）は、 島根県 出雲市 大社町にある 砂浜 。","https://ja.wikipedia.org/wiki/稲佐の浜","日本の渚百選","https://ja.wikipedia.org/wiki/日本の渚百選","表形式","","","","","","","","","","","","","","","","","","","",""
"琴ヶ浜","[琴ヶ浜大田市] 琴ヶ浜 （ことがはま）は 島根県 大田市 仁摩町（旧 邇摩郡 仁摩町 ）にある 砂浜 。 鳴き砂 （鳴り砂とも言う）で有名であり、 1996年 に 日本の音風景100選 と 日本の渚百選 に選ばれる。 延長1.6Km。","https://ja.wikipedia.org/wiki/琴ヶ浜","日本の渚百選","https://ja.wikipedia.org/wiki/日本の渚百選","表形式","","","","","","","","","","","","","","","","","","","",""
"渋川海岸","[渋川海岸岡山県玉野市] 渋川海岸 （しぶかわかいがん）は、 岡山県 玉野市 渋川に位置する 海岸 。 瀬戸内海国立公園 に属し、 環境省 による 快水浴場百選 をはじめ、 日本の渚百選 、 日本の白砂青松100選 に選定されている。","https://ja.wikipedia.org/wiki/渋川海岸","日本の渚百選","https://ja.wikipedia.org/wiki/日本の渚百選","表形式","","","","","","","","","","","","","","","","","","","",""
"沙美海岸","[沙美海岸倉敷市] 沙美海岸 （さみかいがん）は、 岡山県 倉敷市 玉島 黒崎（沙美西及び沙美東  ）に位置する 海浜公園 である。","https://ja.wikipedia.org/wiki/沙美海岸","日本の渚百選","https://ja.wikipedia.org/wiki/日本の渚百選","表形式","","","","","","","","","","","","","","","","","","","",""
"桂浜 (広島県) (存在しないページ)","[桂浜広島県呉市]","https://ja.wikipedia.org/w/index.php?title=桂浜_(広島県)&amp;action=edit&amp;redlink=1","日本の渚百選","https://ja.wikipedia.org/wiki/日本の渚百選","表形式","","","","","","","","","","","","","","","","","","","",""
"室積海岸","[室積・虹ヶ浜海岸山口県光市] 室積海岸 （むろづみかいがん）は、 山口県 光市 に位置する 海岸 で、 瀬戸内海国立公園 の指定地の一つである。 延長5kmに及ぶ海岸線に沿って クロマツ 林が広がる 海水浴場 としても知られる。市街地を挟んで西側には、同じく長い海岸線を持つ 虹ヶ浜海岸 が位置する。","https://ja.wikipedia.org/wiki/室積海岸","日本の渚百選","https://ja.wikipedia.org/wiki/日本の渚百選","表形式","","","","","","","","","","","","","","","","","","","",""
"青海島","[青海島長門市] 青海島 （おおみじま、おうみじま）は、 山口県 長門市 の北、 日本海 に浮かぶ 島 である。","https://ja.wikipedia.org/wiki/青海島","日本の渚百選","https://ja.wikipedia.org/wiki/日本の渚百選","表形式","北緯34度25分44.2秒東経131度13分19.8秒","日本山口県長門市","14km²","","","","","","","","日本海","319.9m","","","","","","","約40km",""
"都道府県","[都道府県自治体] 都道府県 （とどうふけん）は、 日本 の 広域的地方公共団体 である「 都 」「 道 」「 府 」「 県 」の総称。","https://ja.wikipedia.org/wiki/都道府県","日本の渚百選","https://ja.wikipedia.org/wiki/日本の渚百選","表形式","","","","","","","","","","","","","","","","","","","",""
"大浜海岸","[大浜海岸徳島県海部郡美波町] 大浜海岸 （おおはまかいがん）は、 徳島県 海部郡 美波町 日和佐浦に位置する延長約500 m の 砂浜 である。 日本の渚百選 ・ 四国のみずべ八十八カ所 選定。","https://ja.wikipedia.org/wiki/大浜海岸","日本の渚百選","https://ja.wikipedia.org/wiki/日本の渚百選","表形式","","徳島県海部郡美波町日和佐浦","","","JR牟岐線日和佐駅より車で約5分。","","","","","","","","500m","あり","","","","","",""
"北の脇海岸","[北の脇海岸阿南市] 北の脇海岸 （きたのわきかいがん）は、 徳島県 阿南市 中林町 にある 紀伊水道 に面した 海岸 である。 日本の渚百選 に選定。","https://ja.wikipedia.org/wiki/北の脇海岸","日本の渚百選","https://ja.wikipedia.org/wiki/日本の渚百選","表形式","","徳島県阿南市中林町-見能林町","","","JR牟岐線見能林駅より車で約3分。","","","","","","","","2km","100台（無料）200台（有料）","","","","","",""
"津田の松原","[津田の松原香川県さぬき市] 津田の松原 （つだのまつばら）","https://ja.wikipedia.org/wiki/津田の松原","日本の渚百選","https://ja.wikipedia.org/wiki/日本の渚百選","表形式","","","","","","","","","","","","","","","","","","","",""
"有明浜","[有明海岸観音寺市] 有明浜 （ありあけはま）、 有明海岸 （ありあけかいがん）は、 香川県 観音寺市 室本町、八幡町、有明町にかけての 瀬戸内海 に面した約2000 m に渡る 砂浜 。 日本の渚百選 に選ばれている。有明浜 海水浴場 があって夏場には多くの海水浴客で賑わい、 日本の水浴場55選 と 日本の水浴場88選 に選ばれている。また、県内でも有数の 海浜植物 の群生地があり、「有明浜の海浜植物群落」として観音寺市指定 天然記念物 に指定されている。琴弾公園山頂の展望台では銭型砂絵をはじめ、有明海岸を一望できる。","https://ja.wikipedia.org/wiki/有明浜","日本の渚百選","https://ja.wikipedia.org/wiki/日本の渚百選","表形式","","","","","","","","","","","","","","","","","","","",""
"満濃池","[満濃池仲多度郡まんのう町] 満濃池 （まんのういけ）は、 香川県 仲多度郡 まんのう町 にある 日本最大 の 灌漑 用の ため池 である。国の 名勝 に指定されている。","https://ja.wikipedia.org/wiki/満濃池","日本の渚百選","https://ja.wikipedia.org/wiki/日本の渚百選","表形式","北緯34度09分04秒東経133度52分24秒","日本香川県","1.421km2","北緯34度09分04秒東経133度52分24秒﻿ / ﻿北緯34.15111度 東経133.87333度﻿ /34.15111; 133.87333座標:北緯34度09分04秒東経133度52分24秒﻿ / ﻿北緯34.15111度 東経133.87333度﻿ /34.15111; 133.87333","","19.7km","30.14m","0.0154km3","灌漑用人造湖","淡水","","","","","","","","","",""
"桜井海岸 (存在しないページ)","[桜井海岸愛媛県今治市]","https://ja.wikipedia.org/w/index.php?title=桜井海岸&amp;action=edit&amp;redlink=1","日本の渚百選","https://ja.wikipedia.org/wiki/日本の渚百選","表形式","","","","","","","","","","","","","","","","","","","",""
"須ノ川海岸 (存在しないページ)","[須ノ川海岸南宇和郡愛南町]","https://ja.wikipedia.org/w/index.php?title=須ノ川海岸&amp;action=edit&amp;redlink=1","日本の渚百選","https://ja.wikipedia.org/wiki/日本の渚百選","表形式","","","","","","","","","","","","","","","","","","","",""
"桂浜","[桂浜公園高知県高知市] 桂浜 （かつらはま）は、 高知県 高知市 浦戸 に位置し 太平洋 に臨む 海岸 。 土佐 民謡 「 よさこい節 」にも詠われ、そして太平洋を望んで立つ 坂本龍馬 の銅像がある浜辺は、高知を代表する名所の一つとして知られる。","https://ja.wikipedia.org/wiki/桂浜","日本の渚百選","https://ja.wikipedia.org/wiki/日本の渚百選","表形式","","","","","","","","","","","","","","","","","","","",""
"入野海岸 (存在しないページ)","[入野海岸幡多郡黒潮町]","https://ja.wikipedia.org/w/index.php?title=入野海岸&amp;action=edit&amp;redlink=1","日本の渚百選","https://ja.wikipedia.org/wiki/日本の渚百選","表形式","","","","","","","","","","","","","","","","","","","",""
"室戸岬","[室戸岬室戸市] 室戸岬 （むろとざき、むろとみさき）は、 高知県 室戸市 に属し、 太平洋 （ フィリピン海 ）に面する 岬 。国の 名勝 （1928年指定）、および 室戸阿南海岸国定公園 に指定されている。 .mw-parser-output .geo-default,.mw-parser-output .geo-dms,.mw-parser-output .geo-dec{display:inline}.mw-parser-output .geo-nondefault,.mw-parser-output .geo-multi-punct{display:none}.mw-parser-output .longitude,.mw-parser-output .latitude{white-space:nowrap} 北緯33度14分34秒 東経134度10分35秒 ﻿ / ﻿ 北緯33.24278度 東経134.17639度 ﻿ / 33.24278; 134.17639 ﻿ ( 室戸岬 ) 座標 : 北緯33度14分34秒 東経134度10分35秒 ﻿ / ﻿ 北緯33.24278度 東経134.17639度 ﻿ / 33.24278; 134.17639 ﻿ ( 室戸岬 ) 。 波乗り ( サーフィン )の名所でもある。","https://ja.wikipedia.org/wiki/室戸岬","日本の渚百選","https://ja.wikipedia.org/wiki/日本の渚百選","表形式","","","","","","","","","","","","","","","","","","","",""
"二見ヶ浦 (福岡県)","[二見ヶ浦福岡県糸島市] 二見ヶ浦 （ふたみがうら）は 玄海国定公園 内に位置する  福岡県 糸島市 志摩桜井  の 海岸 である。 桜井二見ヶ浦 （さくらいふたみがうら）または 筑前二見ヶ浦 （ちくぜんふたみがうら）とも呼ばれる。","https://ja.wikipedia.org/wiki/二見ヶ浦_(福岡県)","日本の渚百選","https://ja.wikipedia.org/wiki/日本の渚百選","表形式","","","","","","","","","","","","","","","","","","","",""
"海の中道","[海の中道福岡市] 海の中道 （うみのなかみち）は、 福岡県 福岡市 東区 にある 志賀島 と 九州 本土とを繋ぐ 陸繋砂州 である。全長約8 キロメートル 、最大幅約2.5キロメートルの巨大な 砂州 で、この砂州の北は 玄界灘 、南は 博多湾 となっている。 うみなか とも略称される。福岡市内のリゾート地域として多くの施設を抱える。","https://ja.wikipedia.org/wiki/海の中道","日本の渚百選","https://ja.wikipedia.org/wiki/日本の渚百選","表形式","","","","","","","","","","","","","","","","","","","",""
"虹の松原","[虹の松原佐賀県唐津市] 虹の松原 （にじのまつばら）は、 佐賀県 唐津市 の 唐津湾 沿岸に広がる 松原 。","https://ja.wikipedia.org/wiki/虹の松原","日本の渚百選","https://ja.wikipedia.org/wiki/日本の渚百選","表形式","","","","","","","","","","","","","","","","","","","",""
"波戸岬","[波戸岬海岸] 波戸岬 （はどみさき）は、 佐賀県 唐津市 鎮西町 の 東松浦半島 最北端にある 岬 で、玄界灘（壱岐水道）に面する。 玄海国定公園 の一部。","https://ja.wikipedia.org/wiki/波戸岬","日本の渚百選","https://ja.wikipedia.org/wiki/日本の渚百選","表形式","","","","","","","","","","","","","","","","","","","",""
"高浜海水浴場 (存在しないページ)","[高浜海水浴場長崎県長崎市]","https://ja.wikipedia.org/w/index.php?title=高浜海水浴場&amp;action=edit&amp;redlink=1","日本の渚百選","https://ja.wikipedia.org/wiki/日本の渚百選","表形式","","","","","","","","","","","","","","","","","","","",""
"筒城浜 (存在しないページ)","[筒城浜壱岐市]","https://ja.wikipedia.org/w/index.php?title=筒城浜&amp;action=edit&amp;redlink=1","日本の渚百選","https://ja.wikipedia.org/wiki/日本の渚百選","表形式","","","","","","","","","","","","","","","","","","","",""
"三宇田浜 (存在しないページ)","[三宇田浜対馬市]","https://ja.wikipedia.org/w/index.php?title=三宇田浜&amp;action=edit&amp;redlink=1","日本の渚百選","https://ja.wikipedia.org/wiki/日本の渚百選","表形式","","","","","","","","","","","","","","","","","","","",""
"高浜","[高浜五島市] 高浜 、 高濱 、 髙浜 、 髙濱 （たかはま）","https://ja.wikipedia.org/wiki/高浜","日本の渚百選","https://ja.wikipedia.org/wiki/日本の渚百選","表形式","","","","","","","","","","","","","","","","","","","",""
"崎津集落","[キリシタンの里崎津熊本県天草市] 﨑津集落 （さきつしゅうらく）は 熊本県 天草市 河浦町﨑津一帯の総称で、 羊角湾 に面した 潜伏キリシタン の里として知られ、 文化財保護法 に基づき「天草市﨑津・今富の文化的景観」の名称で 重要文化的景観 として選定されている。 2016年 に 世界遺産 登録審査予定であった 長崎の教会群とキリスト教関連遺産 の構成資産であったが推薦は一時取り下げられ、改めて 2018年 の審査対象となり、 6月30日 に 長崎と天草地方の潜伏キリシタン関連遺産 として世界遺産登録が決定した   。","https://ja.wikipedia.org/wiki/崎津集落","日本の渚百選","https://ja.wikipedia.org/wiki/日本の渚百選","表形式","","","","","","","","","","","","","","","","","","","",""
"白鶴浜 (存在しないページ)","[白鶴浜・妙見ヶ浜]","https://ja.wikipedia.org/w/index.php?title=白鶴浜&amp;action=edit&amp;redlink=1","日本の渚百選","https://ja.wikipedia.org/wiki/日本の渚百選","表形式","","","","","","","","","","","","","","","","","","","",""
"有明海","[有明海・砂干潟宇土市] 有明海 （ありあけかい）は、 九州 北西部にある海。九州最大の 湾 で、 福岡県 ・ 佐賀県 ・ 長崎県 ・ 熊本県 にまたがり、南は 八代海 とつながっている。日本の湾の中でも干満の大きさ・流入河川の多さ・ 塩分濃度 の変化・濁った海域・日本最大の 干潟 ・独自の生物相などを特徴とする。","https://ja.wikipedia.org/wiki/有明海","日本の渚百選","https://ja.wikipedia.org/wiki/日本の渚百選","表形式","","","","","","","","","","","","","","","","","","","",""
"元猿海岸","[元猿海岸大分県佐伯市] 元猿海岸 （もとさるかいがん、もとざるかいがん）は、 大分県 佐伯市 蒲江の 元猿湾 にある海岸。 日豊海岸国定公園 の一部であり  、 日本の渚百選 に選定されている。","https://ja.wikipedia.org/wiki/元猿海岸","日本の渚百選","https://ja.wikipedia.org/wiki/日本の渚百選","表形式","","","","","","","","","","","","","","","","","","","",""
"黒ヶ浜","[黒ヶ浜大分市] 黒ヶ浜 （くろがはま）は、 大分県 大分市 佐賀関 の 佐賀関半島 先端の 関崎 にある 海岸 である。 日豊海岸国定公園 の一部であり、 日本の渚百選 に選定されている。","https://ja.wikipedia.org/wiki/黒ヶ浜","日本の渚百選","https://ja.wikipedia.org/wiki/日本の渚百選","表形式","","","","","","","","","","","","","","","","","","","",""
"日豊海岸","[日豊海岸・小倉ヶ浜宮崎県日向市] 日豊海岸 （にっぽうかいがん）は、 大分県 中・南部から 宮崎県 北部にかけての、 豊後水道 及び 日向灘 沿いの 海岸 の総称。","https://ja.wikipedia.org/wiki/日豊海岸","日本の渚百選","https://ja.wikipedia.org/wiki/日本の渚百選","表形式","","","","","","","","","","","","","","","","","","","",""
"日南海岸","[日南海岸宮崎市、串間市] 日南海岸国定公園 （にちなんかいがんこくていこうえん）は、 宮崎県 南部から 鹿児島県 志布志湾 西岸の 肝属川 河口までの海岸線を包括した 国定公園 。 1955年 6月1日 指定。","https://ja.wikipedia.org/wiki/日南海岸","日本の渚百選","https://ja.wikipedia.org/wiki/日本の渚百選","表形式","","","","","","","","","","","","","","","","","","","",""
"吹上浜","[吹上浜鹿児島県日置市] 吹上浜 （ふきあげはま）は、 鹿児島県 西部の いちき串木野市 ・ 日置市 ・ 南さつま市 にかけての 砂丘 海岸 。日本三大砂丘と呼ばれているほか、 日本の渚百選 にも選定されている。 薩摩半島 西岸に位置し 東シナ海 に面し、長さ約47kmの砂丘は日本一の長さ。吹上浜一帯は、 1953年 に 県立自然公園 に指定された。南部に 吹上浜海浜公園 があり、 1987年 からほぼ毎年「吹上浜砂の祭典」が開催されている。","https://ja.wikipedia.org/wiki/吹上浜","日本の渚百選","https://ja.wikipedia.org/wiki/日本の渚百選","表形式","","","","","","","","","","","","","","","","","","","",""
"大浜海浜公園","[大浜海浜公園奄美市] 大浜海浜公園 （おおはまかいひんこうえん）は、 鹿児島県 の奄美 大島 中部の 奄美市 に位置する 公園 。","https://ja.wikipedia.org/wiki/大浜海浜公園","日本の渚百選","https://ja.wikipedia.org/wiki/日本の渚百選","表形式","","","","","","","","","","","","","","","","","","","",""
"都道府県","[都道府県自治体] 都道府県 （とどうふけん）は、 日本 の 広域的地方公共団体 である「 都 」「 道 」「 府 」「 県 」の総称。","https://ja.wikipedia.org/wiki/都道府県","日本の渚百選","https://ja.wikipedia.org/wiki/日本の渚百選","表形式","","","","","","","","","","","","","","","","","","","",""
"二見ヶ浦海岸 (存在しないページ)","[二見ヶ浦海岸沖縄県島尻郡伊是名村]","https://ja.wikipedia.org/w/index.php?title=二見ヶ浦海岸&amp;action=edit&amp;redlink=1","日本の渚百選","https://ja.wikipedia.org/wiki/日本の渚百選","表形式","","","","","","","","","","","","","","","","","","","",""
"イーフビーチ (存在しないページ)","[イーフ久米島町]","https://ja.wikipedia.org/w/index.php?title=イーフビーチ&amp;action=edit&amp;redlink=1","日本の渚百選","https://ja.wikipedia.org/wiki/日本の渚百選","表形式","","","","","","","","","","","","","","","","","","","",""
"佐和田の浜","[佐和田の浜宮古島市] 佐和田の浜 （さわだのはま）は、 沖縄県 宮古島市 の 伊良部島 北西部から 下地島 北東部にかけての 海岸 。 日本の渚百選 に選定されている  。","https://ja.wikipedia.org/wiki/佐和田の浜","日本の渚百選","https://ja.wikipedia.org/wiki/日本の渚百選","表形式","","","","","","","","","","","","","","","","","","","",""
