﻿"タイトル","コメント","URL","親リストタイトル","親リストURL","一覧抽出方法","座標","位置","所在地","地図","城郭構造","築城主","築城年","遺構","指定文化財","廃城年","文化財","天守構造","主な城主","創建年","別名","主な改修者","山号","本尊","法人番号","再建造物"
"五稜郭","[五稜郭跡北海道地理院地図Googleマップ北緯41度47分50秒東経140度45分25秒﻿ / ﻿北緯41.7972度 東経140.7570度﻿ /41.7972; 140.7570﻿ (五稜郭跡)] 五稜郭 （ごりょうかく）は、 江戸時代 末期に 江戸幕府 が 蝦夷地 の 箱館 （現在の 北海道 函館市 ）郊外に築造した 稜堡式 の 城郭 である  。","https://ja.wikipedia.org/wiki/五稜郭","日本の特別史跡一覧","https://ja.wikipedia.org/wiki/日本の特別史跡一覧","表形式","北緯41度47分48.84秒東経140度45分25.06秒","北緯41度47分48.84秒東経140度45分25.06秒﻿ / ﻿北緯41.7969000度 東経140.7569611度﻿ /41.7969000; 140.7569611﻿ (五稜郭)座標:北緯41度47分48.84秒東経140度45分25.06秒﻿ / ﻿北緯41.7969000度 東経140.7569611度﻿ /41.7969000; 140.7569611﻿ (五稜郭)","","五稜郭","稜堡式","江戸幕府","1866年","土塁、石垣、堀、兵糧庫","特別史跡","1869年","","なし","なし","","亀田（御）役所土塁、柳野城","なし","","","","奉行所、板庫、土蔵"
"三内丸山遺跡","[三内丸山遺跡青森県地理院地図Googleマップ北緯40度48分41秒東経140度41分49秒﻿ / ﻿北緯40.8115度 東経140.6969度﻿ /40.8115; 140.6969﻿ (三内丸山遺跡)] 三内丸山遺跡 （さんないまるやまいせき）は、 青森県 青森市 大字三内字丸山にある、 縄文時代 前期中頃から中期末葉（約5900-4200年前  ）の大規模集落跡。 沖館川 右岸の 河岸段丘 上に立地する。 1997年 3月5日  、国の 特別史跡 に指定。遺跡には住居群、倉庫群のほか、シンボル的な3層の 掘立柱建物 が再現されており、資料や出土品の展示施設「 縄文時遊館 」もある  。青森県 教育庁 文化財保護課三内丸山遺跡保存活用推進室が 発掘調査 を行っている。","https://ja.wikipedia.org/wiki/三内丸山遺跡","日本の特別史跡一覧","https://ja.wikipedia.org/wiki/日本の特別史跡一覧","表形式","北緯40度48分41秒東経140度41分48秒","","青森県青森市大字三内字丸山","","","","","","","","","","","","","","","","",""
"中尊寺","[中尊寺境内岩手県地理院地図Googleマップ北緯38度59分56秒東経141度06分03秒﻿ / ﻿北緯38.9989度 東経141.1009度﻿ /38.9989; 141.1009﻿ (中尊寺境内)] 中尊寺 （ちゅうそんじ）は、 岩手県 西磐井郡 平泉町 にある 天台宗 東北大本山の寺院。 奥州三十三観音 番外札所。山号は関山（かんざん）、本尊は 釈迦如来  。寺伝では 円仁 の 開山 とされる。実質的な 開基 は 藤原清衡 。","https://ja.wikipedia.org/wiki/中尊寺","日本の特別史跡一覧","https://ja.wikipedia.org/wiki/日本の特別史跡一覧","表形式","北緯39度0分5.5秒東経141度6分9.8秒","北緯39度0分5.5秒東経141度6分9.8秒﻿ / ﻿北緯39.001528度 東経141.102722度﻿ /39.001528; 141.102722座標:北緯39度0分5.5秒東経141度6分9.8秒﻿ / ﻿北緯39.001528度 東経141.102722度﻿ /39.001528; 141.102722","岩手県西磐井郡平泉町平泉衣関202","","","","","","","","金色堂、金色堂堂内諸像及び天蓋他（国宝）金色堂旧覆堂他（重要文化財）特別史跡","","","（伝）嘉祥3年（850年）","","","関山（かんざん）","釈迦如来（本堂本尊）","5400505000243",""
"無量光院跡","[無量光院跡岩手県地理院地図Googleマップ北緯38度59分34秒東経141度06分56秒﻿ / ﻿北緯38.9929度 東経141.1155度﻿ /38.9929; 141.1155﻿ (無量光院跡)] 無量光院跡 （むりょうこういんあと）は、 岩手県 平泉町 にある 史跡 である。","https://ja.wikipedia.org/wiki/無量光院跡","日本の特別史跡一覧","https://ja.wikipedia.org/wiki/日本の特別史跡一覧","表形式","北緯38度59分34秒 東経141度6分56.5秒","","","","","","","","","","","","","","","","","","",""
"毛越寺","[毛越寺境内 附 鎮守社跡岩手県地理院地図Googleマップ北緯38度59分14秒東経141度06分29秒﻿ / ﻿北緯38.9872度 東経141.1081度﻿ /38.9872; 141.1081﻿ (毛越寺境内 附 鎮守社跡)] 毛越寺 （もうつうじ）は、 岩手県 西磐井郡 平泉町 （創建時は 陸奥国 磐井郡 平泉 ）に所在する、 天台宗 の寺院。現在の 本尊 は  薬師如来 立像（ 平安時代 後期の作。脇侍は 日光菩薩 ・ 月光菩薩 ）。建築は平安様式。","https://ja.wikipedia.org/wiki/毛越寺","日本の特別史跡一覧","https://ja.wikipedia.org/wiki/日本の特別史跡一覧","表形式","北緯38度59分14秒東経141度6分27秒","北緯38度59分14秒東経141度6分27秒﻿ / ﻿北緯38.98722度 東経141.10750度﻿ /38.98722; 141.10750﻿ (毛越寺本堂)座標:北緯38度59分14秒東経141度6分27秒﻿ / ﻿北緯38.98722度 東経141.10750度﻿ /38.98722; 141.10750﻿ (毛越寺本堂)","岩手県西磐井郡平泉町字大沢58","","","","","","","","特別史跡特別名勝","","","（伝）嘉祥3年（850年）","","","医王山（いおうざん）","薬師如来","8400505000257",""
"多賀城","[多賀城跡 附 寺跡宮城県地理院地図Googleマップ北緯38度17分59秒東経140度59分45秒﻿ / ﻿北緯38.2996度 東経140.9958度﻿ /38.2996; 140.9958﻿ (多賀城跡 附 寺跡)] 多賀城 （たがじょう/たかのき、多賀柵）は、現在の 宮城県 多賀城市 にあった日本の古代 城柵 。国の 特別史跡 に指定されている（指定名称は「多賀城跡 附 寺跡」）。","https://ja.wikipedia.org/wiki/多賀城","日本の特別史跡一覧","https://ja.wikipedia.org/wiki/日本の特別史跡一覧","表形式","北緯38度18分24秒東経140度59分18秒","北緯38度18分24秒東経140度59分18秒﻿ / ﻿北緯38.30667度 東経140.98833度﻿ /38.30667; 140.98833﻿ (多賀城)座標:北緯38度18分24秒東経140度59分18秒﻿ / ﻿北緯38.30667度 東経140.98833度﻿ /38.30667; 140.98833﻿ (多賀城)","","多賀城","古代城柵","大野東人","神亀元年（724年）","政庁跡など","国の特別史跡「多賀城跡 附 寺跡」","不明","","","","","","","","","",""
"大湯環状列石","[大湯環状列石秋田県地理院地図Googleマップ北緯40度16分17秒東経140度48分15秒﻿ / ﻿北緯40.2714度 東経140.8043度﻿ /40.2714; 140.8043﻿ (大湯環状列石)] 大湯環状列石 （おおゆかんじょうれっせき）は、 秋田県 鹿角市 十和田大湯 にある 縄文時代 後期の大型の 配石 遺跡。国の 特別史跡 に指定されている。環状石籬（かんじょうせきり）や ストーンサークル とも呼ばれる。","https://ja.wikipedia.org/wiki/大湯環状列石","日本の特別史跡一覧","https://ja.wikipedia.org/wiki/日本の特別史跡一覧","表形式","北緯40度16分18.0秒 東経140度48分14.0秒","","","","","","","","","","","","","","","","","","",""
"弘道館","[旧弘道館茨城県地理院地図Googleマップ北緯36度22分31秒東経140度28分37秒﻿ / ﻿北緯36.3753度 東経140.4770度﻿ /36.3753; 140.4770﻿ (旧弘道館)] 弘道館 （こうどうかん）は、 江戸時代 後期に 日本 の 常陸国 水戸藩 に作られた 藩校 。所在地は、 茨城県 水戸市 三の丸1丁目6番内。","https://ja.wikipedia.org/wiki/弘道館","日本の特別史跡一覧","https://ja.wikipedia.org/wiki/日本の特別史跡一覧","表形式","北緯36度22分31.08秒 東経140度28分37.2秒","","","","","","","","","","","","","","","","","","",""
"常陸国分寺跡","[常陸国分寺跡茨城県地理院地図Googleマップ北緯36度11分46秒東経140度16分24秒﻿ / ﻿北緯36.196206度 東経140.273358度﻿ /36.196206; 140.273358﻿ (常陸国分寺跡)] 常陸国分寺 （ひたちこくぶんじ）は、 茨城県 石岡市 府中にある 真言宗智山派 の 寺院 。 山号 は浄瑠璃山。 院号 は東方院。本尊は 薬師如来 。","https://ja.wikipedia.org/wiki/常陸国分寺跡","日本の特別史跡一覧","https://ja.wikipedia.org/wiki/日本の特別史跡一覧","表形式","北緯36度11分46.34秒東経140度16分24.09秒","北緯36度11分46.34秒東経140度16分24.09秒﻿ / ﻿北緯36.1962056度 東経140.2733583度﻿ /36.1962056; 140.2733583座標:北緯36度11分46.34秒東経140度16分24.09秒﻿ / ﻿北緯36.1962056度 東経140.2733583度﻿ /36.1962056; 140.2733583","茨城県石岡市府中5-1-5","","","","","","","","常陸国分寺跡・常陸国分尼寺跡（国の特別史跡）旧千手院山門・都々一坊扇歌堂（市文化財）","","","（伝）天平勝宝4年（752年）","","","浄瑠璃山","薬師如来","1050005003793",""
"常陸国分尼寺跡","[常陸国分尼寺跡茨城県地理院地図Googleマップ北緯36度12分06秒東経140度16分04秒﻿ / ﻿北緯36.201656度 東経140.267675度﻿ /36.201656; 140.267675﻿ (常陸国分尼寺跡)] 常陸国分寺 （ひたちこくぶんじ）は、 茨城県 石岡市 府中にある 真言宗智山派 の 寺院 。 山号 は浄瑠璃山。 院号 は東方院。本尊は 薬師如来 。","https://ja.wikipedia.org/wiki/常陸国分尼寺跡","日本の特別史跡一覧","https://ja.wikipedia.org/wiki/日本の特別史跡一覧","表形式","北緯36度11分46.34秒東経140度16分24.09秒","北緯36度11分46.34秒東経140度16分24.09秒﻿ / ﻿北緯36.1962056度 東経140.2733583度﻿ /36.1962056; 140.2733583座標:北緯36度11分46.34秒東経140度16分24.09秒﻿ / ﻿北緯36.1962056度 東経140.2733583度﻿ /36.1962056; 140.2733583","茨城県石岡市府中5-1-5","","","","","","","","常陸国分寺跡・常陸国分尼寺跡（国の特別史跡）旧千手院山門・都々一坊扇歌堂（市文化財）","","","（伝）天平勝宝4年（752年）","","","浄瑠璃山","薬師如来","1050005003793",""
"大谷磨崖仏","[大谷磨崖仏栃木県地理院地図Googleマップ北緯36度35分47秒東経139度49分17秒﻿ / ﻿北緯36.5963度 東経139.8214度﻿ /36.5963; 139.8214﻿ (大谷磨崖仏)] 大谷磨崖仏 （おおやまがいぶつ）は、 栃木県 宇都宮市 大谷にある 磨崖仏 である。 千手観音 像、伝 釈迦三尊 像、伝 薬師三尊 像、伝 阿弥陀三尊 像の4組10体の石心 塑像 が4区に分かれて彫出されている。このうち千手観音像は、現在 大谷寺 の本尊である。","https://ja.wikipedia.org/wiki/大谷磨崖仏","日本の特別史跡一覧","https://ja.wikipedia.org/wiki/日本の特別史跡一覧","表形式","北緯36度35分46.3秒 東経139度49分16.9秒","","","","","","","","","","","","","","","","","","",""
"日光杉並木","[日光杉並木街道 附 並木寄進碑（特別天然記念物との重複指定）栃木県地理院地図Googleマップ北緯36度43分44秒東経139度40分24秒﻿ / ﻿北緯36.7289度 東経139.6732度﻿ /36.7289; 139.6732﻿ (日光杉並木街道 附 並木寄進碑（特別天然記念物との重複指定）)] 日光杉並木 （にっこうすぎなみき）は、 日光街道 、 日光例幣使街道 、 会津西街道 の3 街道 に跨がる スギ の 並木道 。 日光杉並木街道 （にっこうすぎなみきかいどう）とも呼ばれる。","https://ja.wikipedia.org/wiki/日光杉並木","日本の特別史跡一覧","https://ja.wikipedia.org/wiki/日本の特別史跡一覧","表形式","","","","","","","","","","","","","","","","","","","",""
"金井沢碑","[金井沢碑群馬県地理院地図Googleマップ北緯36度17分09秒東経139度00分57秒﻿ / ﻿北緯36.2857度 東経139.0159度﻿ /36.2857; 139.0159﻿ (金井沢碑)] 金井沢碑 （かないざわひ   、かないざわのひ  ）は、 群馬県 高崎市 山名町にある古碑であり、国の 特別史跡 に指定されている。 山ノ上碑 、 多胡碑 とともに「 上野三碑 」  と称される。","https://ja.wikipedia.org/wiki/金井沢碑","日本の特別史跡一覧","https://ja.wikipedia.org/wiki/日本の特別史跡一覧","表形式","北緯36度17分8.36秒 東経139度0分58.27秒","","","","","","","","","","","","","","","","","","",""
"山ノ上碑","[山上碑および古墳群馬県地理院地図Googleマップ北緯36度16分38秒東経139度01分40秒﻿ / ﻿北緯36.2771度 東経139.0278度﻿ /36.2771; 139.0278﻿ (山上碑および古墳)] 山ノ上碑   （やまのうえのひ/やまのうえひ、 山上碑   ）は、 群馬県 高崎市 山名町にある古碑。国の 特別史跡 に指定されている（指定名称は「山上碑及び古墳」）  。","https://ja.wikipedia.org/wiki/山ノ上碑","日本の特別史跡一覧","https://ja.wikipedia.org/wiki/日本の特別史跡一覧","表形式","北緯36度16分37.5秒 東経139度1分40.0秒","","","","","","","","","","","","","","","","","","",""
"多胡碑","[多胡碑群馬県地理院地図Googleマップ北緯36度15分54秒東経138度59分47秒﻿ / ﻿北緯36.2650度 東経138.9964度﻿ /36.2650; 138.9964﻿ (多胡碑)] 多胡碑 （たごひ）は、 群馬県 高崎市 吉井町 池字御門にある古碑（金石文）であり、国の 特別史跡 に指定されている。 山ノ上碑 、 金井沢碑 とともに「 上野三碑 」  と総称される。また、 書道史 の上から、 日本三古碑 の一つとされる。建碑は、その内容から8世紀後半とされる。","https://ja.wikipedia.org/wiki/多胡碑","日本の特別史跡一覧","https://ja.wikipedia.org/wiki/日本の特別史跡一覧","表形式","北緯36度15分54.0秒 東経138度59分46.8秒","","","","","","","","","","","","","","","","","","",""
"埼玉古墳群","[埼玉古墳群埼玉県地理院地図Googleマップ北緯36度07分34秒東経139度28分41秒﻿ / ﻿北緯36.126097度 東経139.477999度﻿ /36.126097; 139.477999﻿ (埼玉古墳群)] 埼玉古墳群 （さきたまこふんぐん）は、 埼玉県 行田市 にある、9基の大型 古墳 からなる 古墳群 。国の 特別史跡 に指定されている。「埼玉古墳群 - 古代東アジア古墳文化の終着点 -」として 世界遺産 への登録を推進している  。","https://ja.wikipedia.org/wiki/埼玉古墳群","日本の特別史跡一覧","https://ja.wikipedia.org/wiki/日本の特別史跡一覧","表形式","北緯36度07分42秒東経139度28分46秒","北緯36度07分42秒東経139度28分46秒﻿ / ﻿北緯36.12833度 東経139.47944度﻿ /36.12833; 139.47944","埼玉県行田市大字埼玉ほか","埼玉古墳群","","","","","","","","","","","","","","","",""
"加曽利貝塚","[加曽利貝塚千葉県地理院地図Googleマップ北緯35度37分24秒東経140度09分53秒﻿ / ﻿北緯35.623322度 東経140.164714度﻿ /35.623322; 140.164714﻿ (加曽利貝塚)] 加曽利貝塚 （かそりかいづか）は、 千葉県 千葉市 若葉区 桜木8丁目にある 縄文時代 の 貝塚 および 環状集落 の 遺跡 である。日本最大級の貝塚であり、学史上でも著名な 標式遺跡 としても知られる。 1971年 （ 昭和 46年）に北貝塚が、 1977年 （昭和52年）に南貝塚が国の 史跡 に指定され、 2017年 （ 平成 29年）に国の 特別史跡 に指定された。北貝塚のE地点の 土器 は、縄文中期後半の 加曽利E式 、南貝塚のB地点の土器は、縄文後期後半の 加曽利B式 として 編年 の指標となる土器と位置づけられている。","https://ja.wikipedia.org/wiki/加曽利貝塚","日本の特別史跡一覧","https://ja.wikipedia.org/wiki/日本の特別史跡一覧","表形式","北緯35度37分24秒東経140度9分53秒","","千葉県千葉市若葉区桜木8丁目","","","","","","","","","","","","","","","","",""
"浜離宮庭園","[旧浜離宮庭園（特別名勝との重複指定）東京都地理院地図Googleマップ北緯35度39分36秒東経139度45分50秒﻿ / ﻿北緯35.6601度 東経139.7640度﻿ /35.6601; 139.7640﻿ (旧浜離宮庭園（特別名勝との重複指定）)] 浜離宮庭園 （はまりきゅうていえん）は、 東京都 中央区 の 町名 。丁番を持たない単独町名である。 郵便番号 は104-0046  。","https://ja.wikipedia.org/wiki/浜離宮庭園","日本の特別史跡一覧","https://ja.wikipedia.org/wiki/日本の特別史跡一覧","表形式","北緯35度39分35.78秒 東経139度45分48.51秒","","","","","","","","","","","","","","","","","","",""
"江戸城","[江戸城跡東京都地理院地図Googleマップ北緯35度41分12秒東経139度45分00秒﻿ / ﻿北緯35.6867度 東経139.7499度﻿ /35.6867; 139.7499﻿ (江戸城跡)] 江戸城 （えどじょう）は、 武蔵国 豊嶋郡 江戸 （現在の 東京都 千代田区 千代田 ）にあった 日本の城 である。現在は 皇居 となっている  。","https://ja.wikipedia.org/wiki/江戸城","日本の特別史跡一覧","https://ja.wikipedia.org/wiki/日本の特別史跡一覧","表形式","北緯35度41分17.97秒東経139度45分15.72秒","北緯35度41分17.97秒東経139度45分15.72秒﻿ / ﻿北緯35.6883250度 東経139.7543667度﻿ /35.6883250; 139.7543667","","江戸城","輪郭式平城または平山城","太田道灌","1457年（長禄元年）","現存櫓・門、石垣・土塁・堀","国の重要文化財（桜田門、田安門、清水門）特別史跡","","","•1606年新築天守（解体、非現存）　連立式層塔型5重5階地下1階•1621年再築天守（解体、非現存）　独立式層塔型5重5階地下1階•1635年再築天守（焼失、非現存）　独立式層塔型5重5階地下1階","太田氏（1457年-1486年、1561年-1577年）扇谷上杉氏（1486年-1524年）後北条氏（1524年-1561年、1577年-1590年）徳川氏（1590年-1868年）（以下、皇居としての所有者）皇室（1868年-1947年）国（1947年-）","","千代田城","徳川家康、秀忠、家光（江戸期）宮内省・宮内庁（明治以降）","","","","富士見櫓、伏見櫓・多聞櫓桜田巽櫓、大手門"
"小石川後楽園","[小石川後楽園（特別名勝との重複指定）東京都地理院地図Googleマップ北緯35度42分18秒東経139度44分59秒﻿ / ﻿北緯35.7051度 東経139.7498度﻿ /35.7051; 139.7498﻿ (小石川後楽園（特別名勝との重複指定）)] 小石川後楽園 （こいしかわこうらくえん）は、 東京都 文京区 後楽 一丁目にある 都立庭園 。 江戸時代 初期に 水戸徳川家 の 江戸 上屋敷内につくられた築山泉水回遊式の 日本庭園 （ 大名庭園 ）である。国の 特別史跡 及び 特別名勝 に指定されている  。","https://ja.wikipedia.org/wiki/小石川後楽園","日本の特別史跡一覧","https://ja.wikipedia.org/wiki/日本の特別史跡一覧","表形式","北緯35度42分18.4秒東経139度44分59.6秒","","日本東京都文京区後楽一丁目","","","","","","","","","","","","","","","","",""
"一乗谷朝倉氏遺跡","[一乗谷朝倉氏遺跡（「一乗谷朝倉氏庭園」として特別名勝に指定）福井県地理院地図Googleマップ北緯35度59分56秒東経136度17分48秒﻿ / ﻿北緯35.9988度 東経136.2966度﻿ /35.9988; 136.2966﻿ (一乗谷朝倉氏遺跡（「一乗谷朝倉氏庭園」として特別名勝に指定）)] 一乗谷朝倉氏遺跡 （いちじょうだに あさくらし いせき）は、 福井県 福井市 城戸ノ内町にある 戦国時代 の 遺跡 （ 日本の城 ）である。戦国時代に 一乗谷城 を中心に 越前国 を支配した戦国大名 朝倉氏 の遺跡。一乗谷城（ 山城 ）と山麓の 城下町 （朝倉氏および家臣の居館）からなる。","https://ja.wikipedia.org/wiki/一乗谷朝倉氏遺跡","日本の特別史跡一覧","https://ja.wikipedia.org/wiki/日本の特別史跡一覧","表形式","北緯35度59分58.17秒東経136度17分44.03秒","北緯35度59分58.17秒東経136度17分44.03秒﻿ / ﻿北緯35.9994917度 東経136.2955639度﻿ /35.9994917; 136.2955639座標:北緯35度59分58.17秒東経136度17分44.03秒﻿ / ﻿北緯35.9994917度 東経136.2955639度﻿ /35.9994917; 136.2955639","","朝倉館跡","山城","朝倉氏","南北朝時代","土塁、堀、虎口、石垣、礎石、","遺跡（特別史跡）、庭園（特別名勝）、遺跡出土品（重要文化財）","1575年（天正3年）","","なし","朝倉氏、桂田長俊","","一乗谷城","桂田長俊","","","",""
"尖石・与助尾根遺跡","[尖石石器時代遺跡長野県地理院地図Googleマップ北緯36度00分48秒東経138度13分57秒﻿ / ﻿北緯36.0133度 東経138.2326度﻿ /36.0133; 138.2326﻿ (尖石石器時代遺跡)] 尖石・与助尾根遺跡 （とがりいし・よすけおねいせき）は、 長野県 茅野市 豊平にある 縄文時代 中期の集落遺跡。南側の 尖石遺跡 は戦前から発掘されてきた縄文時代を代表する遺跡の1つとして知られているが、現在では同遺跡と浅い沢1つ隔てた北側の台地上にある 与助尾根遺跡 と一括して扱われることが多い。「尖石」の名称は遺跡の南側にあった三角錐状の巨石の通称に由来する。","https://ja.wikipedia.org/wiki/尖石・与助尾根遺跡","日本の特別史跡一覧","https://ja.wikipedia.org/wiki/日本の特別史跡一覧","表形式","北緯36度00分46.1秒 東経138度13分55.4秒","","","","","","","","","","","","","","","","","","",""
"遠江国","[遠江国分寺跡静岡県地理院地図Googleマップ北緯34度43分12秒東経137度51分05秒﻿ / ﻿北緯34.7199度 東経137.8513度﻿ /34.7199; 137.8513﻿ (遠江国分寺跡)] 遠江国 （とおとうみのくに/とほたふみのくに）は、 日本 の地方行政区分である 令制国 の一つ。 東海道 に属する。現在の 静岡県 西部。","https://ja.wikipedia.org/wiki/遠江国#国分寺・国分尼寺","日本の特別史跡一覧","https://ja.wikipedia.org/wiki/日本の特別史跡一覧","表形式","","","","","","","","","","","","","","","","","","","",""
"新居関所","[新居関跡静岡県地理院地図Googleマップ北緯34度41分41秒東経137度33分40秒﻿ / ﻿北緯34.6946度 東経137.5610度﻿ /34.6946; 137.5610﻿ (新居関跡)] 新居関所 （あらいせきしょ）は、 江戸時代 の 東海道 の 関所 のひとつ。現在、 静岡県 湖西市 新居町 新居に相当する。正式名称が 今切関所 （いまぎれせきしょ）である。","https://ja.wikipedia.org/wiki/新居関所","日本の特別史跡一覧","https://ja.wikipedia.org/wiki/日本の特別史跡一覧","表形式","北緯34度41分41秒 東経137度33分41秒","","","","","","","","","","","","","","","","","","",""
"登呂遺跡","[登呂遺跡静岡県地理院地図Googleマップ北緯34度57分21秒東経138度24分29秒﻿ / ﻿北緯34.9559度 東経138.4081度﻿ /34.9559; 138.4081﻿ (登呂遺跡)] 登呂遺跡 （とろいせき）は、 静岡県 静岡市 駿河区 登呂五丁目にある、 弥生時代 の集落・ 水田 遺跡 。国の 特別史跡 に指定されている。弥生時代後期に属し、 1世紀 ごろの集落と推定される。「登呂」はこの地域の 小字 （ 1973年 、 住居表示 実施により町名にも採用）。","https://ja.wikipedia.org/wiki/登呂遺跡","日本の特別史跡一覧","https://ja.wikipedia.org/wiki/日本の特別史跡一覧","表形式","北緯34度57分22秒東経138度24分29秒","","静岡県静岡市駿河区登呂五丁目","","","","","","","","","","","","","","","","",""
"名古屋城","[名古屋城跡愛知県地理院地図Googleマップ北緯35度11分08秒東経136度53分59秒﻿ / ﻿北緯35.1856度 東経136.8998度﻿ /35.1856; 136.8998﻿ (名古屋城跡)] 名古屋城 （なごやじょう）は、 尾張国 愛知郡 名古屋（現在の 愛知県 名古屋市 中区 ・ 北区 ）にある 日本の城 。「名城（めいじょう）」、「金鯱城（きんこじょう、きんしゃちじょう）」、「金城（きんじょう）」の異名を持つ。 日本100名城 に選定されており、国の 特別史跡 に指定されている。","https://ja.wikipedia.org/wiki/名古屋城","日本の特別史跡一覧","https://ja.wikipedia.org/wiki/日本の特別史跡一覧","表形式","北緯35度11分7.77秒東経136度53分56.71秒","北緯35度11分7.77秒東経136度53分56.71秒﻿ / ﻿北緯35.1854917度 東経136.8990861度﻿ /35.1854917; 136.8990861座標:北緯35度11分7.77秒東経136度53分56.71秒﻿ / ﻿北緯35.1854917度 東経136.8990861度﻿ /35.1854917; 136.8990861","","名古屋城","梯郭式平城","徳川家康","慶長14年（1609年）","櫓3棟・門3棟、庭園、石垣、堀","国の重要文化財（櫓3棟、門3棟）","1871年（明治4年）","","連結式層塔型5層5階地下1階1612年築 （非現存）1959年再建（SRC造・外観復元）","尾張徳川家","","金鯱城、金城、柳城、亀屋城、蓬左城","名古屋城再建委員会","","","","大小天守、正門、本丸御殿"
"本居宣長旧宅","[本居宣長旧宅同 宅跡三重県地理院地図Googleマップ北緯34度34分31秒東経136度31分33秒﻿ / ﻿北緯34.5753度 東経136.5257度﻿ /34.5753; 136.5257﻿ (本居宣長旧宅同 宅跡)] 本居宣長旧宅の建物は 1691年 （元禄4年）に本居宣長の祖父小津三四右衛門定治が隠居所として建てたものである。最初建物は松坂職人町に建てられ、後に松坂魚町に移築された。本居宣長の先祖は代々 伊勢国 の 北畠家 の家臣であり、本居家初代の本居武秀は 蒲生氏郷 に仕えた武将であった。その子七右衛門の代から氏を小津と改めて松坂に住み、小津家は 木綿問屋 を営んで江戸店持ちの豪商として栄えていた。","https://ja.wikipedia.org/wiki/本居宣長旧宅","日本の特別史跡一覧","https://ja.wikipedia.org/wiki/日本の特別史跡一覧","表形式","北緯34度34分30.9秒 東経136度31分33.0秒","","","","","","","","","","","","","","","","","","",""
"安土城","[安土城跡滋賀県地理院地図Googleマップ北緯35度09分19秒東経136度08分22秒﻿ / ﻿北緯35.1554度 東経136.1394度﻿ /35.1554; 136.1394﻿ (安土城跡)] 安土城 （あづちじょう）は、 琵琶湖 東岸の、 近江国 蒲生郡 安土山（現在の 滋賀県 近江八幡市 安土町 下豊浦）  にあった 日本の城 （ 山城 ）。城址は国の 特別史跡 で、 琵琶湖国定公園 第1種特別地域になっている。","https://ja.wikipedia.org/wiki/安土城","日本の特別史跡一覧","https://ja.wikipedia.org/wiki/日本の特別史跡一覧","表形式","北緯35度9分21.29秒東経136度8分21.87秒","北緯35度9分21.29秒東経136度8分21.87秒﻿ / ﻿北緯35.1559139度 東経136.1394083度﻿ /35.1559139; 136.1394083座標:北緯35度9分21.29秒東経136度8分21.87秒﻿ / ﻿北緯35.1559139度 東経136.1394083度﻿ /35.1559139; 136.1394083","","安土城","山城","織田信長","1576年（天正4年）","天守台、曲輪、石垣、堀","国特別史跡","1585年（天正13年）","","望楼型地上6階地下1階（1579年・非現存）","織田氏、明智氏","","","羽柴秀吉","","","","一部の石垣・大手道石階段・門跡"
"彦根城","[彦根城跡滋賀県地理院地図Googleマップ北緯35度16分35秒東経136度15分08秒﻿ / ﻿北緯35.2765度 東経136.2523度﻿ /35.2765; 136.2523﻿ (彦根城跡)] 彦根城 （ひこね じょう）は、 滋賀県 彦根市 にある 城 。 江戸時代 には 彦根藩 の政庁が置かれた。 天守 、附櫓及び 多聞櫓 は 国宝 、城跡は 特別史跡 かつ 琵琶湖国定公園 第1種特別地域である。天守が国宝指定された5城のうちの一つである（他は 犬山城 、 松本城 、 姫路城 、 松江城 ）。","https://ja.wikipedia.org/wiki/彦根城","日本の特別史跡一覧","https://ja.wikipedia.org/wiki/日本の特別史跡一覧","表形式","北緯35度16分35秒東経136度15分07秒","北緯35度16分35秒東経136度15分07秒﻿ / ﻿北緯35.276422度 東経136.251889度﻿ /35.276422; 136.251889﻿ (彦根城)座標:北緯35度16分35秒東経136度15分07秒﻿ / ﻿北緯35.276422度 東経136.251889度﻿ /35.276422; 136.251889﻿ (彦根城)彦根城彦根城 (滋賀県)","","","連郭式平山城","井伊直継","1622年　　（元和8年）","現存天守、 櫓、門、塀、馬屋石垣、土塁、堀","国宝（天守等2棟）重要文化財（櫓、門、馬屋等5棟）特別史跡","1874年（明治7年）","","複合式望楼型 3重3階地下1階（1604年築）","井伊氏","","金亀城","","","","","御殿"
"慈照寺","[慈照寺（銀閣寺）庭園（特別名勝との重複指定）京都府地理院地図Googleマップ北緯35度01分36秒東経135度47分54秒﻿ / ﻿北緯35.0266度 東経135.7982度﻿ /35.0266; 135.7982﻿ (慈照寺（銀閣寺）庭園（特別名勝との重複指定）)] 慈照寺 （じしょうじ）は、 京都市 左京区 銀閣寺町にある 臨済宗 相国寺派 の 寺院 。 相国寺 の境外 塔頭 である。観音殿（銀閣）から 銀閣寺 （ぎんかくじ）として知られている。正式には、東山慈照禅寺（とうざんじしょうぜんじ）と号する。 山号 は 東山 （とうざん）。 開基 （創立者）は 足利義政 、 開山 は 夢窓疎石 とされているが、夢窓疎石は実際には当寺創建より1世紀ほど前の人物であり、勧請開山である。","https://ja.wikipedia.org/wiki/慈照寺","日本の特別史跡一覧","https://ja.wikipedia.org/wiki/日本の特別史跡一覧","表形式","北緯35度1分36.75秒東経135度47分53.7秒","北緯35度1分36.75秒東経135度47分53.7秒﻿ / ﻿北緯35.0268750度 東経135.798250度﻿ /35.0268750; 135.798250﻿ (慈照寺)座標:北緯35度1分36.75秒東経135度47分53.7秒﻿ / ﻿北緯35.0268750度 東経135.798250度﻿ /35.0268750; 135.798250﻿ (慈照寺)","京都府京都市左京区銀閣寺町2","","","","","","","","観音殿、東求堂（国宝）絹本著色春屋妙葩像（重要文化財）庭園（特別名勝、特別史跡）世界遺産","","","延徳2年（1490年）","","","東山（とうざん）","釈迦如来","4130005001290",""
"鹿苑寺","[鹿苑寺（金閣寺）庭園（特別名勝との重複指定）京都府地理院地図Googleマップ北緯35度02分23秒東経135度43分45秒﻿ / ﻿北緯35.0396度 東経135.7292度﻿ /35.0396; 135.7292﻿ (鹿苑寺（金閣寺）庭園（特別名勝との重複指定）)] 鹿苑寺 （ろくおんじ）は、 京都市 北区 金閣寺町にある 臨済宗 相国寺派 の 寺院 。 相国寺 の境外 塔頭 である。建物の内外に 金箔 が貼られた舎利殿から、 金閣寺 （きんかくじ）として知られている  。 山号 は北山。正式には、 北山鹿苑禅寺 （ほくざんろくおんぜんじ）と号する。","https://ja.wikipedia.org/wiki/鹿苑寺","日本の特別史跡一覧","https://ja.wikipedia.org/wiki/日本の特別史跡一覧","表形式","北緯35度2分21.85秒東経135度43分45.71秒","北緯35度2分21.85秒東経135度43分45.71秒﻿ / ﻿北緯35.0394028度 東経135.7293639度﻿ /35.0394028; 135.7293639﻿ (鹿苑寺)座標:北緯35度2分21.85秒東経135度43分45.71秒﻿ / ﻿北緯35.0394028度 東経135.7293639度﻿ /35.0394028; 135.7293639﻿ (鹿苑寺)","京都府京都市北区金閣寺町1","","","","","","","","絹本著色足利義満像、大書院障壁画ほか（重要文化財）庭園（特別史跡、特別名勝）世界遺産","","","応永4年（1397年）","","","北山（ほくざん）","観音菩薩（方丈本尊）","3130005001267",""
"醍醐寺","[醍醐寺三宝院庭園（特別名勝との重複指定）京都府地理院地図Googleマップ北緯34度57分07秒東経135度49分11秒﻿ / ﻿北緯34.9519度 東経135.8197度﻿ /34.9519; 135.8197﻿ (醍醐寺三宝院庭園（特別名勝との重複指定）)] 醍醐寺 （だいごじ）は、 京都市 伏見区 醍醐東大路町にある 真言宗醍醐派 総本山の寺院。 山号 を醍醐山（深雪山とも）と称し、 本尊 は 薬師如来 。上醍醐の准胝堂（じゅんていどう）は、 西国三十三所観音霊場 第11番札所で本尊は 准胝観世音菩薩 。京都市街の南東に広がる醍醐山（笠取山）に200万坪以上の広大な境内を持ち、 国宝 や 重要文化財 を含む約15万点の寺宝を所蔵する  。 豊臣秀吉 による「 醍醐の花見 」が行われた地としても知られている。 古都京都の文化財 として 世界遺産 に登録されている。","https://ja.wikipedia.org/wiki/醍醐寺","日本の特別史跡一覧","https://ja.wikipedia.org/wiki/日本の特別史跡一覧","表形式","北緯34度57分5.4秒東経135度49分18.4秒","北緯34度57分5.4秒東経135度49分18.4秒﻿ / ﻿北緯34.951500度 東経135.821778度﻿ /34.951500; 135.821778座標:北緯34度57分5.4秒東経135度49分18.4秒﻿ / ﻿北緯34.951500度 東経135.821778度﻿ /34.951500; 135.821778","京都府京都市伏見区醍醐東大路町22","","","","","","","","醍醐寺境内（史跡）金堂、五重塔、木造薬師如来及両脇侍像ほか（国宝）清滝宮本殿、絹本著色阿弥陀三尊像、木造薬師如来及両脇侍像ほか（重要文化財）三宝院庭園（特別史跡、特別名勝）世界遺産","","","貞観16年（874年）","","","醍醐山深雪山（上醍醐寺）","薬師如来（重要文化財）","6130005002163",""
"大坂城","[大坂城跡大阪府地理院地図Googleマップ北緯34度41分11秒東経135度31分33秒﻿ / ﻿北緯34.6863度 東経135.5259度﻿ /34.6863; 135.5259﻿ (大坂城跡)] 大坂城 ／ 大阪城 （おおさかじょう  ）は、 安土桃山時代 に 上町台地 の先端、 摂津国 東成郡 生玉荘 大坂 に築かれ、 江戸時代 に再築された 日本の城 。別称は 錦城 （きんじょう／ 金城 とも表記）。「大阪城跡」として国の 特別史跡 に指定されている。なお、城址を含む一帯は 大阪城公園 （おおさかじょうこうえん）として整備されている。 天守 は博物館「 大阪城天守閣 」となっている。","https://ja.wikipedia.org/wiki/大坂城","日本の特別史跡一覧","https://ja.wikipedia.org/wiki/日本の特別史跡一覧","表形式","北緯34度41分14.56秒東経135度31分33.04秒","北緯34度41分14.56秒東経135度31分33.04秒﻿ / ﻿北緯34.6873778度 東経135.5258444度﻿ /34.6873778; 135.5258444﻿ (大坂城)座標:北緯34度41分14.56秒東経135度31分33.04秒﻿ / ﻿北緯34.6873778度 東経135.5258444度﻿ /34.6873778; 135.5258444﻿ (大坂城)","","大阪城大阪市の地図を表示大阪城大阪府の地図を表示","輪郭式平城または平山城","豊臣秀吉","1583年（天正11年）","櫓、門、石垣、堀","国の重要文化財（櫓・門など）特別史跡","1868年（明治元年）","","複合式もしくは連結式望楼型5重6階地下2階（1585年築）独立式層塔型5重5階地下1階（1626年築）いずれも非現存独立式望楼型5重8階（1931年復興・SRC造）","豊臣氏、奥平氏、徳川氏","","錦城、金城大坂城/大阪城","徳川秀忠","","","","天守"
"百済寺 (枚方市)","[百済寺跡大阪府地理院地図Googleマップ北緯34度48分55秒東経135度39分40秒﻿ / ﻿北緯34.8154度 東経135.6610度﻿ /34.8154; 135.6610﻿ (百済寺跡)] 百済寺 （くだらじ）は、 大阪府 枚方市 にかつてあった寺。天平勝宝2年（750年）頃に 百済王敬福 （くだらのこにきしきょうふく）によって建立されたと言われている。1941年1月27日に国の 史跡 に指定され、更に昭和27年（1952年）3月29日に 特別史跡 に指定された。その後1965-1967年に史跡公園としての整備が行われた  。これは全国初とされる  。1973年10月、「百済寺跡の松風」として 枚方八景 の一つに選ばれた。","https://ja.wikipedia.org/wiki/百済寺_(枚方市)","日本の特別史跡一覧","https://ja.wikipedia.org/wiki/日本の特別史跡一覧","表形式","北緯34度48分55.1秒 東経135度39分39.8秒","","日本大阪府枚方市中宮西之町","","","","","","","","","","","","","","","","",""
"姫路城","[姫路城跡兵庫県地理院地図Googleマップ北緯34度50分18秒東経134度41分34秒﻿ / ﻿北緯34.8384度 東経134.6928度﻿ /34.8384; 134.6928﻿ (姫路城跡)] 姫路城 （ひめじじょう）は 兵庫県 姫路市 にある 日本の城 。 江戸時代 初期に建てられた 天守 や 櫓 等の主要 建築物 が現存し、 国宝 や 重要文化財 に指定されている。また、主郭部を含む中堀の内側は「姫路城跡」として国の 特別史跡 に指定されている   。また、 ユネスコ の 世界遺産 リストにも登録され   、 日本100名城  などに選定されている。別名は 白鷺城 （はくろじょう・しらさぎじょう。詳細は 名称の由来と別名 を参照）という。","https://ja.wikipedia.org/wiki/姫路城","日本の特別史跡一覧","https://ja.wikipedia.org/wiki/日本の特別史跡一覧","表形式","北緯34度50分21.76秒東経134度41分38.75秒","北緯34度50分21.76秒東経134度41分38.75秒﻿ / ﻿北緯34.8393778度 東経134.6940972度﻿ /34.8393778; 134.6940972座標:北緯34度50分21.76秒東経134度41分38.75秒﻿ / ﻿北緯34.8393778度 東経134.6940972度﻿ /34.8393778; 134.6940972","","姫路城","渦郭式平山城","赤松貞範","1346年（南朝：正平元年、北朝：貞和2年）","現存天守・櫓・門・塀石垣・堀・土塁・庭園","国宝（大小天守と渡櫓等8棟）重要文化財（櫓・渡櫓27棟、門15棟、塀32棟）特別史跡ユネスコ世界遺産","1871年（明治4年）","","連立式望楼型5重6階地下1階","小寺氏・黒田氏・池田氏・本多氏・松平氏・榊原氏・酒井氏","","白鷺城","黒田重隆・羽柴秀吉・池田輝政","","","",""
"キトラ古墳","[キトラ古墳奈良県地理院地図Googleマップ北緯34度27分04秒東経135度48分19秒﻿ / ﻿北緯34.4510度 東経135.8053度﻿ /34.4510; 135.8053﻿ (キトラ古墳)] キトラ古墳 （キトラこふん）は、 奈良県 高市郡 明日香村 の南西部、阿部山に築かれた 古墳 。国の 特別史跡 。 亀虎古墳 とも書く。墳丘にある石室内に 壁画 が発見され 高松塚古墳 と共に保存事業が進められている。","https://ja.wikipedia.org/wiki/キトラ古墳","日本の特別史跡一覧","https://ja.wikipedia.org/wiki/日本の特別史跡一覧","表形式","北緯34度27分05秒東経135度48分19秒","北緯34度27分05秒東経135度48分19秒﻿ / ﻿北緯34.45125度 東経135.805278度﻿ /34.45125; 135.805278﻿ (キトラ古墳)座標:北緯34度27分05秒東経135度48分19秒﻿ / ﻿北緯34.45125度 東経135.805278度﻿ /34.45125; 135.805278﻿ (キトラ古墳)","奈良県高市郡明日香村","","","","","","","","","","","","","","","","",""
"高松塚古墳","[高松塚古墳奈良県地理院地図Googleマップ北緯34度27分45秒東経135度48分23秒﻿ / ﻿北緯34.4624度 東経135.8063度﻿ /34.4624; 135.8063﻿ (高松塚古墳)] 高松塚古墳 （たかまつづかこふん）は、 奈良県 高市郡 明日香村 （ 国営飛鳥歴史公園 内）に存在する 古墳 。 藤原京期 （ 694年 - 710年 ）に築造された終末期古墳で、直径23m（下段）及び18m（上段）、高さ5mの二段式の 円墳 である。 1972年 に極彩色の 壁画 が発見されたことで一躍注目されるようになった。","https://ja.wikipedia.org/wiki/高松塚古墳","日本の特別史跡一覧","https://ja.wikipedia.org/wiki/日本の特別史跡一覧","表形式","北緯34度27分44.0秒東経135度48分23.3秒","北緯34度27分44.0秒東経135度48分23.3秒﻿ / ﻿北緯34.462222度 東経135.806472度﻿ /34.462222; 135.806472﻿ (高松塚古墳)座標:北緯34度27分44.0秒東経135度48分23.3秒﻿ / ﻿北緯34.462222度 東経135.806472度﻿ /34.462222; 135.806472﻿ (高松塚古墳)","奈良県高市郡明日香村平田","","","","","","","","","","","","","","","","",""
"山田寺","[山田寺跡奈良県地理院地図Googleマップ北緯34度29分06秒東経135度49分46秒﻿ / ﻿北緯34.4849度 東経135.8295度﻿ /34.4849; 135.8295﻿ (山田寺跡)] 山田寺 （やまだでら）は、 奈良県 桜井市 山田にあった古代寺院。法号を 浄土寺 または 華厳寺 と称する。 蘇我倉山田石川麻呂 の発願により 7世紀 半ばに建て始められ、石川麻呂の自害（ 649年 ）の後に完成した。中世以降は衰微して、 明治 時代初期の 廃仏毀釈 の際に廃寺となった。その後、明治25年（ 1892年 ）に小寺院として再興されている。本尊は十一面観音である。","https://ja.wikipedia.org/wiki/山田寺","日本の特別史跡一覧","https://ja.wikipedia.org/wiki/日本の特別史跡一覧","表形式","北緯34度29分2秒 東経135度49分48秒","","","","","","","","","","","","","","","","","","",""
"石舞台古墳","[石舞台古墳奈良県地理院地図Googleマップ北緯34度28分01秒東経135度49分34秒﻿ / ﻿北緯34.4669度 東経135.8261度﻿ /34.4669; 135.8261﻿ (石舞台古墳)] 石舞台古墳 （いしぶたいこふん）は、 奈良県 明日香村 にある 古墳時代 後期の 古墳 。国の 特別史跡 に指定されている。","https://ja.wikipedia.org/wiki/石舞台古墳","日本の特別史跡一覧","https://ja.wikipedia.org/wiki/日本の特別史跡一覧","表形式","北緯34度28分0.44秒東経135度49分34.14秒","北緯34度28分0.44秒東経135度49分34.14秒﻿ / ﻿北緯34.4667889度 東経135.8261500度﻿ /34.4667889; 135.8261500﻿ (石舞台古墳)座標:北緯34度28分0.44秒東経135度49分34.14秒﻿ / ﻿北緯34.4667889度 東経135.8261500度﻿ /34.4667889; 135.8261500﻿ (石舞台古墳)","奈良県高市郡明日香村島庄","石舞台古墳","","","","","","","","","","","","","","","",""
"巣山古墳","[巣山古墳奈良県地理院地図Googleマップ北緯34度33分23秒東経135度44分27秒﻿ / ﻿北緯34.5563度 東経135.7408度﻿ /34.5563; 135.7408﻿ (巣山古墳)] 巣山古墳 （すやまこふん）は、 奈良県 北葛城郡 広陵町 三吉にある 古墳 。形状は 前方後円墳 。 馬見古墳群 （中央群）を構成する古墳の1つ。国の 特別史跡 に指定されている。","https://ja.wikipedia.org/wiki/巣山古墳","日本の特別史跡一覧","https://ja.wikipedia.org/wiki/日本の特別史跡一覧","表形式","北緯34度33分23秒東経135度44分27秒","北緯34度33分23秒東経135度44分27秒﻿ / ﻿北緯34.55639度 東経135.74083度﻿ /34.55639; 135.74083座標:北緯34度33分23秒東経135度44分27秒﻿ / ﻿北緯34.55639度 東経135.74083度﻿ /34.55639; 135.74083","奈良県北葛城郡広陵町大字三吉元斉音寺","巣山古墳","","","","","","","","","","","","","","","",""
"藤原京","[藤原宮跡奈良県地理院地図Googleマップ北緯34度30分08秒東経135度48分26秒﻿ / ﻿北緯34.5022度 東経135.8072度﻿ /34.5022; 135.8072﻿ (藤原宮跡)] 藤原京 （ふじわらきょう）は、 飛鳥京 の西北部、 奈良県 橿原市 と 明日香村 にかかる地域にあった 飛鳥時代 の 都城  。 日本 史上で最初の 条坊制 を布いた本格的な唐風都城でもある。 平城京 に遷都されるまでの 日本の首都 とされた。","https://ja.wikipedia.org/wiki/藤原京","日本の特別史跡一覧","https://ja.wikipedia.org/wiki/日本の特別史跡一覧","表形式","北緯34度30分7秒 東経135度48分26秒","","","","","","","","","","","","","","","","","","",""
"安倍文殊院","[文殊院西古墳奈良県地理院地図Googleマップ北緯34度30分13秒東経135度50分33秒﻿ / ﻿北緯34.5036度 東経135.8426度﻿ /34.5036; 135.8426﻿ (文殊院西古墳)] 安倍文殊院 （あべもんじゅいん）は、 奈良県 桜井市 阿部にある 華厳宗 の 寺院 。 山号 は安倍山。 本尊 は 文殊菩薩 。開基は 安倍倉梯麻呂 （あべのくらはしまろ）とされる。 切戸文殊 （ 京都府 ）・ 亀岡文殊 （ 山形県 ）とともに日本三文殊に数えられる。宗教法人名は 文殊院 。","https://ja.wikipedia.org/wiki/安倍文殊院","日本の特別史跡一覧","https://ja.wikipedia.org/wiki/日本の特別史跡一覧","表形式","北緯34度30分13.0秒東経135度50分30.7秒","北緯34度30分13.0秒東経135度50分30.7秒﻿ / ﻿北緯34.503611度 東経135.841861度﻿ /34.503611; 135.841861座標:北緯34度30分13.0秒東経135度50分30.7秒﻿ / ﻿北緯34.503611度 東経135.841861度﻿ /34.503611; 135.841861","奈良県桜井市阿部645","","","","","","","","木造騎獅文殊菩薩及脇侍像（国宝）白山神社本殿（重要文化財）文殊院西古墳（特別史跡）","","","伝・大化元年（645年）","","","安倍山","文殊菩薩","9150005004064",""
"平城宮","[平城宮跡奈良県地理院地図Googleマップ北緯34度41分34秒東経135度47分50秒﻿ / ﻿北緯34.6927度 東経135.7972度﻿ /34.6927; 135.7972﻿ (平城宮跡)] 平城宮 （へいじょうきゅう、へいぜいきゅう）は、 平城京 の 大内裏 。 1998年 （ 平成 10年）12月、「 古都奈良の文化財 」として 東大寺 などと共に 世界遺産 に登録された（考古遺跡としては日本初）。","https://ja.wikipedia.org/wiki/平城宮","日本の特別史跡一覧","https://ja.wikipedia.org/wiki/日本の特別史跡一覧","表形式","北緯34度41分26.5秒 東経135度47分39.5秒","","","","","","","","","","","","","","","","","","",""
"平城京左京三条二坊宮跡庭園","[平城京左京三条二坊宮跡庭園（特別名勝との重複指定）奈良県地理院地図Googleマップ北緯34度41分01秒東経135度48分09秒﻿ / ﻿北緯34.6836度 東経135.8025度﻿ /34.6836; 135.8025﻿ (平城京左京三条二坊宮跡庭園（特別名勝との重複指定）)] 平城京左京三条二坊宮跡庭園 （へいじょうきょうさきょうさんじょうにぼうみやあとていえん）は、 奈良県 奈良市 三条大路にある庭園遺構。国の 特別史跡 ・ 特別名勝 に指定されている。","https://ja.wikipedia.org/wiki/平城京左京三条二坊宮跡庭園","日本の特別史跡一覧","https://ja.wikipedia.org/wiki/日本の特別史跡一覧","表形式","北緯34度41分02秒 東経135度48分09秒","","","","","","","","","","","","","","","","","","",""
"本薬師寺","[本薬師寺跡奈良県地理院地図Googleマップ北緯34度29分33秒東経135度48分01秒﻿ / ﻿北緯34.4925度 東経135.8003度﻿ /34.4925; 135.8003﻿ (本薬師寺跡)] 本薬師寺 （もとやくしじ）は、 奈良県 橿原市 の東南に位置する 藤原京 の 薬師寺 と呼ばれた 寺院  。後に 持統天皇 となる皇后の病気平癒を祈って 天武天皇 が建立を誓願した官寺である。 平城京 遷都で 薬師寺 が 西ノ京 に移ると、西ノ京の「薬師寺」と区別するために「本薬師寺」と称されるようになった   。本薬師寺は 元薬師寺 とも記されるほか  、平城京に造営された薬師寺（平城京薬師寺  ）に対して、「藤原京薬師寺」などとも呼ばれる  。これまでの発掘調査により、およそ11世紀初頭まで存続していたことが認められている  。","https://ja.wikipedia.org/wiki/本薬師寺","日本の特別史跡一覧","https://ja.wikipedia.org/wiki/日本の特別史跡一覧","表形式","北緯34度29分34秒東経135度48分01秒","北緯34度29分34秒東経135度48分01秒﻿ / ﻿北緯34.49278度 東経135.80028度﻿ /34.49278; 135.80028座標:北緯34度29分34秒東経135度48分01秒﻿ / ﻿北緯34.49278度 東経135.80028度﻿ /34.49278; 135.80028","奈良県橿原市城殿町279","","","","","","","","特別史跡","","","天武天皇9年（680年）勅願","","","","","",""
"岩橋千塚古墳群","[岩橋千塚古墳群和歌山県地理院地図Googleマップ北緯34度13分25秒東経135度13分48秒﻿ / ﻿北緯34.2236度 東経135.2301度﻿ /34.2236; 135.2301﻿ (岩橋千塚古墳群)] 岩橋千塚古墳群 （いわせせんづかこふんぐん）は、 和歌山県 和歌山市 岩橋に所在する 古墳時代 後期後半の 古墳群 である。国の 特別史跡 に指定されている。","https://ja.wikipedia.org/wiki/岩橋千塚古墳群","日本の特別史跡一覧","https://ja.wikipedia.org/wiki/日本の特別史跡一覧","表形式","北緯34度13分29.8秒 東経135度13分40.6秒","","","","","","","","","","","","","","","","","","",""
"斎尾廃寺跡","[斎尾廃寺跡鳥取県地理院地図Googleマップ北緯35度28分53秒東経133度42分41秒﻿ / ﻿北緯35.4815度 東経133.7115度﻿ /35.4815; 133.7115﻿ (斎尾廃寺跡)] 斎尾廃寺跡 （さいのおはいじあと）は、 鳥取県 東伯郡 琴浦町 槻下にある 飛鳥時代 後期から 奈良時代 の寺院跡。国の 特別史跡 に指定  されている。","https://ja.wikipedia.org/wiki/斎尾廃寺跡","日本の特別史跡一覧","https://ja.wikipedia.org/wiki/日本の特別史跡一覧","表形式","北緯35度28分53.4秒 東経133度42分41.4秒","","","","","","","","","","","","","","","","","","",""
"閑谷学校","[旧閑谷学校附 椿山石門津田永忠宅跡および黄葉亭岡山県地理院地図Googleマップ北緯34度47分48秒東経134度13分11秒﻿ / ﻿北緯34.7967度 東経134.2196度﻿ /34.7967; 134.2196﻿ (旧閑谷学校附 椿山石門津田永忠宅跡および黄葉亭)] 閑谷学校 （しずたにがっこう）は、 江戸時代 前期に 岡山藩 によって開かれた庶民のための学校。所在地は 岡山県 備前市 閑谷。「旧閑谷学校」として 特別史跡 に指定され、講堂は 国宝 に指定されている。","https://ja.wikipedia.org/wiki/閑谷学校","日本の特別史跡一覧","https://ja.wikipedia.org/wiki/日本の特別史跡一覧","表形式","北緯34度47分47.0秒東経134度13分10.2秒","","岡山県備前市","","","","","","","","国宝（講堂）、重要文化財（聖廟・神社等）","","","","","","","","",""
"厳島","[厳島（特別名勝との重複指定）広島県地理院地図Googleマップ北緯34度16分50秒東経132度18分42秒﻿ / ﻿北緯34.2805度 東経132.3117度﻿ /34.2805; 132.3117﻿ (厳島（特別名勝との重複指定）)] 厳島 （いつくしま）は、日本の 広島県 廿日市市 宮島町にある島。 瀬戸内海 西部、 広島湾 の北西部に位置する。通称は 宮島 （みやじま）。また 安芸の宮島 ともいう。","https://ja.wikipedia.org/wiki/厳島","日本の特別史跡一覧","https://ja.wikipedia.org/wiki/日本の特別史跡一覧","表形式","北緯34度16分0秒東経132度18分0秒","","日本（広島県廿日市市）","","","","","","","","","","","","","","","","",""
"廉塾","[廉塾ならびに菅茶山旧宅広島県地理院地図Googleマップ北緯34度32分41秒東経133度23分04秒﻿ / ﻿北緯34.5446度 東経133.3845度﻿ /34.5446; 133.3845﻿ (廉塾ならびに菅茶山旧宅)] 廉塾 （れんじゅく）は、 江戸時代 の 儒学者 ・ 菅茶山 によって 備後国 （現・広島県 福山市 神辺町 ）に開かれた 私塾 。「廉」という字には「倹約（けんやく）をする・贅沢（ぜいたく）をしない」という意味があり、茶山の教育方針に沿ったものと考えられている。","https://ja.wikipedia.org/wiki/廉塾","日本の特別史跡一覧","https://ja.wikipedia.org/wiki/日本の特別史跡一覧","表形式","北緯34度32分41.0秒 東経133度23分04.0秒","","","","","","","","","","","","","","","","","","",""
"讃岐国分寺","[讃岐国分寺跡香川県地理院地図Googleマップ北緯34度18分12秒東経133度56分42秒﻿ / ﻿北緯34.3032度 東経133.9449度﻿ /34.3032; 133.9449﻿ (讃岐国分寺跡)] 讃岐国分寺 （さぬきこくぶんじ）は、 香川県 高松市 国分寺町国分にある 真言宗御室派 の 寺院 。 四国八十八箇所 霊場 の第八十番 札所 。札所寺院としては単に「 國分寺  」と称するのが通例である。","https://ja.wikipedia.org/wiki/讃岐国分寺","日本の特別史跡一覧","https://ja.wikipedia.org/wiki/日本の特別史跡一覧","表形式","北緯34度18分11.3秒東経133度56分39秒","北緯34度18分11.3秒東経133度56分39秒﻿ / ﻿北緯34.303139度 東経133.94417度﻿ /34.303139; 133.94417﻿ (国分寺)座標:北緯34度18分11.3秒東経133度56分39秒﻿ / ﻿北緯34.303139度 東経133.94417度﻿ /34.303139; 133.94417﻿ (国分寺)","香川県高松市国分寺町国分字上所2065番地","","","","","","","","本堂、銅鐘、木造千手観音立像（国の重要文化財）讃岐国分寺跡（国の特別史跡）","","","天平勝宝8年（756年）以前","","","白牛山","千手観音（十一面千手観世音菩薩）","1470005001879",""
"王塚古墳","[王塚古墳福岡県地理院地図Googleマップ北緯33度35分19秒東経130度39分41秒﻿ / ﻿北緯33.5885度 東経130.6614度﻿ /33.5885; 130.6614﻿ (王塚古墳)] 王塚古墳 （おうづかこふん）は、 福岡県 嘉穂郡 桂川町 寿命（じゅめい）に存在する 古墳 で、5つの色彩で彩られた壁画が石室内ほぼ全面に施されていることで知られている。 日本 の 特別史跡 。","https://ja.wikipedia.org/wiki/王塚古墳","日本の特別史跡一覧","https://ja.wikipedia.org/wiki/日本の特別史跡一覧","表形式","北緯33度35分19.55秒東経130度39分50.2秒","北緯33度35分19.55秒東経130度39分50.2秒﻿ / ﻿北緯33.5887639度 東経130.663944度﻿ /33.5887639; 130.663944","福岡県嘉穂郡桂川町大字寿命","","","","","","","","","","","","","","","","",""
"水城","[水城跡福岡県地理院地図Googleマップ北緯33度31分05秒東経130度29分34秒﻿ / ﻿北緯33.5181度 東経130.4928度﻿ /33.5181; 130.4928﻿ (水城跡)] 水城 （みずき）は、 福岡県 の 太宰府市 ・ 大野城市 ・ 春日市 にまたがり築かれた、 日本 の 古代 の 城 である。城跡は、1953年（昭和28年）3月31日、国の 特別史跡 「水城跡」に指定されている  。","https://ja.wikipedia.org/wiki/水城","日本の特別史跡一覧","https://ja.wikipedia.org/wiki/日本の特別史跡一覧","表形式","北緯33度31分4.97秒東経130度29分33.56秒","北緯33度31分4.97秒東経130度29分33.56秒﻿ / ﻿北緯33.5180472度 東経130.4926556度﻿ /33.5180472; 130.4926556座標:北緯33度31分4.97秒東経130度29分33.56秒﻿ / ﻿北緯33.5180472度 東経130.4926556度﻿ /33.5180472; 130.4926556","","水城","古代の城","大和朝廷","天智天皇3年（664年）","土塁・城門跡・外濠跡","国の特別史跡「水城跡」","不明","","","","","","","","","",""
"大宰府","[大宰府跡福岡県地理院地図Googleマップ北緯33度30分54秒東経130度30分56秒﻿ / ﻿北緯33.5150度 東経130.5156度﻿ /33.5150; 130.5156﻿ (大宰府跡)] 大宰府 （だざいふ）は、 7世紀 後半に、 九州 の 筑前国 に設置された地方行政機関。軍事・外交を主任務とし、九州地方の内政も担当した。和名は「おほ みこともち の つかさ」とされる。多くの史書では 太宰府 とも記され  、おもに8世紀の大和朝廷内部で作られた史書で「大宰府」と記されている。","https://ja.wikipedia.org/wiki/大宰府","日本の特別史跡一覧","https://ja.wikipedia.org/wiki/日本の特別史跡一覧","表形式","北緯33度30分52.35秒 東経130度30分54.52秒","","","","","","","","","","","","","","","","","","",""
"大野城 (筑前国)","[大野城跡福岡県地理院地図Googleマップ北緯33度32分24秒東経130度31分18秒﻿ / ﻿北緯33.5400度 東経130.5216度﻿ /33.5400; 130.5216﻿ (大野城跡)] 大野城 （おおのじょう/おおののき）は、 福岡県 の 太宰府市 ・ 大野城市 ・ 糟屋郡 宇美町 にまたがる大城山（おおきやま）  に築かれた、 日本 の 古代山城 である。城跡は、 1953年 （昭和28年）3月31日、国の 特別史跡 「大野城跡」に指定されている  。","https://ja.wikipedia.org/wiki/大野城_(筑前国)","日本の特別史跡一覧","https://ja.wikipedia.org/wiki/日本の特別史跡一覧","表形式","北緯33度32分23.7秒東経130度31分17.6秒","北緯33度32分23.7秒東経130度31分17.6秒﻿ / ﻿北緯33.539917度 東経130.521556度﻿ /33.539917; 130.521556﻿ (大野城 (筑前国))座標:北緯33度32分23.7秒東経130度31分17.6秒﻿ / ﻿北緯33.539917度 東経130.521556度﻿ /33.539917; 130.521556﻿ (大野城 (筑前国))","","大野城","古代山城","大和朝廷","天智天皇4年（665年）","土塁・石塁・水門・城門・建物跡・水溜め","国の特別史跡「大野城跡」","不明","","","","","","","","","",""
"基肄城","[基肄（椽）城跡福岡県佐賀県地理院地図Googleマップ北緯33度26分42秒東経130度30分48秒﻿ / ﻿北緯33.4449度 東経130.5133度﻿ /33.4449; 130.5133﻿ (基肄（椽）城跡)] 基肄城 （きいじょう / きいのき、 椽城 ）は、 福岡県 筑紫野市 と 佐賀県 三養基郡 基山町 にまたがる 基山 （きざん）に築かれた  、 日本 の 古代山城 である。城跡は、1954年（昭和29年）3月20日、国の 特別史跡 「基肄（椽）城跡」に指定されている  。","https://ja.wikipedia.org/wiki/基肄城","日本の特別史跡一覧","https://ja.wikipedia.org/wiki/日本の特別史跡一覧","表形式","北緯33度26分42秒東経130度30分47秒","北緯33度26分42秒東経130度30分47秒﻿ / ﻿北緯33.44500度 東経130.51306度﻿ /33.44500; 130.51306﻿ (基肄城)座標:北緯33度26分42秒東経130度30分47秒﻿ / ﻿北緯33.44500度 東経130.51306度﻿ /33.44500; 130.51306﻿ (基肄城)","","基肄城","古代山城","大和朝廷","天智天皇4年（665年）","土塁・石塁・城門・水門・礎石","国の特別史跡「基肄（椽）城跡」","不明","","","","","","","","","",""
"吉野ヶ里遺跡","[吉野ヶ里遺跡佐賀県地理院地図Googleマップ北緯33度19分32秒東経130度23分03秒﻿ / ﻿北緯33.3256度 東経130.3841度﻿ /33.3256; 130.3841﻿ (吉野ヶ里遺跡)] およそ117 ヘクタール にわたって残る 弥生時代 の大規模な 環濠集落 （環壕集落）跡で知られる。 1986年 （ 昭和 61年）からの 発掘調査 によって発見された。現在は 国営吉野ヶ里歴史公園 として一部を国が管理する公園である。","https://ja.wikipedia.org/wiki/吉野ヶ里遺跡","日本の特別史跡一覧","https://ja.wikipedia.org/wiki/日本の特別史跡一覧","表形式","北緯33度19分25秒東経130度23分26.5秒","","日本佐賀県吉野ヶ里町、神埼市","","","","","","","","","","","","","","","","",""
"名護屋城","[名護屋城跡並陣跡佐賀県地理院地図Googleマップ北緯33度31分49秒東経129度52分09秒﻿ / ﻿北緯33.5302度 東経129.8693度﻿ /33.5302; 129.8693﻿ (名護屋城跡並陣跡)] 名護屋城 （なごやじょう）は、 肥前国 松浦郡 名護屋（現在の 佐賀県 唐津市 （旧東松浦郡 鎮西町 ・ 呼子町 ）、 東松浦郡 玄海町 ）にあった 日本の城 。 太閤 豊臣秀吉 が 文禄の役 を始める前に築かせた。現在、国の 特別史跡 に指定されている。 平成 18年（ 2006年 ）には 日本100名城 （87番）に選定された。","https://ja.wikipedia.org/wiki/名護屋城","日本の特別史跡一覧","https://ja.wikipedia.org/wiki/日本の特別史跡一覧","表形式","北緯33度31分48.12秒東経129度52分9.75秒","北緯33度31分48.12秒東経129度52分9.75秒﻿ / ﻿北緯33.5300333度 東経129.8693750度﻿ /33.5300333; 129.8693750座標:北緯33度31分48.12秒東経129度52分9.75秒﻿ / ﻿北緯33.5300333度 東経129.8693750度﻿ /33.5300333; 129.8693750","","名護屋城佐賀県の地図を表示名護屋城日本の地図を表示","梯郭式平山城","豊臣秀吉","天正19年（1591年）","石垣、空堀、井戸","国特別史跡","慶長3年（1598年）","","望楼型5重7階（非現存）","豊臣秀吉","","名護屋御旅館","なし","","","",""
"金田城","[金田城跡長崎県地理院地図Googleマップ北緯34度17分46秒東経129度16分20秒﻿ / ﻿北緯34.2960度 東経129.2723度﻿ /34.2960; 129.2723﻿ (金田城跡)] 金田城 （かねだじょう/かなたのき/かねたのき）は、 対馬国 下県郡 の城山（じょうやま、現在の 長崎県 対馬市 美津島町黒瀬）にあった 日本 の 古代山城 （分類は 朝鮮式山城 ）。城跡は国の 特別史跡 に指定されている。","https://ja.wikipedia.org/wiki/金田城","日本の特別史跡一覧","https://ja.wikipedia.org/wiki/日本の特別史跡一覧","表形式","北緯34度18分4.88秒東経129度16分23.67秒","北緯34度18分4.88秒東経129度16分23.67秒﻿ / ﻿北緯34.3013556度 東経129.2732417度﻿ /34.3013556; 129.2732417座標:北緯34度18分4.88秒東経129度16分23.67秒﻿ / ﻿北緯34.3013556度 東経129.2732417度﻿ /34.3013556; 129.2732417","","金田城","古代山城（朝鮮式山城）","大和朝廷","天智天皇6年（667年）","城門・水門・石塁・土塁・建物跡","国の特別史跡「金田城跡」","不明","","","","","","","","","",""
"原の辻遺跡","[原の辻遺跡長崎県地理院地図Googleマップ北緯33度45分33秒東経129度45分12秒﻿ / ﻿北緯33.7592度 東経129.7533度﻿ /33.7592; 129.7533﻿ (原の辻遺跡)] 原の辻遺跡 （はるのつじいせき）は、 長崎県 壱岐市 芦辺町 深江栄触・深江鶴亀触、 石田町 石田西触にある 遺跡 。国の 特別史跡 に指定され、出土品は国の 重要文化財 に指定されている。","https://ja.wikipedia.org/wiki/原の辻遺跡","日本の特別史跡一覧","https://ja.wikipedia.org/wiki/日本の特別史跡一覧","表形式","北緯33度45分34.0秒 東経129度45分11.6秒","","長崎県壱岐市芦辺町深江栄触・深江鶴亀触、石田町石田西触","","","","","","","","","","","","","","","","",""
"熊本城","[熊本城跡熊本県地理院地図Googleマップ北緯32度48分28秒東経130度42分15秒﻿ / ﻿北緯32.8078度 東経130.7043度﻿ /32.8078; 130.7043﻿ (熊本城跡)] 熊本城 （くまもとじょう）は、 肥後国 飽田郡 熊本  （現在の 熊本県 熊本市 中央区 ）に築かれた 安土桃山時代 から 江戸時代 の 日本の城 。別名「銀杏城（ぎんなんじょう）」  。","https://ja.wikipedia.org/wiki/熊本城","日本の特別史跡一覧","https://ja.wikipedia.org/wiki/日本の特別史跡一覧","表形式","北緯32度48分21.7秒東経130度42分21.23秒","北緯32度48分21.7秒東経130度42分21.23秒﻿ / ﻿北緯32.806028度 東経130.7058972度﻿ /32.806028; 130.7058972﻿ (熊本城)座標:北緯32度48分21.7秒東経130度42分21.23秒﻿ / ﻿北緯32.806028度 東経130.7058972度﻿ /32.806028; 130.7058972﻿ (熊本城)","","熊本城熊本市の地図を表示熊本城熊本県の地図を表示熊本城日本の地図を表示","梯郭式平山城","出田秀信（千葉城）、鹿子木親員（隈本城）","1469年–1487年頃","櫓・門・塀、石垣、堀","国の重要文化財:櫓11棟、門1棟、塀1棟国の特別史跡:熊本城跡","1874年","","連結式望楼型3重6階地下1階（非現存・1600年築）外観復元（RC造1960年再）","加藤氏、細川氏","","千葉城（出田氏）、六実城、隈本城（鹿子木氏、菊池氏、城氏、佐々氏、加藤氏半国期）、銀杏城","加藤清正","","","","外観復元:大小天守、平櫓木造復元:西大手門、数奇屋丸二階広間、南大手門、西出丸戌亥櫓、未申櫓、元太鼓櫓、飯田丸五階櫓、馬具櫓、本丸御殿大広間"
"臼杵磨崖仏","[臼杵磨崖仏附 日吉塔、嘉応二年在銘五輪塔 承安二年在銘五輪塔大分県地理院地図Googleマップ北緯33度06分46秒東経131度46分32秒﻿ / ﻿北緯33.1127度 東経131.7755度﻿ /33.1127; 131.7755﻿ (臼杵磨崖仏附 日吉塔、嘉応二年在銘五輪塔 承安二年在銘五輪塔)] 臼杵磨崖仏 （うすきまがいぶつ）は、 大分県 臼杵市 にある 磨崖仏 である。一般には 臼杵石仏 （うすきせきぶつ）の名で知られている。 1952年 （昭和27年）に国の 特別史跡 に指定され、 1995年 （平成7年）には、磨崖仏として日本初、彫刻として九州初の 国宝 に指定された  。","https://ja.wikipedia.org/wiki/臼杵磨崖仏","日本の特別史跡一覧","https://ja.wikipedia.org/wiki/日本の特別史跡一覧","表形式","北緯33度5分25.8秒 東経131度45分45.5秒","","","","","","","","","","","","","","","","","","",""
"西都原古墳群","[西都原古墳群宮崎県地理院地図Googleマップ北緯32度07分03秒東経131度23分19秒﻿ / ﻿北緯32.1176度 東経131.3885度﻿ /32.1176; 131.3885﻿ (西都原古墳群)] 西都原古墳群 （さいとばるこふんぐん）は、 宮崎県 西都市 三宅・童子丸・右松にある 古墳群 。国の 特別史跡 に指定されている。","https://ja.wikipedia.org/wiki/西都原古墳群","日本の特別史跡一覧","https://ja.wikipedia.org/wiki/日本の特別史跡一覧","表形式","北緯32度7分4秒 東経131度23分22秒","","宮崎県西都市大字三宅ほか","西都原古墳群","","","","","","","","","","","","","","","",""
