﻿"タイトル","コメント","URL","親リストタイトル","親リストURL","一覧抽出方法","座標","所在地","位置","標高","山系","種類","初登頂","最高峰","最新噴火","延長","幅","Hidden","Hidden","Hidden","Hidden","Hidden","Hidden","Hidden","Hidden","Hidden"
"ニセイカウシュッペ山"," ニセイカウシュッペ山 （ニセイカウシュッペやま）は、 北海道 上川郡 上川町 にある 標高 1,883 m の 火山 である。","https://ja.wikipedia.org/wiki/ニセイカウシュッペ山","日本三百名山","https://ja.wikipedia.org/wiki/日本三百名山","グループ形式","北緯43度46分48秒東経142度59分07秒","日本北海道上川郡上川町","北緯43度46分48秒東経142度59分07秒﻿ / ﻿北緯43.78000度 東経142.98528度﻿ /43.78000; 142.98528座標:北緯43度46分48秒東経142度59分07秒﻿ / ﻿北緯43.78000度 東経142.98528度﻿ /43.78000; 142.98528","1,883m","石狩山地、北大雪火山群","成層火山","","","","","","","","","","","","","",""
"オプタテシケ山"," オプタテシケ山 （オプタテシケやま）は 北海道 上川郡 美瑛町 と 新得町 の境界に位置する 標高 2,013mの山である   。 三等三角点 の名称は「 美瑛岳 」と記されている。","https://ja.wikipedia.org/wiki/オプタテシケ山","日本三百名山","https://ja.wikipedia.org/wiki/日本三百名山","グループ形式","北緯43度28分13秒東経142度45分05秒","日本北海道上川総合振興局上川郡美瑛町・十勝総合振興局上川郡新得町","北緯43度28分13秒東経142度45分05秒﻿ / ﻿北緯43.47028度 東経142.75139度﻿ /43.47028; 142.75139座標:北緯43度28分13秒東経142度45分05秒﻿ / ﻿北緯43.47028度 東経142.75139度﻿ /43.47028; 142.75139","2,012.48m","石狩山地（十勝岳連峰）","","","","","","","","","","","","","","",""
"神威岳 (大樹町・浦河町)"," 神威岳 （かむいだけ）は、 北海道 広尾郡 大樹町 と 浦河郡 浦河町 とにまたがる 標高 1,600 mの 山 。 日高山脈 南部にあり、 日高山脈襟裳国定公園 に属する。威風堂々とした山容で  、 日本三百名山 に選定されている。","https://ja.wikipedia.org/wiki/神威岳_(大樹町・浦河町)","日本三百名山","https://ja.wikipedia.org/wiki/日本三百名山","グループ形式","北緯42度25分42秒東経142度54分25秒","日本北海道広尾郡大樹町・浦河郡浦河町","北緯42度25分42秒東経142度54分25秒﻿ / ﻿北緯42.42833度 東経142.90694度﻿ /42.42833; 142.90694座標:北緯42度25分42秒東経142度54分25秒﻿ / ﻿北緯42.42833度 東経142.90694度﻿ /42.42833; 142.90694","1,600.2m","日高山脈","褶曲山脈","柴崎芳太郎（1913年）","","","","","","","","","","","","",""
"余市岳"," 余市岳 （よいちだけ）は、 北海道 余市郡 赤井川村 と 札幌市 南区 とにまたがる 標高 1,488mの山である。","https://ja.wikipedia.org/wiki/余市岳","日本三百名山","https://ja.wikipedia.org/wiki/日本三百名山","グループ形式","北緯43度1分58秒東経141度1分10秒","日本北海道札幌市南区・余市郡赤井川村","北緯43度1分58秒東経141度1分10秒﻿ / ﻿北緯43.03278度 東経141.01944度﻿ /43.03278; 141.01944座標:北緯43度1分58秒東経141度1分10秒﻿ / ﻿北緯43.03278度 東経141.01944度﻿ /43.03278; 141.01944","1,488m","","","","","","","","","","","","","","","",""
"ニセコアンヌプリ"," ニセコアンヌプリ は、 北海道 後志総合振興局 かつ ニセコ積丹小樽海岸国定公園 内にある標高1,308.2mの 火山  。ニセコ火山群  に属し ニセコ連峰 の主峰である。世界の4大スキー場の一つに数えられ、西側には イワオヌプリ 、 ニトヌプリ 、 チセヌプリ などの山々、北側にはワイスホルンがある。 尻別川 を挟んで 羊蹄山 の向かいにあり、世界的なスキー場のある山としても有名である。 日本三百名山 である。山頂には 一等三角点 （点名「似古安岳」）が設置されている。","https://ja.wikipedia.org/wiki/ニセコアンヌプリ","日本三百名山","https://ja.wikipedia.org/wiki/日本三百名山","グループ形式","北緯42度52分30秒東経140度39分32秒","日本北海道ニセコ町・倶知安町","北緯42度52分30秒東経140度39分32秒﻿ / ﻿北緯42.87500度 東経140.65889度﻿ /42.87500; 140.65889座標:北緯42度52分30秒東経140度39分32秒﻿ / ﻿北緯42.87500度 東経140.65889度﻿ /42.87500; 140.65889","1,308.2m","ニセコ連峰","成層火山","正木照信（1898年）","","","","","","","","","","","","",""
"狩場山"," 狩場山 （かりばやま）は、 狩場茂津多道立自然公園 に指定されていて 北海道 せたな町 、 島牧村 にまたがる第四紀火山である。標高は1,519.9mで 一等三角点 （点名「狩場岳」）の山。 狩場山地 の主峰で、 道南 の最高峰でもある。 アイヌ語 の「Karinpa（桜皮）us（が群生する）nupuri（山）」に由来する  。","https://ja.wikipedia.org/wiki/狩場山","日本三百名山","https://ja.wikipedia.org/wiki/日本三百名山","グループ形式","北緯42度36分48秒東経139度56分26秒","日本北海道檜山振興局久遠郡せたな町後志総合振興局島牧郡島牧村","北緯42度36分48秒東経139度56分26秒﻿ / ﻿北緯42.61333度 東経139.94056度﻿ /42.61333; 139.94056座標:北緯42度36分48秒東経139度56分26秒﻿ / ﻿北緯42.61333度 東経139.94056度﻿ /42.61333; 139.94056","1,519.9m","狩場山地","成層火山","","","","","","","","","","","","","",""
"大千軒岳"," 大千軒岳 （だいせんげんだけ）は、 北海道 渡島半島 の南西部、 松前郡 松前町 と 上ノ国町 との境にある 山 である。 標高 1,072m。 1896年 （明治29年）、北海道で最初に 一等三角点 が設置された山である。","https://ja.wikipedia.org/wiki/大千軒岳","日本三百名山","https://ja.wikipedia.org/wiki/日本三百名山","グループ形式","北緯41度34分46秒東経140度9分39秒","北海道松前郡松前町・上ノ国町","北緯41度34分46秒東経140度9分39秒﻿ / ﻿北緯41.57944度 東経140.16083度﻿ /41.57944; 140.16083座標:北緯41度34分46秒東経140度9分39秒﻿ / ﻿北緯41.57944度 東経140.16083度﻿ /41.57944; 140.16083","1,071.87m","","","","","","","","","","","","","","","",""
"五葉山"," 五葉山 （ごようざん）は、 東北地方 太平洋 側にある 北上山地 南部の 山 。 標高 は1,351mで、 三陸 沿岸の最高峰である。 日本三百名山 に選定されている。","https://ja.wikipedia.org/wiki/五葉山","日本三百名山","https://ja.wikipedia.org/wiki/日本三百名山","グループ形式","北緯39度12分14秒東経141度43分44秒","日本岩手県：住田町、大船渡市、釜石市","北緯39度12分14秒東経141度43分44秒﻿ / ﻿北緯39.20389度 東経141.72889度﻿ /39.20389; 141.72889","1,351m","北上山地","","","","","","","","","","","","","","",""
"乳頭山"," 乳頭山 （にゅうとうさん）とは、 秋田県 仙北市 と 岩手県 岩手郡 雫石町 にまたがる山である。 十和田八幡平国立公園 の中に位置する。","https://ja.wikipedia.org/wiki/乳頭山","日本三百名山","https://ja.wikipedia.org/wiki/日本三百名山","グループ形式","北緯39度48分18.00秒東経140度50分19.40秒","秋田県仙北市・岩手県岩手郡雫石町","北緯39度48分18.00秒東経140度50分19.40秒﻿ / ﻿北緯39.8050000度 東経140.8387222度﻿ /39.8050000; 140.8387222","1478m","奥羽山脈","","","","","","","","","","","","","","",""
"太平山 (秋田県)"," 太平山 （たいへいざん）とは、 秋田県 中央部、 秋田市 と 上小阿仁村 とにまたがる山である。 太平山地 の主峰。標高1170メートル。太平山を中心として 太平山県立自然公園 に指定されている。","https://ja.wikipedia.org/wiki/太平山_(秋田県)","日本三百名山","https://ja.wikipedia.org/wiki/日本三百名山","グループ形式","北緯39度47分49秒東経140度18分39秒","日本秋田県秋田市・北秋田郡上小阿仁村","北緯39度47分49秒東経140度18分39秒﻿ / ﻿北緯39.79694度 東経140.31083度﻿ /39.79694; 140.31083座標:北緯39度47分49秒東経140度18分39秒﻿ / ﻿北緯39.79694度 東経140.31083度﻿ /39.79694; 140.31083","1,170m","","","","","","","","","","","","","","","",""
"摩耶山 (山形県)"," 摩耶山 （まやさん）は、 山形県 鶴岡市 にある標高1,020mの山。摩耶山は、 新潟県 との県境近くにあり、1,000m程度の標高ながら、極めて峻険な山である。 日本三百名山 の一つである。","https://ja.wikipedia.org/wiki/摩耶山_(山形県)","日本三百名山","https://ja.wikipedia.org/wiki/日本三百名山","グループ形式","北緯38度31分12秒東経139度43分40秒","山形県鶴岡市","北緯38度31分12秒東経139度43分40秒﻿ / ﻿北緯38.52000度 東経139.72778度﻿ /38.52000; 139.72778座標:北緯38度31分12秒東経139度43分40秒﻿ / ﻿北緯38.52000度 東経139.72778度﻿ /38.52000; 139.72778","1,020m","朝日山地","","","","","","","","","","","","","","",""
"祝瓶山"," 祝瓶山 （いわいがめやま）は 山形県 西部に位置する 標高 1,417mの 山 である。山体は山形県 長井市 と 小国町 にまたがっており、 日本三百名山 の一つにも選ばれている。","https://ja.wikipedia.org/wiki/祝瓶山","日本三百名山","https://ja.wikipedia.org/wiki/日本三百名山","グループ形式","北緯38度11分51秒東経139度52分47秒","日本山形県長井市・西置賜郡小国町","北緯38度11分51秒東経139度52分47秒﻿ / ﻿北緯38.19750度 東経139.87972度﻿ /38.19750; 139.87972座標:北緯38度11分51秒東経139度52分47秒﻿ / ﻿北緯38.19750度 東経139.87972度﻿ /38.19750; 139.87972","1,417.0m","朝日連峰","火成岩（花崗岩）","","","","","","","","","","","","","",""
"泉ヶ岳"," 泉ヶ岳 （いずみがたけ）は、 宮城県 仙台市 泉区 の北西部に位置する 標高 1175 メートル の 山 である（ 三角点 は1172.18メートル、 地図 ）。船形連峰に連なる。","https://ja.wikipedia.org/wiki/泉ヶ岳","日本三百名山","https://ja.wikipedia.org/wiki/日本三百名山","グループ形式","北緯38度24分43.9秒東経140度42分31.7秒","宮城県仙台市泉区","北緯38度24分43.9秒東経140度42分31.7秒﻿ / ﻿北緯38.412194度 東経140.708806度﻿ /38.412194; 140.708806﻿ (泉ヶ岳山頂（標高1175m）)","1,175m","船形連峰","","","","","","","","","","","","","","",""
"一切経山"," 一切経山 （いっさいきょうざん）は、 福島県 福島市 と 猪苗代町 との境にある山である。 吾妻連峰 を構成する山の一つ。今も 火山 活動を続けている 活火山 であり、山頂は岩礫で覆われている。 標高 は1,948.8 メートル 。","https://ja.wikipedia.org/wiki/一切経山","日本三百名山","https://ja.wikipedia.org/wiki/日本三百名山","グループ形式","北緯37度44分07秒東経140度14分40秒","日本福島県福島市・耶麻郡猪苗代町","北緯37度44分07秒東経140度14分40秒﻿ / ﻿北緯37.73528度 東経140.24444度﻿ /37.73528; 140.24444座標:北緯37度44分07秒東経140度14分40秒﻿ / ﻿北緯37.73528度 東経140.24444度﻿ /37.73528; 140.24444","1,948.8m","吾妻連峰","","","","","","","","","","","","","","",""
"大滝根山"," 大滝根山 （おおたきねやま）は、 福島県 田村市 と 双葉郡 川内村 との境界にそびえる山である。 標高 1,192.1mで 阿武隈高地 の最高峰である。","https://ja.wikipedia.org/wiki/大滝根山","日本三百名山","https://ja.wikipedia.org/wiki/日本三百名山","グループ形式","北緯37度21分18秒東経140度42分06秒","日本福島県田村市・双葉郡川内村","北緯37度21分18秒東経140度42分06秒﻿ / ﻿北緯37.35500度 東経140.70167度﻿ /37.35500; 140.70167座標:北緯37度21分18秒東経140度42分06秒﻿ / ﻿北緯37.35500度 東経140.70167度﻿ /37.35500; 140.70167","1,192.1m","阿武隈高地","","","","","","","","","","","","","","",""
"八溝山"," 八溝山 （やみぞさん）は、 茨城県 と 福島県 の県境にある 標高 1,021.8mの 山 である。 茨城県最高峰 の山である。","https://ja.wikipedia.org/wiki/八溝山","日本三百名山","https://ja.wikipedia.org/wiki/日本三百名山","グループ形式","北緯36度55分49秒東経140度16分23秒","日本福島県東白川郡棚倉町・茨城県久慈郡大子町","北緯36度55分49秒東経140度16分23秒﻿ / ﻿北緯36.93028度 東経140.27306度﻿ /36.93028; 140.27306座標:北緯36度55分49秒東経140度16分23秒﻿ / ﻿北緯36.93028度 東経140.27306度﻿ /36.93028; 140.27306","1,021.8m","八溝山地","","","","","","","","","","","","","","",""
"二岐山"," 二岐山 （ふたまたやま）は、 奥羽山脈 の南部に位置し、 福島県 岩瀬郡 天栄村 と 南会津郡 下郷町 とにまたがる 第四紀 火山である。 標高 1,544.3m。二等 三角点 「二岐山」設置。大川羽鳥県立自然公園に指定されている。","https://ja.wikipedia.org/wiki/二岐山","日本三百名山","https://ja.wikipedia.org/wiki/日本三百名山","グループ形式","北緯37度14分47.0秒東経139度58分02.5秒","日本福島県岩瀬郡天栄村・南会津郡下郷町","北緯37度14分47.0秒東経139度58分02.5秒﻿ / ﻿北緯37.246389度 東経139.967361度﻿ /37.246389; 139.967361座標:北緯37度14分47.0秒東経139度58分02.5秒﻿ / ﻿北緯37.246389度 東経139.967361度﻿ /37.246389; 139.967361","1,544.3m","奥羽山脈","成層火山、溶岩ドーム","","","","","","","","","","","","","",""
"男鹿岳"," 大佐飛山地  （おおさびさんち）は 栃木県 北部にあり、 那須連山 と 高原山 にはさまれた 山地 。 大佐飛山 （1908m）を主峰とし  、 帝釈山脈 と共に 下野山地 を形成する山塊の一つである  。 那須野が原 扇状地 を形成する 蛇尾川 の源流域となっているほか、 那珂川 の主な源流域の一つであり、鬼怒川や福島県の大川の水源の一部でもある。最高峰である大佐飛山への登山道などは整備されておらず、残雪期に訪れるのが一般的である。周辺は「大佐飛山 自然環境保全地域 」に指定されている。","https://ja.wikipedia.org/wiki/男鹿岳","日本三百名山","https://ja.wikipedia.org/wiki/日本三百名山","グループ形式","北緯37度3分49秒東経139度50分40秒","日本福島県・栃木県","北緯37度3分49秒東経139度50分40秒﻿ / ﻿北緯37.06361度 東経139.84444度﻿ /37.06361; 139.84444座標:北緯37度3分49秒東経139度50分40秒﻿ / ﻿北緯37.06361度 東経139.84444度﻿ /37.06361; 139.84444","","","","","大佐飛山（1,908m）","","","","","","","","","","","",""
"荒海山"," 荒海山 （あらかいさん、あらかいざん、あらかいやま）は、 福島県 南会津郡 南会津町 と 栃木県 日光市 の境界に位置する 標高 1,581 mの山である。二等 三角点 「太郎岳」（標高1,580.4 m）は山頂の東北東約90 mに位置するピーク東峰にある。福島県側では荒海山、栃木県側では 太郎岳 （たろうだけ）と呼ばれる。江戸時代の文献『 新編会津風土記 』では 荒貝嶽 （あらかいがだけ）と表記されている。","https://ja.wikipedia.org/wiki/荒海山","日本三百名山","https://ja.wikipedia.org/wiki/日本三百名山","グループ形式","北緯37度02分10秒東経139度38分37秒","日本福島県南会津郡南会津町栃木県日光市","北緯37度02分10秒東経139度38分37秒﻿ / ﻿北緯37.03611度 東経139.64361度﻿ /37.03611; 139.64361座標:北緯37度02分10秒東経139度38分37秒﻿ / ﻿北緯37.03611度 東経139.64361度﻿ /37.03611; 139.64361","1,581m","帝釈山地","","","","","","","","","","","","","","",""
"七ヶ岳"," 七ヶ岳 （ななつがたけ、ななつがだけ）は、 福島県 南会津郡 南会津町 中央部にある 標高 1,635.8mの 山 。一等 三角点 「七ツケ岳」設置。","https://ja.wikipedia.org/wiki/七ヶ岳","日本三百名山","https://ja.wikipedia.org/wiki/日本三百名山","グループ形式","北緯37度07分27.4秒東経139度39分26.9秒","日本福島県南会津郡南会津町","北緯37度07分27.4秒東経139度39分26.9秒﻿ / ﻿北緯37.124278度 東経139.657472度﻿ /37.124278; 139.657472座標:北緯37度07分27.4秒東経139度39分26.9秒﻿ / ﻿北緯37.124278度 東経139.657472度﻿ /37.124278; 139.657472","1,635.8m","","","","","","","","","","","","","","","",""
"高原山"," 高原山 （たかはらやま、たかはらさん）は、 栃木県 日光市 と同 塩谷郡 塩谷町 、 那須塩原市 、 矢板市 にまたがる 山 である。特に主峰 鶏頂山 、釈迦ヶ岳、中岳、西平岳の山頂部は日光市と塩谷町に在り、東北部の裾野である 八方ヶ原 も含め、その山体は 日光国立公園 に在る。 日本三百名山 の一つに選定されている。","https://ja.wikipedia.org/wiki/高原山","日本三百名山","https://ja.wikipedia.org/wiki/日本三百名山","グループ形式","北緯36度54分0秒東経139度46分36秒","栃木県日光市、塩谷郡塩谷町","北緯36度54分0秒東経139度46分36秒﻿ / ﻿北緯36.90000度 東経139.77667度﻿ /36.90000; 139.77667座標:北緯36度54分0秒東経139度46分36秒﻿ / ﻿北緯36.90000度 東経139.77667度﻿ /36.90000; 139.77667","釈迦ヶ岳 1,794.9m","","成層火山（活火山ランクC）","","","約6500年前","","","","","","","","","","",""
"太郎山 (栃木県)"," 太郎山 （たろうさん）は、 栃木県 日光市 にある標高2,368mの 火山   。 日本三百名山 のひとつ。","https://ja.wikipedia.org/wiki/太郎山_(栃木県)","日本三百名山","https://ja.wikipedia.org/wiki/日本三百名山","グループ形式","北緯36度49分4.2秒東経139度28分58.1秒","栃木県日光市","北緯36度49分4.2秒東経139度28分58.1秒﻿ / ﻿北緯36.817833度 東経139.482806度﻿ /36.817833; 139.482806","2,367.5m","日光連山","溶岩ドーム","","","","","","","","","","","","","",""
"袈裟丸山"," 袈裟丸山 （けさまるやま）は 栃木県 日光市 ・ 群馬県 沼田市 と 群馬県 みどり市 にまたがる 山 。 前袈裟丸山 ・ 中袈裟丸山 ・ 後袈裟丸山 ・ 奥袈裟丸山 ・ 法師岳 の総称のこと。一般には前袈裟丸山がこう呼ばれる。標高は1,878 m （前袈裟丸山）。最高点は奥袈裟丸山の標高点1,961 m  。袈裟丸連峰。袈裟丸山は古い 皇海火山 を構成する一峰である  。 日本三百名山 。名所としては 寝釈迦像 が有名。","https://ja.wikipedia.org/wiki/袈裟丸山","日本三百名山","https://ja.wikipedia.org/wiki/日本三百名山","グループ形式","北緯36度38分17秒東経139度19分43秒","日本栃木県日光市群馬県沼田市・みどり市","北緯36度38分17秒東経139度19分43秒﻿ / ﻿北緯36.63806度 東経139.32861度﻿ /36.63806; 139.32861座標:北緯36度38分17秒東経139度19分43秒﻿ / ﻿北緯36.63806度 東経139.32861度﻿ /36.63806; 139.32861","1,961m","","火山岩（皇海火山の一部）","","","","","","","","","","","","","",""
"国師岳"," 国師岳 （こくしだけ）は 山梨県 山梨市 と 長野県 南佐久郡 川上村 の境界にある 標高 2,592 m の 山 である。 国師ヶ岳 （こくしがたけ）とも呼ばれる。","https://ja.wikipedia.org/wiki/国師岳","日本三百名山","https://ja.wikipedia.org/wiki/日本三百名山","グループ形式","北緯35度52分15秒東経138度40分23秒","日本山梨県山梨市長野県南佐久郡川上村","北緯35度52分15秒東経138度40分23秒﻿ / ﻿北緯35.87083度 東経138.67306度﻿ /35.87083; 138.67306座標:北緯35度52分15秒東経138度40分23秒﻿ / ﻿北緯35.87083度 東経138.67306度﻿ /35.87083; 138.67306","2,592m","奥秩父山塊","","","","","","","","","","","","","","",""
"三頭山 (東京都)"," 三頭山 （みとうさん）は、 東京都 西多摩郡 奥多摩町 ・ 檜原村 、 山梨県 上野原市 、 北都留郡 小菅村 にまたがる 標高 1,531mの 山 。 日本三百名山 、 山梨百名山 の一つに選定されている。古くは山の神々が集まる場所で鹿妻山と呼ばれていた。","https://ja.wikipedia.org/wiki/三頭山_(東京都)","日本三百名山","https://ja.wikipedia.org/wiki/日本三百名山","グループ形式","北緯35度44分19秒東経139度00分51秒","日本東京都西多摩郡奥多摩町、檜原村山梨県上野原市、北都留郡小菅村","北緯35度44分19秒東経139度00分51秒﻿ / ﻿北緯35.73861度 東経139.01417度﻿ /35.73861; 139.01417座標:北緯35度44分19秒東経139度00分51秒﻿ / ﻿北緯35.73861度 東経139.01417度﻿ /35.73861; 139.01417","1,531m","奥多摩","","","","","","","","","","","","","","",""
"大山 (神奈川県)"," 大山 （おおやま）は、 神奈川県 伊勢原市 ・ 秦野市 ・ 厚木市 境にある標高1,252 m の 山 である。 丹沢山 などの 丹沢 の山々とともに 丹沢大山国定公園 に属し、神奈川県有数の 観光地 のひとつである。 日本三百名山 や関東百名山のひとつでもある。","https://ja.wikipedia.org/wiki/大山_(神奈川県)","日本三百名山","https://ja.wikipedia.org/wiki/日本三百名山","グループ形式","北緯35度26分27秒東経139度13分52秒","神奈川県伊勢原市、秦野市、厚木市","北緯35度26分27秒東経139度13分52秒﻿ / ﻿北緯35.44083度 東経139.23111度﻿ /35.44083; 139.23111","1,252m","丹沢山地","","","","","","","","","","","","","","",""
"金時山"," 金時山 （きんときやま・きんときさん）は、 箱根山 の北西部に位置する標高1,212 m の山である   。 日本三百名山 のひとつ。","https://ja.wikipedia.org/wiki/金時山","日本三百名山","https://ja.wikipedia.org/wiki/日本三百名山","グループ形式","北緯35度17分23秒東経139度00分18秒","神奈川県南足柄市、足柄下郡箱根町静岡県駿東郡小山町","北緯35度17分23秒東経139度00分18秒﻿ / ﻿北緯35.28972度 東経139.00500度﻿ /35.28972; 139.00500座標:北緯35度17分23秒東経139度00分18秒﻿ / ﻿北緯35.28972度 東経139.00500度﻿ /35.28972; 139.00500","1,212.44m","箱根山、足柄山地","成層火山","","","","","","","","","","","","","",""
"神山"," 神山 （かみやま）は 神奈川県 足柄下郡 箱根町 にある標高1,438mの山で、 箱根山 の最高峰である。古くから神の山として崇められてきたことからこの名がついた。","https://ja.wikipedia.org/wiki/神山","日本三百名山","https://ja.wikipedia.org/wiki/日本三百名山","グループ形式","北緯35度14分00秒東経139度01分14秒","神奈川県足柄下郡箱根町","北緯35度14分00秒東経139度01分14秒﻿ / ﻿北緯35.23333度 東経139.02056度﻿ /35.23333; 139.02056","1,438m","箱根山","成層火山","","","","","","","","","","","","","",""
"御坂黒岳"," 黒岳 （くろたけ  ）は、 山梨県 南都留郡 富士河口湖町 と 山梨県 笛吹市 芦川町との境界に位置する標高1,793mの山で、 御坂山地 の最高峰。 河口湖 の北側に位置する。 日本三百名山 、 山梨百名山 に選定されている。","https://ja.wikipedia.org/wiki/御坂黒岳","日本三百名山","https://ja.wikipedia.org/wiki/日本三百名山","グループ形式","北緯35度33分8秒東経138度44分58秒","山梨県笛吹市山梨県南都留郡富士河口湖町","北緯35度33分8秒東経138度44分58秒﻿ / ﻿北緯35.55222度 東経138.74944度﻿ /35.55222; 138.74944座標:北緯35度33分8秒東経138度44分58秒﻿ / ﻿北緯35.55222度 東経138.74944度﻿ /35.55222; 138.74944","1,793m","御坂山地","","","","","","","","","","","","","","",""
"鉢伏山 (筑摩山地)"," 鉢伏山 （はちぶせやま）は標高1,929mの 筑摩山地 の 山   。 美ヶ原 高原の南東に 扉峠 をはさんで、南側の 高ボッチ山 とともになだらかな山容を見せる。鉢伏山から東方および南方に延びる尾根は 中央分水嶺 となり、 日本海 へ注ぐ河川である 犀川 ・ 千曲川 水系と、 太平洋 に注ぐ 天竜川 水系を分けている。 山岳信仰 の山であり、西側中腹にある 牛伏寺 がよく知られている。","https://ja.wikipedia.org/wiki/鉢伏山_(筑摩山地)","日本三百名山","https://ja.wikipedia.org/wiki/日本三百名山","グループ形式","北緯36度09分46秒東経138度03分33秒","長野県松本市、岡谷市、塩尻市","北緯36度09分46秒東経138度03分33秒﻿ / ﻿北緯36.16278度 東経138.05917度﻿ /36.16278; 138.05917","1,928.5m","筑摩山地","","","","","","","","","","","","","","",""
"粟ヶ岳 (新潟県)"," 粟ヶ岳 （あわがたけ）は、 新潟県 加茂市 と 三条市 の境、県のほぼ中央にある 標高 1,293mの 山 である。 日本三百名山 の一つ。","https://ja.wikipedia.org/wiki/粟ヶ岳_(新潟県)","日本三百名山","https://ja.wikipedia.org/wiki/日本三百名山","グループ形式","北緯37度33分19秒東経139度11分19秒","日本新潟県加茂市・三条市","北緯37度33分19秒東経139度11分19秒﻿ / ﻿北緯37.55528度 東経139.18861度﻿ /37.55528; 139.18861座標:北緯37度33分19秒東経139度11分19秒﻿ / ﻿北緯37.55528度 東経139.18861度﻿ /37.55528; 139.18861","1,292.7m","","","","","","","","","","","","","","","",""
"浅草岳"," 浅草岳 （あさくさだけ）は、 越後山脈 に位置し、 新潟県 魚沼市 、 福島県 南会津郡 只見町 にまたがる第四紀火山である。標高1,585.5m。一等 三角点 「浅草岳」設置。 越後三山只見国定公園 に属する。","https://ja.wikipedia.org/wiki/浅草岳","日本三百名山","https://ja.wikipedia.org/wiki/日本三百名山","グループ形式","北緯37度20分36.9秒東経139度14分00.8秒","日本新潟県魚沼市・福島県南会津郡只見町","北緯37度20分36.9秒東経139度14分00.8秒﻿ / ﻿北緯37.343583度 東経139.233556度﻿ /37.343583; 139.233556座標:北緯37度20分36.9秒東経139度14分00.8秒﻿ / ﻿北緯37.343583度 東経139.233556度﻿ /37.343583; 139.233556","1,585.5m","越後山脈","成層火山","","","","","","","","","","","","","",""
"金北山"," 金北山 （きんぽくさん）は、 新潟県 佐渡市 にある 山 。標高1,171.9mと、島内で最も高い山である。 大佐渡山地 のほぼ中央に位置する。","https://ja.wikipedia.org/wiki/金北山","日本三百名山","https://ja.wikipedia.org/wiki/日本三百名山","グループ形式","北緯38度06分14秒東経138度20分59秒","新潟県佐渡市","北緯38度06分14秒東経138度20分59秒﻿ / ﻿北緯38.10389度 東経138.34972度﻿ /38.10389; 138.34972","1,171.9m","大佐渡山地","","","","","","","","","","","","","","",""
"米山"," 米山 （よねやま）は、 新潟県 中越地方 と 上越地方 との境に位置する 山 である。 標高 992.5m。きれいな 四角錐 （ピラミッド型）の頂上部をもつ山容はよく目立ち、古くから海上交通の目印ともされた。","https://ja.wikipedia.org/wiki/米山","日本三百名山","https://ja.wikipedia.org/wiki/日本三百名山","グループ形式","北緯37度17分22.3秒東経138度29分02.2秒","日本新潟県柏崎市・上越市","北緯37度17分22.3秒東経138度29分02.2秒﻿ / ﻿北緯37.289528度 東経138.483944度﻿ /37.289528; 138.483944座標:北緯37度17分22.3秒東経138度29分02.2秒﻿ / ﻿北緯37.289528度 東経138.483944度﻿ /37.289528; 138.483944","992.5m","","","","","","","","","","","","","","","",""
"景鶴山"," 景鶴山 （けいづるやま）は、 尾瀬ヶ原 の北に存在する標高2,004mの 山 である。 群馬県 利根郡 片品村 と 新潟県 魚沼市 の境界に存在し、 日本三百名山  と ぐんま百名山  に指定されている。また山の南側は 尾瀬国立公園 に指定されている ","https://ja.wikipedia.org/wiki/景鶴山","日本三百名山","https://ja.wikipedia.org/wiki/日本三百名山","グループ形式","北緯36度57分24.7秒東経139度12分38秒","日本　新潟県魚沼市群馬県利根郡片品村戸倉","北緯36度57分24.7秒東経139度12分38秒﻿ / ﻿北緯36.956861度 東経139.21056度﻿ /36.956861; 139.21056座標:北緯36度57分24.7秒東経139度12分38秒﻿ / ﻿北緯36.956861度 東経139.21056度﻿ /36.956861; 139.21056","2,004m","越後山脈","","","","","","","","","","","","","","",""
"朝日岳 (群馬県)"," 朝日岳 （あさひだけ）は、 群馬県 利根郡 みなかみ町 と 新潟県 南魚沼市 にまたがる 標高 1,945 m の 山 である。","https://ja.wikipedia.org/wiki/朝日岳_(群馬県)","日本三百名山","https://ja.wikipedia.org/wiki/日本三百名山","グループ形式","北緯36度52分50秒東経138度58分21秒","日本群馬県利根郡みなかみ町新潟県南魚沼市","北緯36度52分50秒東経138度58分21秒﻿ / ﻿北緯36.88056度 東経138.97250度﻿ /36.88056; 138.97250座標:北緯36度52分50秒東経138度58分21秒﻿ / ﻿北緯36.88056度 東経138.97250度﻿ /36.88056; 138.97250","1,945.26m","三国山脈","","","","","","","","","","","","","","",""
"笠ヶ岳 (長野県)"," 笠ヶ岳 （かさがたけ）は、 長野県 下高井郡 山ノ内町 と 上高井郡 高山村 の境にある標高2,076mの山。笠岳とも呼ばれる。 日本三百名山 や 信州百名山 に選定されている。","https://ja.wikipedia.org/wiki/笠ヶ岳_(長野県)","日本三百名山","https://ja.wikipedia.org/wiki/日本三百名山","グループ形式","北緯36度67分80.3秒東経138度48分13.5秒","長野県下高井郡山ノ内町、上高井郡高山村","北緯36度67分80.3秒東経138度48分13.5秒﻿ / ﻿北緯37.138972度 東経138.803750度﻿ /37.138972; 138.803750座標: 緯度の分が60以上です座標: 緯度の秒が60以上です座標:北緯36度67分80.3秒東経138度48分13.5秒﻿ / ﻿北緯37.138972度 東経138.803750度﻿ /37.138972; 138.803750座標: 緯度の分が60以上です座標: 緯度の秒が60以上です{{#coordinates:}}: 緯度 (lat) の値が無効です","2,076m","志賀高原","","","","","","","","","","","","","","",""
"横手山"," 横手山 （よこてやま）は、 長野県 下高井郡 山ノ内町 と 群馬県 吾妻郡 中之条町 との境にある 火山 である。","https://ja.wikipedia.org/wiki/横手山","日本三百名山","https://ja.wikipedia.org/wiki/日本三百名山","グループ形式","北緯36度40分08秒東経138度31分33秒","日本長野県下高井郡山ノ内町・群馬県吾妻郡中之条町","北緯36度40分08秒東経138度31分33秒﻿ / ﻿北緯36.66889度 東経138.52583度﻿ /36.66889; 138.52583座標:北緯36度40分08秒東経138度31分33秒﻿ / ﻿北緯36.66889度 東経138.52583度﻿ /36.66889; 138.52583","2,307m","志賀高原","","","","","","","","","","","","","","",""
"諏訪山"," 諏訪山 （すわやま）は、 群馬県 多野郡 上野村 にある 標高 1,549mの 山 である。 日本山岳会 が選定した 日本三百名山 の一つ。","https://ja.wikipedia.org/wiki/諏訪山","日本三百名山","https://ja.wikipedia.org/wiki/日本三百名山","グループ形式","北緯36度2分24秒東経138度43分46秒","日本群馬県多野郡上野村","北緯36度2分24秒東経138度43分46秒﻿ / ﻿北緯36.04000度 東経138.72944度﻿ /36.04000; 138.72944","1,549.4m","","","","","","","","","","","","","","","",""
"斑尾山"," 斑尾山 （まだらおやま、まだらおさん）は、 長野県 飯山市 ・ 信濃町 との境にある、標高1382mの 火山 。 北信五岳 のひとつ。約70万年前頃から51万年前にかけて活動した  。","https://ja.wikipedia.org/wiki/斑尾山","日本三百名山","https://ja.wikipedia.org/wiki/日本三百名山","グループ形式","北緯36度50分13秒東経138度16分25秒","長野県飯山市、中野市、上水内郡信濃町、飯綱町、新潟県妙高市","北緯36度50分13秒東経138度16分25秒﻿ / ﻿北緯36.83694度 東経138.27361度﻿ /36.83694; 138.27361座標:北緯36度50分13秒東経138度16分25秒﻿ / ﻿北緯36.83694度 東経138.27361度﻿ /36.83694; 138.27361","1,382m","","成層火山","","","","","","","","","","","","","",""
"新潟焼山"," 新潟焼山 （にいがたやけやま）は、 新潟県 西部の 糸魚川市 と 妙高市 にある 頸城山塊 の 標高 2,400 m の 活火山 。通常「 焼山 」と呼ばれ     、 同名の山 と区別する際に「新潟焼山」の名称が用いられることがある  。 気象庁 が24時間体制で観測を行う全国47の常時観測火山の一つである  。","https://ja.wikipedia.org/wiki/新潟焼山","日本三百名山","https://ja.wikipedia.org/wiki/日本三百名山","グループ形式","北緯36度55分15秒東経138度02分09秒","日本新潟県糸魚川市、妙高市","北緯36度55分15秒東経138度02分09秒﻿ / ﻿北緯36.92083度 東経138.03583度﻿ /36.92083; 138.03583","2,400.26m","頸城山塊","成層火山（活火山ランクB）噴火警戒レベル1（活火山であることに留意）・常時観測火山","","","2016年","","","","","","","","","","",""
"黒姫山 (糸魚川市)"," 黒姫山 （くろひめやま）とは、 新潟県 糸魚川市 にある 山 のこと。 標高 1,221m   。 青海黒姫山 ともいう。","https://ja.wikipedia.org/wiki/黒姫山_(糸魚川市)","日本三百名山","https://ja.wikipedia.org/wiki/日本三百名山","グループ形式","北緯36度58分36秒東経137度47分24秒","新潟県糸魚川市","北緯36度58分36秒東経137度47分24秒﻿ / ﻿北緯36.97667度 東経137.79000度﻿ /36.97667; 137.79000","1,221m","飛騨山脈","","","","","","","","","","","","","","",""
"朝日岳 (飛騨山脈)"," 朝日岳 （あさひだけ）は、 飛騨山脈 （北アルプス） 後立山連峰 にある 標高 2,418mの 山 。 富山県 と 新潟県 にまたがる。","https://ja.wikipedia.org/wiki/朝日岳_(飛騨山脈)","日本三百名山","https://ja.wikipedia.org/wiki/日本三百名山","グループ形式","北緯36度49分36秒東経137度43分48秒","日本新潟県糸魚川市富山県下新川郡朝日町","北緯36度49分36秒東経137度43分48秒﻿ / ﻿北緯36.82667度 東経137.73000度﻿ /36.82667; 137.73000座標:北緯36度49分36秒東経137度43分48秒﻿ / ﻿北緯36.82667度 東経137.73000度﻿ /36.82667; 137.73000","2,417.97m","飛騨山脈（後立山連峰）","","","","","","","","","","","","","","",""
"唐松岳"," 唐松岳 （からまつだけ）は 飛騨山脈 （北アルプス）の 後立山連峰 にある 長野県 北安曇郡 白馬村 と 富山県 黒部市 にまたがる 標高 2,695.9 m の山    。別名が上犬ヶ嶽  。 剱岳 ・ 立山 ・ 鹿島槍ヶ岳 と並び、日本では数少ない 氷河 の現存する山である  。","https://ja.wikipedia.org/wiki/唐松岳","日本三百名山","https://ja.wikipedia.org/wiki/日本三百名山","グループ形式","北緯36度41分14秒東経137度45分17秒","日本長野県北安曇郡白馬村、富山県黒部市","北緯36度41分14秒東経137度45分17秒﻿ / ﻿北緯36.68722度 東経137.75472度﻿ /36.68722; 137.75472座標:北緯36度41分14秒東経137度45分17秒﻿ / ﻿北緯36.68722度 東経137.75472度﻿ /36.68722; 137.75472","2,695.9m","後立山連峰（飛騨山脈北部）","","","","","","","","","","","","","","",""
"爺ヶ岳"," 爺ヶ岳 （じいがたけ）は、 富山県 中新川郡 立山町 と 長野県 大町市 にまたがる、 飛騨山脈 （北アルプス）・ 後立山連峰 南部の 標高 2,670 m の 山 。山名は長野県側では「 じ いがたけ」と頭高型 アクセント で発音される。また栂山・栂谷ノ峯・後立山・五六ヶ岳・爺岳・爺子岳の別称を持つ  。","https://ja.wikipedia.org/wiki/爺ヶ岳","日本三百名山","https://ja.wikipedia.org/wiki/日本三百名山","グループ形式","北緯36度35分18秒東経137度45分03秒","日本富山県中新川郡立山町長野県大町市","北緯36度35分18秒東経137度45分03秒﻿ / ﻿北緯36.58833度 東経137.75083度﻿ /36.58833; 137.75083座標:北緯36度35分18秒東経137度45分03秒﻿ / ﻿北緯36.58833度 東経137.75083度﻿ /36.58833; 137.75083","2,669.82m","飛騨山脈（後立山連峰）","褶曲・隆起","","","","","","","","","","","","","",""
"蓮華岳"," 蓮華岳 （れんげだけ）は、 飛騨山脈 北部  、 富山県 中新川郡 立山町 と 長野県 大町市 とにまたがる 標高 2,799 m の 山   。 日本で66番目に高い 山  。針ノ木峠を挟んで 針ノ木岳 の東側に対峙している。","https://ja.wikipedia.org/wiki/蓮華岳","日本三百名山","https://ja.wikipedia.org/wiki/日本三百名山","グループ形式","北緯36度32分09秒東経137度42分38秒","日本富山県中新川郡立山町長野県大町市","北緯36度32分09秒東経137度42分38秒﻿ / ﻿北緯36.53583度 東経137.71056度﻿ /36.53583; 137.71056座標:北緯36度32分09秒東経137度42分38秒﻿ / ﻿北緯36.53583度 東経137.71056度﻿ /36.53583; 137.71056","2,798.73m","飛騨山脈","","","","","","","","","","","","","","",""
"野口五郎岳"," 野口五郎岳 （のぐちごろうだけ）は、 飛騨山脈 中部にある、標高2,924mの 山 。","https://ja.wikipedia.org/wiki/野口五郎岳","日本三百名山","https://ja.wikipedia.org/wiki/日本三百名山","グループ形式","北緯36度25分57秒東経137度38分16秒","富山県富山市、長野県大町市","北緯36度25分57秒東経137度38分16秒﻿ / ﻿北緯36.43250度 東経137.63778度﻿ /36.43250; 137.63778座標:北緯36度25分57秒東経137度38分16秒﻿ / ﻿北緯36.43250度 東経137.63778度﻿ /36.43250; 137.63778","2,924.3m","飛騨山脈","","","","","","","","","","","","","","",""
"三俣蓮華岳"," 三俣蓮華岳 （みつまたれんげだけ）は 飛騨山脈 にある 標高 2,841 m の 山 。古くは 立山 七十二峰の1つに数えられてきた。山域は 中部山岳国立公園 に指定されている  。 日本三百名山 に選定されている  。","https://ja.wikipedia.org/wiki/三俣蓮華岳","日本三百名山","https://ja.wikipedia.org/wiki/日本三百名山","グループ形式","北緯36度23分24秒東経137度35分16秒","日本富山県富山市長野県大町市岐阜県高山市","北緯36度23分24秒東経137度35分16秒﻿ / ﻿北緯36.39000度 東経137.58778度﻿ /36.39000; 137.58778座標:北緯36度23分24秒東経137度35分16秒﻿ / ﻿北緯36.39000度 東経137.58778度﻿ /36.39000; 137.58778","2,841.37m","飛騨山脈（立山連峰、後立山連峰、穂高連峰）","","","","","","","","","","","","","","",""
"鍬崎山"," 鍬崎山 （くわさきやま）は、 飛騨山脈 （北アルプス） 立山連峰 にある 富山県 富山市 の 標高 2,090 m の 山 。連峰の主 稜線 からやや離れた位置にそびえる。 日本三百名山 及び 富山の百山 の一つ。","https://ja.wikipedia.org/wiki/鍬崎山","日本三百名山","https://ja.wikipedia.org/wiki/日本三百名山","グループ形式","北緯36度32分24秒東経137度28分41秒","日本富山県富山市","北緯36度32分24秒東経137度28分41秒﻿ / ﻿北緯36.54000度 東経137.47806度﻿ /36.54000; 137.47806","2,089.7m","飛騨山脈（立山連峰）","","","","","","","","","","","","","","",""
"鉢盛山"," 鉢盛山 （はちもりやま）は、 長野県 西部の 松本地域 と 木曽地域 との境界にある 標高 2,447 m の 山   。","https://ja.wikipedia.org/wiki/鉢盛山","日本三百名山","https://ja.wikipedia.org/wiki/日本三百名山","グループ形式","北緯36度5分12秒東経137度45分17秒","日本長野県松本市東筑摩郡朝日村木曽郡木祖村","北緯36度5分12秒東経137度45分17秒﻿ / ﻿北緯36.08667度 東経137.75472度﻿ /36.08667; 137.75472座標:北緯36度5分12秒東経137度45分17秒﻿ / ﻿北緯36.08667度 東経137.75472度﻿ /36.08667; 137.75472","2,446.43m","飛騨山脈","","","","","","","","","","","","","","",""
"入笠山"," 入笠山 （にゅうかさやま、にゅうがさやま）は、 長野県 の中西部にある 赤石山脈（南アルプス） 北端の標高1,955 m の 山 。","https://ja.wikipedia.org/wiki/入笠山","日本三百名山","https://ja.wikipedia.org/wiki/日本三百名山","グループ形式","北緯35度53分47秒東経138度10分18秒","長野県伊那市、諏訪郡富士見町","北緯35度53分47秒東経138度10分18秒﻿ / ﻿北緯35.89639度 東経138.17167度﻿ /35.89639; 138.17167座標:北緯35度53分47秒東経138度10分18秒﻿ / ﻿北緯35.89639度 東経138.17167度﻿ /35.89639; 138.17167","1,955.10m","赤石山脈","","","","","","","","","","","","","","",""
"アサヨ峰"," アサヨ峰 （アサヨみね）は、 赤石山脈 の 甲斐駒ヶ岳 と 鳳凰山 とを結ぶ早川尾根上にある 山 である。 標高 は2,799m。甲斐駒ヶ岳、 仙丈ヶ岳 、 北岳 といった南アルプス北部の山々を好位置で展望することができる。","https://ja.wikipedia.org/wiki/アサヨ峰","日本三百名山","https://ja.wikipedia.org/wiki/日本三百名山","グループ形式","北緯35度43分54秒東経138度14分29秒","日本山梨県南アルプス市・北杜市","北緯35度43分54秒東経138度14分29秒﻿ / ﻿北緯35.73167度 東経138.24139度﻿ /35.73167; 138.24139座標:北緯35度43分54秒東経138度14分29秒﻿ / ﻿北緯35.73167度 東経138.24139度﻿ /35.73167; 138.24139","2,799m","赤石山脈","","","","","","","","","","","","","","",""
"奥茶臼山"," 奥茶臼山 （おくちゃうすやま）は、 長野県 飯田市 と 下伊那郡 大鹿村 にまたがる 赤石山脈 （南アルプス）の 標高 2,474 m の 山  。山頂には二等 三角点 が設置されていて  、山頂部は大鹿村に位置する  。","https://ja.wikipedia.org/wiki/奥茶臼山","日本三百名山","https://ja.wikipedia.org/wiki/日本三百名山","グループ形式","北緯35度29分06秒東経138度04分09秒","日本長野県飯田市、下伊那郡大鹿村","北緯35度29分06秒東経138度04分09秒﻿ / ﻿北緯35.48500度 東経138.06917度﻿ /35.48500; 138.06917座標:北緯35度29分06秒東経138度04分09秒﻿ / ﻿北緯35.48500度 東経138.06917度﻿ /35.48500; 138.06917","2,474.42m","赤石山脈","","","","","","","","","","","","","","",""
"茶臼岳 (赤石山脈)"," 茶臼岳 （ちゃうすだけ）は、 赤石山脈 （南アルプス）南部の 長野県 飯田市 との 静岡市 葵区 境界に位置する 標高 2,604 m の 山 で、 日本三百名山  に選定されている。","https://ja.wikipedia.org/wiki/茶臼岳_(赤石山脈)","日本三百名山","https://ja.wikipedia.org/wiki/日本三百名山","グループ形式","北緯35度22分9秒東経138度8分26秒","日本長野県飯田市静岡県静岡市葵区","北緯35度22分9秒東経138度8分26秒﻿ / ﻿北緯35.36917度 東経138.14056度﻿ /35.36917; 138.14056座標:北緯35度22分9秒東経138度8分26秒﻿ / ﻿北緯35.36917度 東経138.14056度﻿ /35.36917; 138.14056","2,604m","赤石山脈","褶曲隆起","","","","","","","","","","","","","",""
"黒法師岳"," 黒法師岳 （くろぼうしがたけ）は、 静岡県 浜松市 と 川根本町 の境界にある 山 。 南アルプス 深南部の山の一つ。標高2,068m   。","https://ja.wikipedia.org/wiki/黒法師岳","日本三百名山","https://ja.wikipedia.org/wiki/日本三百名山","グループ形式","北緯35度11分46秒東経138度1分46秒","静岡県浜松市天竜区榛原郡川根本町","北緯35度11分46秒東経138度1分46秒﻿ / ﻿北緯35.19611度 東経138.02944度﻿ /35.19611; 138.02944座標:北緯35度11分46秒東経138度1分46秒﻿ / ﻿北緯35.19611度 東経138.02944度﻿ /35.19611; 138.02944","2,068.09m","赤石山脈","","","","","","","","","","","","","","",""
"高塚山 (浜松市天竜区水窪町)"," 高塚山 （たかつかやま）は、 静岡県 浜松市 天竜区 水窪町にある標高1,621mの山。 日本三百名山 に選定されている。","https://ja.wikipedia.org/wiki/高塚山_(浜松市天竜区水窪町)","日本三百名山","https://ja.wikipedia.org/wiki/日本三百名山","グループ形式","北緯35度6分55秒東経138度0分13秒","静岡県浜松市","北緯35度6分55秒東経138度0分13秒﻿ / ﻿北緯35.11528度 東経138.00361度﻿ /35.11528; 138.00361座標:北緯35度6分55秒東経138度0分13秒﻿ / ﻿北緯35.11528度 東経138.00361度﻿ /35.11528; 138.00361","1,020m","山地","","","","","","","","","","","","","","",""
"熊伏山"," 熊伏山 （くまぶしやま、くまぶせやま）は 長野県 飯田市 と 下伊那郡 天龍村 の間に位置する標高1653mの山である。 日本三百名山 、 信州百名山 に選定されている。すぐ東側を 中央構造線 が通り、崩壊が多いことで知られる 青崩峠 がある。","https://ja.wikipedia.org/wiki/熊伏山","日本三百名山","https://ja.wikipedia.org/wiki/日本三百名山","グループ形式","北緯35度15分47.6秒東経137度53分41.5秒","日本長野県飯田市・下伊那郡天龍村","北緯35度15分47.6秒東経137度53分41.5秒﻿ / ﻿北緯35.263222度 東経137.894861度﻿ /35.263222; 137.894861座標:北緯35度15分47.6秒東経137度53分41.5秒﻿ / ﻿北緯35.263222度 東経137.894861度﻿ /35.263222; 137.894861","1,653.3mm","独立峰","","","","","","","","","","","","","","",""
"山伏 (赤石山脈)"," 山伏 （やんぶし）は、 山梨県 南巨摩郡 早川町 と 静岡県 静岡市 葵区 との境にある山である。 赤石山脈 の 白峰南嶺 に続く山で、同嶺の最南の2,000m峰であり、安倍川流域の最高峰でもある。 標高 2,013.2m。","https://ja.wikipedia.org/wiki/山伏_(赤石山脈)","日本三百名山","https://ja.wikipedia.org/wiki/日本三百名山","グループ形式","北緯35度18分16秒東経138度17分07秒","日本山梨県南巨摩郡早川町・静岡県静岡市葵区","北緯35度18分16秒東経138度17分07秒﻿ / ﻿北緯35.30444度 東経138.28528度﻿ /35.30444; 138.28528座標:北緯35度18分16秒東経138度17分07秒﻿ / ﻿北緯35.30444度 東経138.28528度﻿ /35.30444; 138.28528","2,013.2m","赤石山脈（白峰南嶺）","","","","","","","","","","","","","","",""
"奥三界岳"," 奥三界岳 （おくさんがいだけ）は、 岐阜県 中津川市 、 長野県 木曽郡 南木曽町 および 大桑村 にまたがる 阿寺山地 の 標高 1,811 m の 山   。地元では古くから 奥三界山 （おくさんがいさん）と呼ばれている  。「 日本三百名山 」  および「 ぎふ百山 」  に選定されている。山域は岐阜県の「裏木曽県立自然公園」に指定されている。","https://ja.wikipedia.org/wiki/奥三界岳","日本三百名山","https://ja.wikipedia.org/wiki/日本三百名山","グループ形式","北緯35度40分54秒東経137度30分26秒","日本岐阜県中津川市長野県木曽郡南木曽町、大桑村","北緯35度40分54秒東経137度30分26秒﻿ / ﻿北緯35.68167度 東経137.50722度﻿ /35.68167; 137.50722座標:北緯35度40分54秒東経137度30分26秒﻿ / ﻿北緯35.68167度 東経137.50722度﻿ /35.68167; 137.50722","1,810.69m","阿寺山地","","","","","","","","","","","","","","",""
"越百山"," 越百山 （こすもやま）は、 長野県 上伊那郡 飯島町 と 木曽郡 大桑村 にまたがる 標高 2,614 m の 山   。北には 南駒ヶ岳 、南は 奥念丈岳 へと続く 木曽山脈 （中央アルプス）南部の主稜線上にある。別名が越百岳（こすもだけ）   。","https://ja.wikipedia.org/wiki/越百山","日本三百名山","https://ja.wikipedia.org/wiki/日本三百名山","グループ形式","北緯35度40分46秒東経137度48分12秒","日本長野県上伊那郡飯島町、木曽郡大桑村","北緯35度40分46秒東経137度48分12秒﻿ / ﻿北緯35.67944度 東経137.80333度﻿ /35.67944; 137.80333座標:北緯35度40分46秒東経137度48分12秒﻿ / ﻿北緯35.67944度 東経137.80333度﻿ /35.67944; 137.80333","2,613.24m","木曽山脈（中央アルプス）","褶曲・隆起","","","","","","","","","","","","","",""
"南木曽岳"," 南木曽岳 （なぎそだけ）は、 木曽山脈（中央アルプス） 南西部、 長野県 南木曽町 にある 標高 1,679 m  の 山 。 日本三百名山 に選定されていて  、長野県の「県自然環境保全地域」の指定を受けている山である   。","https://ja.wikipedia.org/wiki/南木曽岳","日本三百名山","https://ja.wikipedia.org/wiki/日本三百名山","グループ形式","北緯35度35分33秒東経137度38分39秒","長野県木曽郡南木曽町","北緯35度35分33秒東経137度38分39秒﻿ / ﻿北緯35.59250度 東経137.64417度﻿ /35.59250; 137.64417座標:北緯35度35分33秒東経137度38分39秒﻿ / ﻿北緯35.59250度 東経137.64417度﻿ /35.59250; 137.64417","1,679m","木曽山脈（中央アルプス）","隆起（花崗岩）","","","","","","","","","","","","","",""
"白木峰"," 白木峰 （しらきみね）は、 富山県 富山市 と 岐阜県 飛騨市 の県境に位置する標高1,596mの山である。山頂に広大な草原と様々な高山植物が見られるのが特徴。 白木水無県立自然公園 の中心の山。 日本三百名山 、 ぎふ百山 に選ばれている。","https://ja.wikipedia.org/wiki/白木峰","日本三百名山","https://ja.wikipedia.org/wiki/日本三百名山","グループ形式","北緯36度24分56.1秒東経137度6分44.5秒","日本富山県富山市・岐阜県飛騨市","北緯36度24分56.1秒東経137度6分44.5秒﻿ / ﻿北緯36.415583度 東経137.112361度﻿ /36.415583; 137.112361座標:北緯36度24分56.1秒東経137度6分44.5秒﻿ / ﻿北緯36.415583度 東経137.112361度﻿ /36.415583; 137.112361","1,596m","飛騨高地","","","","","","","","","","","","","","",""
"人形山"," 人形山 （にんぎょうざん）は、 富山県 南砺市 （ 五箇山 地域）と 岐阜県 白川村 （ 白川郷 ）にまたがる 飛騨高地 北部に位置する 標高 1,726 m の 山 である  。 日本三百名山  、 新日本百名山  および ぎふ百山  の一つに選定されている。 登山 口は富山県側にある。","https://ja.wikipedia.org/wiki/人形山","日本三百名山","https://ja.wikipedia.org/wiki/日本三百名山","グループ形式","北緯36度20分56秒東経136度56分23秒","日本富山県南砺市岐阜県大野郡白川村","北緯36度20分56秒東経136度56分23秒﻿ / ﻿北緯36.34889度 東経136.93972度﻿ /36.34889; 136.93972座標:北緯36度20分56秒東経136度56分23秒﻿ / ﻿北緯36.34889度 東経136.93972度﻿ /36.34889; 136.93972","1,726m","飛騨高地","","","","","","","","","","","","","","",""
"医王山"," 医王山 （いおうぜん）  は、 石川県 金沢市 と 富山県 南砺市 にまたがる 標高 939 m の 山塊 である。白兀山、奥医王山及び前医王山などの山塊の総称で、最高点の 奥医王山 には 一等三角点 が設置されている  。 日本三百名山  及び 新・花の百名山  に選定されている。","https://ja.wikipedia.org/wiki/医王山","日本三百名山","https://ja.wikipedia.org/wiki/日本三百名山","グループ形式","北緯36度30分46秒東経136度47分46秒","石川県金沢市富山県南砺市","北緯36度30分46秒東経136度47分46秒﻿ / ﻿北緯36.51278度 東経136.79611度﻿ /36.51278; 136.79611","939.07m","両白山地","","719年（泰澄大師）","","","","","","","","","","","","",""
"大門山"," 大門山 （だいもんざん）は、 両白山地 北部の 石川県 金沢市 と 富山県 南砺市 との県境にある 標高 1,572 m の 山 。別名が「 加賀富士 」   。","https://ja.wikipedia.org/wiki/大門山","日本三百名山","https://ja.wikipedia.org/wiki/日本三百名山","グループ形式","北緯36度21分55秒東経136度48分13秒","日本石川県金沢市、富山県南砺市","北緯36度21分55秒東経136度48分13秒﻿ / ﻿北緯36.36528度 東経136.80361度﻿ /36.36528; 136.80361座標:北緯36度21分55秒東経136度48分13秒﻿ / ﻿北緯36.36528度 東経136.80361度﻿ /36.36528; 136.80361","1571.59m","両白山地","","","","","","","","","","","","","","",""
"大笠山"," 大笠山 （おおがさやま）は、 石川県 白山市 と 富山県 南砺市 との県境にある 標高 1,822 m の 両白山地 の 山 。 日本三百名山 に選定されている  。","https://ja.wikipedia.org/wiki/大笠山","日本三百名山","https://ja.wikipedia.org/wiki/日本三百名山","グループ形式","北緯36度19分14秒東経136度47分23秒","石川県白山市富山県南砺市","北緯36度19分14秒東経136度47分23秒﻿ / ﻿北緯36.32056度 東経136.78972度﻿ /36.32056; 136.78972座標:北緯36度19分14秒東経136度47分23秒﻿ / ﻿北緯36.32056度 東経136.78972度﻿ /36.32056; 136.78972","1,821.84m","両白山地","","","","","","","","","","","","","","",""
"三方岩岳"," 三方岩岳 （さんぽういわだけ）は、 石川県 白山市 と 岐阜県 大野郡 白川村 にまたがり、 両白山地 の北部に位置する 標高 1,736 m の 山 である。 白山国立公園 内にあり  、 日本三百名山  及び ぎふ百山  に選定されている。","https://ja.wikipedia.org/wiki/三方岩岳","日本三百名山","https://ja.wikipedia.org/wiki/日本三百名山","グループ形式","北緯36度15分30秒東経136度50分40秒","石川県白山市岐阜県大野郡白川村","北緯36度15分30秒東経136度50分40秒﻿ / ﻿北緯36.25833度 東経136.84444度﻿ /36.25833; 136.84444座標:北緯36度15分30秒東経136度50分40秒﻿ / ﻿北緯36.25833度 東経136.84444度﻿ /36.25833; 136.84444","1,736m","両白山地","火山","","","","","","","","","","","","","",""
"猿ヶ馬場山 (岐阜県)"," 猿ヶ馬場山 （さるがばんばやま）は、 岐阜県 大野郡 白川村 の 白川郷 の東側に位置する 飛騨高地 最高峰 の 標高 1,875 m の 山 。","https://ja.wikipedia.org/wiki/猿ヶ馬場山_(岐阜県)","日本三百名山","https://ja.wikipedia.org/wiki/日本三百名山","グループ形式","北緯36度13分33秒東経136度56分34秒","日本岐阜県大野郡白川村","北緯36度13分33秒東経136度56分34秒﻿ / ﻿北緯36.22583度 東経136.94278度﻿ /36.22583; 136.94278座標:北緯36度13分33秒東経136度56分34秒﻿ / ﻿北緯36.22583度 東経136.94278度﻿ /36.22583; 136.94278","1,875m","飛騨高地","","","","","","","","","","","","","","",""
"経ヶ岳 (福井県)"," 経ヶ岳 （きょうがたけ）は、 福井県 勝山市 と 大野市 の境にある 標高 1,625 m の 山 。 白山国立公園 の特別地域  ・ 恐竜渓谷ふくい勝山ジオパーク  ・ 奥越高原県立自然公園  内にある。 日本三百名山 に選定されている  。","https://ja.wikipedia.org/wiki/経ヶ岳_(福井県)","日本三百名山","https://ja.wikipedia.org/wiki/日本三百名山","グループ形式","北緯36度02分47秒東経136度37分19秒","日本福井県勝山市・大野市","北緯36度02分47秒東経136度37分19秒﻿ / ﻿北緯36.04639度 東経136.62194度﻿ /36.04639; 136.62194座標:北緯36度02分47秒東経136度37分19秒﻿ / ﻿北緯36.04639度 東経136.62194度﻿ /36.04639; 136.62194","1,625.20m","両白山地","成層火山","","","","","","","","","","","","","",""
"野伏ヶ岳"," 野伏ヶ岳 （のぶせがたけ）は、 岐阜県 郡上市 白鳥町 と 福井県 大野市 の境にある、 標高 1,674 m の 山 。 両白山地 の山で、 日本三百名山  及び ぎふ百山  に選定されている。","https://ja.wikipedia.org/wiki/野伏ヶ岳","日本三百名山","https://ja.wikipedia.org/wiki/日本三百名山","グループ形式","北緯36度00分46秒東経136度43分57秒","日本岐阜県郡上市白鳥町福井県大野市","北緯36度00分46秒東経136度43分57秒﻿ / ﻿北緯36.01278度 東経136.73250度﻿ /36.01278; 136.73250座標:北緯36度00分46秒東経136度43分57秒﻿ / ﻿北緯36.01278度 東経136.73250度﻿ /36.01278; 136.73250","1,674.28m","両白山地","","","","","","","","","","","","","","",""
"鷲ヶ岳 (岐阜県)"," 鷲ヶ岳 （わしがたけ）は、 岐阜県 郡上市 と 高山市 にまたがる 飛騨高地 の 標高 1,671 m の 山 。 日本三百名山  および ぎふ百山  の一つに選定されている。別称は、「雲ヶ嶽」（雲ヶ岳　くもがたけ）  、「雲ヶ峰」  。","https://ja.wikipedia.org/wiki/鷲ヶ岳_(岐阜県)","日本三百名山","https://ja.wikipedia.org/wiki/日本三百名山","グループ形式","北緯35度56分25秒東経136度58分17秒","日本岐阜県郡上市・高山市","北緯35度56分25秒東経136度58分17秒﻿ / ﻿北緯35.94028度 東経136.97139度﻿ /35.94028; 136.97139座標:北緯35度56分25秒東経136度58分17秒﻿ / ﻿北緯35.94028度 東経136.97139度﻿ /35.94028; 136.97139","1,671.48m","飛騨高地","","","","","","","","","","","","","","",""
"川上岳"," 川上岳 （かおれだけ）は、 岐阜県 下呂市 と 高山市 にまたがる標高1,625mの 山   。 日本三百名山 に選定されている。","https://ja.wikipedia.org/wiki/川上岳","日本三百名山","https://ja.wikipedia.org/wiki/日本三百名山","グループ形式","北緯36度00分29秒東経137度08分58秒","岐阜県高山市、下呂市","北緯36度00分29秒東経137度08分58秒﻿ / ﻿北緯36.00806度 東経137.14944度﻿ /36.00806; 137.14944","1,625m","飛騨高地","","","","","","","","","","","","","","",""
"冠山 (岐阜・福井県境)"," 冠山 （かんむりやま）は、 両白山地 南部の越美山地の 岐阜県 と 福井県 にまたがる 標高 1,256 m の 山 である。 揖斐川 及び 九頭竜川 支流 の 足羽川 の源流となる山で、 冠山峠 がその 分水嶺 となっている。","https://ja.wikipedia.org/wiki/冠山_(岐阜・福井県境)","日本三百名山","https://ja.wikipedia.org/wiki/日本三百名山","グループ形式","北緯35度46分47秒東経136度24分34秒","日本岐阜県揖斐郡揖斐川町福井県今立郡池田町","北緯35度46分47秒東経136度24分34秒﻿ / ﻿北緯35.77972度 東経136.40944度﻿ /35.77972; 136.40944座標:北緯35度46分47秒東経136度24分34秒﻿ / ﻿北緯35.77972度 東経136.40944度﻿ /35.77972; 136.40944","1,256.57m","両白山地（越美山地）","","","","","","","","","","","","","","",""
"藤原岳"," 藤原岳 （ふじわらだけ）は 鈴鹿国定公園 の 三重県 いなべ市 と 滋賀県 東近江市 との境界にある 山 。 標高 1,144 m  。 鈴鹿山脈 の北部に位置し、 日本三百名山 及び 関西百名山 、 花の百名山 に選定されている。","https://ja.wikipedia.org/wiki/藤原岳","日本三百名山","https://ja.wikipedia.org/wiki/日本三百名山","グループ形式","北緯35度09分31秒東経136度27分10秒","日本三重県いなべ市滋賀県東近江市","北緯35度09分31秒東経136度27分10秒﻿ / ﻿北緯35.15861度 東経136.45278度﻿ /35.15861; 136.45278座標:北緯35度09分31秒東経136度27分10秒﻿ / ﻿北緯35.15861度 東経136.45278度﻿ /35.15861; 136.45278","1,144m","鈴鹿山脈","堆積岩（石灰岩）","","","","","","","","","","","","","",""
"倶留尊山"," 倶留尊山 （くろそやま）は、 三重県 津市 と 奈良県 宇陀郡 曽爾村 にまたがる 高見山地 の標高1,037 m の 山 である。 日本三百名山 の一つに数えられる  。","https://ja.wikipedia.org/wiki/倶留尊山","日本三百名山","https://ja.wikipedia.org/wiki/日本三百名山","グループ形式","北緯34度31分51秒東経136度10分13秒","日本三重県津市・奈良県宇陀郡曽爾村","北緯34度31分51秒東経136度10分13秒﻿ / ﻿北緯34.53083度 東経136.17028度﻿ /34.53083; 136.17028座標:北緯34度31分51秒東経136度10分13秒﻿ / ﻿北緯34.53083度 東経136.17028度﻿ /34.53083; 136.17028","1,037.27m","高見山地","","","","","","","","","","","","","","",""
"三峰山 (三重県・奈良県)"," 三峰山 （みうねやま）は、 高見山地 に属する 山 である。 日本三百名山 の一つに数えられる  。","https://ja.wikipedia.org/wiki/三峰山_(三重県・奈良県)","日本三百名山","https://ja.wikipedia.org/wiki/日本三百名山","グループ形式","北緯34度26分55秒東経136度12分23秒","三重県松阪市・津市奈良県御杖村","北緯34度26分55秒東経136度12分23秒﻿ / ﻿北緯34.44861度 東経136.20639度﻿ /34.44861; 136.20639座標:北緯34度26分55秒東経136度12分23秒﻿ / ﻿北緯34.44861度 東経136.20639度﻿ /34.44861; 136.20639","1,235.2m","高見山地","","","","","","","","","","","","","","",""
"高見山"," 高見山 （たかみさん、たかみやま）は、 奈良県 吉野郡 東吉野村 と 三重県 松阪市 （旧 飯南郡 飯高町 ）との境界にある山である。 標高 は1,248.4m。","https://ja.wikipedia.org/wiki/高見山","日本三百名山","https://ja.wikipedia.org/wiki/日本三百名山","グループ形式","北緯34度25分43秒東経136度05分19秒","奈良県吉野郡東吉野村・三重県松阪市","北緯34度25分43秒東経136度05分19秒﻿ / ﻿北緯34.42861度 東経136.08861度﻿ /34.42861; 136.08861座標:北緯34度25分43秒東経136度05分19秒﻿ / ﻿北緯34.42861度 東経136.08861度﻿ /34.42861; 136.08861","1,248.4m","高見山地・台高山脈","","","","","","","","","","","","","","",""
"竜門岳"," 竜門岳 （りゅうもんがだけ）は、 奈良県 の 宇陀市 と 吉野郡 吉野町 の市町境にある 山 で、 竜門山地  に属している。 龍門岳 あるいは 龍門ガ岳 （ 龍門ヶ岳 ）と表記されることもある  。 日本三百名山 の一つに数えられる  。","https://ja.wikipedia.org/wiki/竜門岳","日本三百名山","https://ja.wikipedia.org/wiki/日本三百名山","グループ形式","北緯34度26分26秒東経135度53分52秒","奈良県吉野町","北緯34度26分26秒東経135度53分52秒﻿ / ﻿北緯34.44056度 東経135.89778度﻿ /34.44056; 135.89778","904.1m","竜門山地","","","","","","","","","","","","","","",""
"護摩壇山"," 護摩壇山 （ごまだんざん、ごまだんやま）は、 和歌山県 田辺市 と 奈良県 吉野郡 十津川村 との県境にある 山 である。 標高 は1,372 m 。 紀伊山地 に属する。","https://ja.wikipedia.org/wiki/護摩壇山","日本三百名山","https://ja.wikipedia.org/wiki/日本三百名山","グループ形式","北緯34度03分27秒東経135度34分01秒","日本和歌山県田辺市龍神村奈良県吉野郡十津川村","北緯34度03分27秒東経135度34分01秒﻿ / ﻿北緯34.05750度 東経135.56694度﻿ /34.05750; 135.56694座標:北緯34度03分27秒東経135度34分01秒﻿ / ﻿北緯34.05750度 東経135.56694度﻿ /34.05750; 135.56694","1,372m","護摩壇山山系","","","","","","","","","","","","","","",""
"大和葛城山"," 大和葛城山 （やまとかつらぎさん）は、 奈良県 御所市 と 大阪府 南河内郡 千早赤阪村 との境に位置する標高959.2mの 山 である。単に 葛城山 と呼ばれることもある。","https://ja.wikipedia.org/wiki/大和葛城山","日本三百名山","https://ja.wikipedia.org/wiki/日本三百名山","グループ形式","北緯34度27分22秒東経135度40分56秒","日本奈良県御所市・大阪府南河内郡千早赤阪村","北緯34度27分22秒東経135度40分56秒﻿ / ﻿北緯34.45611度 東経135.68222度﻿ /34.45611; 135.68222座標:北緯34度27分22秒東経135度40分56秒﻿ / ﻿北緯34.45611度 東経135.68222度﻿ /34.45611; 135.68222","959.2m","金剛山地","","","","","","","","","","","","","","",""
"蓬莱山 (滋賀県)"," 蓬萊山 （ほうらいさん）は、 比良山地 中部に属する 山 である。比良山地の中では 武奈ヶ岳 に次ぐ高峰であり、 日本三百名山 の一つに数えられる  。","https://ja.wikipedia.org/wiki/蓬莱山_(滋賀県)","日本三百名山","https://ja.wikipedia.org/wiki/日本三百名山","グループ形式","北緯35度12分34秒東経135度53分09秒","滋賀県大津市","北緯35度12分34秒東経135度53分09秒﻿ / ﻿北緯35.20944度 東経135.88583度﻿ /35.20944; 135.88583","1,174m","比良山地","","","","","","","","","","","","","","",""
"比叡山"," 比叡山 （ひえいざん）は、 滋賀県 大津市 西部と 京都府 京都市 北東部にまたがる 山 。大津市と京都市 左京区 の県境に位置する 大比叡 （848.3m）と左京区に位置する 四明岳 （しめいがたけ、838m）の二峰から成る双耳峰の総称である。 高野山 と並び古くより信仰対象の山とされ、 延暦寺 や 日吉大社 があり繁栄した。 東山三十六峰 に含まれる場合も有る  。別称は叡山、北嶺、天台山、都富士など。","https://ja.wikipedia.org/wiki/比叡山","日本三百名山","https://ja.wikipedia.org/wiki/日本三百名山","グループ形式","北緯35度03分57秒東経135度50分04秒","日本滋賀県大津市・京都府京都市左京区","北緯35度03分57秒東経135度50分04秒﻿ / ﻿北緯35.06583度 東経135.83444度﻿ /35.06583; 135.83444座標:北緯35度03分57秒東経135度50分04秒﻿ / ﻿北緯35.06583度 東経135.83444度﻿ /35.06583; 135.83444","848.3m","","","","","","","","","","","","","","","",""
"愛宕山 (京都市)"," 愛宕山 （あたごやま、あたごさん）は、 京都府 京都市 右京区 の北西部、 山城国 と 丹波国 の国境にある 山 である。京都市街を取り巻く山の中で、 比叡山 と並びよく目立っており、信仰の山としても知られる。","https://ja.wikipedia.org/wiki/愛宕山_(京都市)","日本三百名山","https://ja.wikipedia.org/wiki/日本三百名山","グループ形式","北緯35度03分36秒東経135度38分03秒","日本京都府京都市右京区","北緯35度03分36秒東経135度38分03秒﻿ / ﻿北緯35.06000度 東経135.63417度﻿ /35.06000; 135.63417座標:北緯35度03分36秒東経135度38分03秒﻿ / ﻿北緯35.06000度 東経135.63417度﻿ /35.06000; 135.63417","924m","","","","","","","","","","","","","","","",""
"六甲山"," 六甲山 （ろっこうさん）は、 兵庫県 南東部、 神戸市 の市街地の西から北にかけて位置する 山塊 である。 瀬戸内海国立公園 の区域に指定されており、また 新日本百名山 、 日本三百名山 、 ふるさと兵庫50山 の一つでもある。","https://ja.wikipedia.org/wiki/六甲山","日本三百名山","https://ja.wikipedia.org/wiki/日本三百名山","グループ形式","北緯34度46分40.815秒東経135度15分49.4669秒","日本兵庫県神戸市東灘区・北区","北緯34度46分40.815秒東経135度15分49.4669秒﻿ / ﻿北緯34.77800417度 東経135.263740806度﻿ /34.77800417; 135.263740806座標:北緯34度46分40.815秒東経135度15分49.4669秒﻿ / ﻿北緯34.77800417度 東経135.263740806度﻿ /34.77800417; 135.263740806","931.25m","六甲山系","","","","","","","","","","","","","","",""
"山上ヶ岳"," 大峰山 （おおみねさん）は、 奈良県 の南部にある 山 。現在では広義には 大峰山脈 を、狭義には 山上ヶ岳 （さんじょうがたけ）を指す。歴史的には「大峰山」は、大峰山脈のうち山上ヶ岳の南にある小篠（おざさ）から 熊野 までの峰々の呼び名であった。対して小篠から山上ヶ岳を含み尾根沿いに 吉野川 河岸までを 金峰山 という。","https://ja.wikipedia.org/wiki/山上ヶ岳","日本三百名山","https://ja.wikipedia.org/wiki/日本三百名山","グループ形式","","","","","","","","","","","","","","","","","","","",""
"扇ノ山"," 扇ノ山 （おうぎのせん）は、 兵庫県 と 鳥取県 にまたがる山で、 標高 1,309.9m  。 関西百名山 や 日本三百名山 に選ばれている  。","https://ja.wikipedia.org/wiki/扇ノ山","日本三百名山","https://ja.wikipedia.org/wiki/日本三百名山","グループ形式","北緯35度26分23秒東経134度26分27秒","日本兵庫県美方郡新温泉町（旧温泉町）・鳥取県鳥取市（旧国府町）・八頭郡八頭町（旧郡家町・旧八東町）・若桜町","北緯35度26分23秒東経134度26分27秒﻿ / ﻿北緯35.43972度 東経134.44083度﻿ /35.43972; 134.44083座標:北緯35度26分23秒東経134度26分27秒﻿ / ﻿北緯35.43972度 東経134.44083度﻿ /35.43972; 134.44083","1,309.9m","","","","","","","","","","","","","","","",""
"那岐山"," 那岐山 （なぎさん）は 鳥取県 八頭郡 智頭町 と 岡山県 勝田郡 奈義町 の境界にある 山 。「 なぎせん 」とも呼ばれる。 氷ノ山 、 後山 などと並んで、 氷ノ山後山那岐山国定公園 の区域に指定されている。","https://ja.wikipedia.org/wiki/那岐山","日本三百名山","https://ja.wikipedia.org/wiki/日本三百名山","グループ形式","北緯35度10分11秒東経134度10分40秒","日本岡山県勝田郡奈義町鳥取県八頭郡智頭町","北緯35度10分11秒東経134度10分40秒﻿ / ﻿北緯35.16972度 東経134.17778度﻿ /35.16972; 134.17778座標:北緯35度10分11秒東経134度10分40秒﻿ / ﻿北緯35.16972度 東経134.17778度﻿ /35.16972; 134.17778","1,255.0m","那岐山系（中国山地）","残丘","","","","","","","","","","","","","",""
"道後山"," 道後山 （どうごやま）は、 中国山地 中部に属する 山 である。 日本三百名山 の一つに数えられる  。","https://ja.wikipedia.org/wiki/道後山","日本三百名山","https://ja.wikipedia.org/wiki/日本三百名山","グループ形式","北緯35度04分12秒東経133度14分09秒","日本鳥取県日野郡日南町・広島県庄原市","北緯35度04分12秒東経133度14分09秒﻿ / ﻿北緯35.07000度 東経133.23583度﻿ /35.07000; 133.23583座標:北緯35度04分12秒東経133度14分09秒﻿ / ﻿北緯35.07000度 東経133.23583度﻿ /35.07000; 133.23583","1,268m","中国山地","","","","","","","","","","","","","","",""
"吾妻山 (広島県・島根県)"," 吾妻山 （あづまやま）は 広島県 庄原市 と 島根県 仁多郡 奥出雲町 との境にある 標高 1,239mの山。 比婆道後帝釈国定公園 に属している。","https://ja.wikipedia.org/wiki/吾妻山_(広島県・島根県)","日本三百名山","https://ja.wikipedia.org/wiki/日本三百名山","グループ形式","北緯35度04分05秒東経133度01分59秒","日本広島県庄原市・島根県仁多郡奥出雲町","北緯35度04分05秒東経133度01分59秒﻿ / ﻿北緯35.06806度 東経133.03306度﻿ /35.06806; 133.03306座標:北緯35度04分05秒東経133度01分59秒﻿ / ﻿北緯35.06806度 東経133.03306度﻿ /35.06806; 133.03306","1,238.4m","比婆山地","","","","","","","","","","","","","","",""
"伊予富士"," 伊予富士 （いよふじ）は、 四国山地 西部の 石鎚山地 に属する 山 である。 日本三百名山 の一つに数えられる  。","https://ja.wikipedia.org/wiki/伊予富士","日本三百名山","https://ja.wikipedia.org/wiki/日本三百名山","グループ形式","北緯33度47分17秒東経133度14分53秒","日本愛媛県西条市・高知県いの町","北緯33度47分17秒東経133度14分53秒﻿ / ﻿北緯33.78806度 東経133.24806度﻿ /33.78806; 133.24806座標:北緯33度47分17秒東経133度14分53秒﻿ / ﻿北緯33.78806度 東経133.24806度﻿ /33.78806; 133.24806","1,756m","四国山地","","","","","","","","","","","","","","",""
"瓶ヶ森"," 瓶ヶ森 （かめがもり）は、 四国山地 西部の 石鎚山脈 に属する 山 である。標高1,897m   。 日本三百名山 および 四国百名山 の一つに数えられる   。 愛媛県 第三の高峰で、 四国 でも 二ノ森 (1,929m) に次いで5位、 西日本 でも 八経ヶ岳 に次いで7位となる。瓶ヶ森の名称は山頂西側の 湧水 のたまる瓶壺（かめつぼ）に由来する  。","https://ja.wikipedia.org/wiki/瓶ヶ森","日本三百名山","https://ja.wikipedia.org/wiki/日本三百名山","グループ形式","北緯33度47分41秒東経133度11分36秒","愛媛県西条市","北緯33度47分41秒東経133度11分36秒﻿ / ﻿北緯33.79472度 東経133.19333度﻿ /33.79472; 133.19333座標:北緯33度47分41秒東経133度11分36秒﻿ / ﻿北緯33.79472度 東経133.19333度﻿ /33.79472; 133.19333","1,897m","石鎚山脈（四国山地）","","","","","","","","","","","","","","",""
"三本杭"," 三本杭 （さんぼんぐい）は、 四国山地 西部に属する 山 である。 国土地理院 では 石鎚山 と同じ四国山地西部に分類しているが、石鎚山からは隔てられた四国南西部に位置する。 滑床渓谷 のすぐ南側に聳え、 滑床山 （なめとこやま）とも呼ばれる。 日本三百名山 の一つに数えられる  。","https://ja.wikipedia.org/wiki/三本杭","日本三百名山","https://ja.wikipedia.org/wiki/日本三百名山","グループ形式","北緯33度11分18秒東経132度38分07秒","日本愛媛県宇和島市","北緯33度11分18秒東経132度38分07秒﻿ / ﻿北緯33.18833度 東経132.63528度﻿ /33.18833; 132.63528座標:北緯33度11分18秒東経132度38分07秒﻿ / ﻿北緯33.18833度 東経132.63528度﻿ /33.18833; 132.63528","1,225.7m","四国山地","","","","","","","","","","","","","","",""
"篠山 (高知県・愛媛県)"," 篠山 （ささやま）は、 四国山地 西部に属する 山 である。 日本三百名山 の1つ。山名は ミヤコザサ および アケボノツツジ の大群落があることに由来する  。","https://ja.wikipedia.org/wiki/篠山_(高知県・愛媛県)","日本三百名山","https://ja.wikipedia.org/wiki/日本三百名山","グループ形式","北緯33度03分21秒東経132度39分33秒","日本愛媛県愛南町・高知県宿毛市","北緯33度03分21秒東経132度39分33秒﻿ / ﻿北緯33.05583度 東経132.65917度﻿ /33.05583; 132.65917座標:北緯33度03分21秒東経132度39分33秒﻿ / ﻿北緯33.05583度 東経132.65917度﻿ /33.05583; 132.65917","1,065m","四国山地","","","","","","","","","","","","","","",""
"脊振山"," 脊振山 （せふりさん）は、 福岡県 福岡市 早良区 と 佐賀県 神埼市 との境に位置する 標高 1,054.6m、 脊振山系 最高峰の 山 である。 日本三百名山 の一つ。山頂には、 航空自衛隊 、 アメリカ軍 の レーダーサイト （ 脊振山分屯基地 ）がある。","https://ja.wikipedia.org/wiki/脊振山","日本三百名山","https://ja.wikipedia.org/wiki/日本三百名山","グループ形式","北緯33度26分11秒東経130度22分07秒","日本福岡県福岡市早良区・佐賀県神埼市","北緯33度26分11秒東経130度22分07秒﻿ / ﻿北緯33.43639度 東経130.36861度﻿ /33.43639; 130.36861座標:北緯33度26分11秒東経130度22分07秒﻿ / ﻿北緯33.43639度 東経130.36861度﻿ /33.43639; 130.36861","1,054.6m","脊振山地","","","","","","","","","","","","","","",""
"多良岳"," 多良岳 （たらだけ）は、 九州 の 山 。 長崎県 と 佐賀県 の県境に位置する標高996mの山。多良岳山系の一峰。","https://ja.wikipedia.org/wiki/多良岳","日本三百名山","https://ja.wikipedia.org/wiki/日本三百名山","グループ形式","北緯32度58分31.7秒東経130度5分33秒","佐賀県藤津郡太良町・長崎県諫早市","北緯32度58分31.7秒東経130度5分33秒﻿ / ﻿北緯32.975472度 東経130.09250度﻿ /32.975472; 130.09250座標:北緯32度58分31.7秒東経130度5分33秒﻿ / ﻿北緯32.975472度 東経130.09250度﻿ /32.975472; 130.09250","996m","多良岳山系","成層火山、溶岩ドーム","","","","","","","","","","","","","",""
"鶴見岳"," 鶴見岳 （つるみだけ）は、 大分県 別府市 にある 活火山 。標高は1,375m。 日本三百名山 のひとつ。東側山麓の 扇状地 には 別府温泉 （ 別府八湯 ）が広がる。","https://ja.wikipedia.org/wiki/鶴見岳","日本三百名山","https://ja.wikipedia.org/wiki/日本三百名山","グループ形式","北緯33度17分12秒東経131度25分47秒","日本大分県別府市","北緯33度17分12秒東経131度25分47秒﻿ / ﻿北緯33.28667度 東経131.42972度﻿ /33.28667; 131.42972座標:北緯33度17分12秒東経131度25分47秒﻿ / ﻿北緯33.28667度 東経131.42972度﻿ /33.28667; 131.42972","1,374.5m","","成層火山、溶岩ドーム(活火山ランクB)","","","","","","","","","","","","","",""
"大船山 (大分県)"," 大船山 （たいせんざん）は、 大分県 竹田市 （旧 久住町 ）にあり、 九重連山 を形成する 火山 のひとつである。 標高 1,786m。","https://ja.wikipedia.org/wiki/大船山_(大分県)","日本三百名山","https://ja.wikipedia.org/wiki/日本三百名山","グループ形式","北緯33度05分42秒東経131度16分50秒","日本大分県竹田市","北緯33度05分42秒東経131度16分50秒﻿ / ﻿北緯33.09500度 東経131.28056度﻿ /33.09500; 131.28056座標:北緯33度05分42秒東経131度16分50秒﻿ / ﻿北緯33.09500度 東経131.28056度﻿ /33.09500; 131.28056","1,786,2m","九重山系","第四紀火山","","","","","","","","","","","","","",""
"涌蓋山"," 涌蓋山 （ 湧蓋山 、わいたざん  、わいたさん）は、 大分県 玖珠郡 九重町 と 熊本県 阿蘇郡 小国町 にまたがる 第四紀 の 火山 。 活火山 ではなく、山体地形は 侵食 がやや進んでいる。 放射年代 によれば約50万年前～40万年前の 噴火 で誕生したとされる。","https://ja.wikipedia.org/wiki/涌蓋山","日本三百名山","https://ja.wikipedia.org/wiki/日本三百名山","グループ形式","北緯33度08分22.85秒東経131度09分52.64秒","日本大分県玖珠郡九重町","北緯33度08分22.85秒東経131度09分52.64秒﻿ / ﻿北緯33.1396806度 東経131.1646222度﻿ /33.1396806; 131.1646222座標:北緯33度08分22.85秒東経131度09分52.64秒﻿ / ﻿北緯33.1396806度 東経131.1646222度﻿ /33.1396806; 131.1646222","1,500m","独立峰","成層火山、溶岩ドーム","","","","","","","","","","","","","",""
"傾山"," 傾山 （かたむきやま、かたむきさん）は、 大分県 と 宮崎県 の県境にある祖母傾山系の山。山頂は大分県 豊後大野市 に位置し、標高1,605m  。 祖母傾国定公園 に指定されており、 日本三百名山 及び 大分百山 にも選ばれている。","https://ja.wikipedia.org/wiki/傾山","日本三百名山","https://ja.wikipedia.org/wiki/日本三百名山","グループ形式","北緯32度50分20秒東経131度28分33秒","大分県豊後大野市・佐伯市宮崎県日之影町","北緯32度50分20秒東経131度28分33秒﻿ / ﻿北緯32.83889度 東経131.47583度﻿ /32.83889; 131.47583座標:北緯32度50分20秒東経131度28分33秒﻿ / ﻿北緯32.83889度 東経131.47583度﻿ /32.83889; 131.47583","1,605m","九州山地祖母傾山系","","","","","","","","","","","","","","",""
"国見岳 (熊本県・宮崎県)"," 国見岳 （くにみだけ）は、 九州山地 中央部の向霧立山地に属する 山 である。 標高 は1,739mであり、 熊本県 最高峰 。 九州 本土では 祖母山 （1,756m）および 市房山 （1,721m）と並ぶ屈指の高峰であるが、交通の便が悪い地域に位置する。 日本三百名山 、 一等三角点百名山 の一つに数えられる  。","https://ja.wikipedia.org/wiki/国見岳_(熊本県・宮崎県)","日本三百名山","https://ja.wikipedia.org/wiki/日本三百名山","グループ形式","北緯32度32分50秒東経131度01分06秒","日本熊本県八代市・宮崎県椎葉村","北緯32度32分50秒東経131度01分06秒﻿ / ﻿北緯32.54722度 東経131.01833度﻿ /32.54722; 131.01833座標:北緯32度32分50秒東経131度01分06秒﻿ / ﻿北緯32.54722度 東経131.01833度﻿ /32.54722; 131.01833","1,739m","九州山地","","","","","","","","","","","","","","",""
"高隈山地"," 高隈山地 （たかくまさんち）は、 大隅半島 中央部の 鹿児島湾 沿いに連なる 山地 である。一般には 鹿児島県 鹿屋市 と 垂水市 との境界付近に横たわる南北約25 km 、東西約15kmの山地を指し、その中心部にそびえる大箆柄岳や御岳などを含む標高1,000 m 以上の山岳群を総称して 高隈山 （たかくまやま）と呼ぶ。","https://ja.wikipedia.org/wiki/高隈山地","日本三百名山","https://ja.wikipedia.org/wiki/日本三百名山","グループ形式","北緯31度29分10秒東経130度49分7秒","日本鹿児島県","北緯31度29分10秒東経130度49分7秒﻿ / ﻿北緯31.48611度 東経130.81861度﻿ /31.48611; 130.81861座標:北緯31度29分10秒東経130度49分7秒﻿ / ﻿北緯31.48611度 東経130.81861度﻿ /31.48611; 130.81861","","","","","大箆柄岳（1,236m）","","25km","15km","","","","","","","","",""
