﻿"タイトル","コメント","URL","親リストタイトル","親リストURL","一覧抽出方法","座標","所在地","外部リンク","登録路線","登録回","登録日","開駅日","営業時間","国","地方","都道府県","市町村コード","法人番号","面積","総人口","人口密度","隣接自治体","市の木","市の花","市の鳥,市の魚"
"道の駅豊栄","とよさか豊栄（とよさか）新潟市北区国道7号新新バイパス新潟-01 ","https://ja.wikipedia.org/wiki/道の駅豊栄","道の駅一覧_北陸地方","https://ja.wikipedia.org/wiki/道の駅一覧_北陸地方","表形式","北緯37度57分29秒東経139度13分23秒","〒950-3304新潟県新潟市北区木崎3644-乙","国土交通省案内ページ全国道の駅連絡会ページ","国道7号","第1回（15001）","1993年4月22日","1988年11月10日","7:00-19:00","","","","","","","","","","","",""
"道の駅加治川","かじかわ加治川（かじかわ）新発田市国道7号新潟-02 ","https://ja.wikipedia.org/wiki/道の駅加治川","道の駅一覧_北陸地方","https://ja.wikipedia.org/wiki/道の駅一覧_北陸地方","表形式","北緯38度00分08秒東経139度22分21秒","〒959-2411新潟県新発田市横岡1147","国土交通省案内ページ全国道の駅連絡会ページ公式ウェブサイト","国道7号","第1回（15002）","1993年4月22日","不明","9:00-18:00","","","","","","","","","","","",""
"道の駅神林","かみはやし神林（かみはやし）村上市国道7号新潟-03 ","https://ja.wikipedia.org/wiki/道の駅神林","道の駅一覧_北陸地方","https://ja.wikipedia.org/wiki/道の駅一覧_北陸地方","表形式","北緯38度10分21秒東経139度27分38秒","〒959-3423新潟県村上市九日市809","国土交通省案内ページ全国道の駅連絡会ページ","国道7号","第1回（15003）","1993年4月22日","1993年","8:30-16:15","","","","","","","","","","","",""
"道の駅朝日","あさひ朝日（あさひ）村上市国道7号新潟-04 ","https://ja.wikipedia.org/wiki/道の駅朝日","道の駅一覧_北陸地方","https://ja.wikipedia.org/wiki/道の駅一覧_北陸地方","表形式","北緯38度16分56秒東経139度31分21秒","〒958-0261新潟県村上市猿沢1212","国土交通省案内ページ全国道の駅連絡会ページ公式ウェブサイト","国道7号","第1回（15004）","1993年4月22日","不明","9:00-17:00","","","","","","","","","","","",""
"道の駅新潟ふるさと村","にいがたふるさとむら新潟ふるさと村（にいがたふるさとむら）新潟市西区国道8号新潟-05 ","https://ja.wikipedia.org/wiki/道の駅新潟ふるさと村","道の駅一覧_北陸地方","https://ja.wikipedia.org/wiki/道の駅一覧_北陸地方","表形式","北緯37度51分58.9秒東経139度1分12.6秒","〒950-1101新潟県新潟市西区山田2307","国土交通省案内ページ全国道の駅連絡会ページ公式ウェブサイト","国道8号","第1回（15005）","1993年4月22日","1991年7月[1]","9:30-17:30","","","","","","","","","","","",""
"道の駅能生","のう能生（のう）糸魚川市国道8号新潟-06 ","https://ja.wikipedia.org/wiki/道の駅能生","道の駅一覧_北陸地方","https://ja.wikipedia.org/wiki/道の駅一覧_北陸地方","表形式","北緯37度06分50秒東経138度00分15秒","〒949-1351新潟県糸魚川市大字能生小泊3596-2","国土交通省案内ページ全国道の駅連絡会ページ公式ウェブサイト","国道8号","第1回（15006）","1993年4月22日","不明","9:00-18:00","","","","","","","","","","","",""
"道の駅みかわ (新潟県)","みかわ東蒲原郡阿賀町国道49号新潟-07 ","https://ja.wikipedia.org/wiki/道の駅みかわ_(新潟県)","道の駅一覧_北陸地方","https://ja.wikipedia.org/wiki/道の駅一覧_北陸地方","表形式","北緯37度43分03秒東経139度21分37秒","〒959-4627新潟県東蒲原郡阿賀町岩谷2865","国土交通省案内ページ全国道の駅連絡会ページ","国道49号","第1回（15007）","1993年4月22日","不明","11:00 - 17:00","","","","","","","","","","","",""
"道の駅関川","せきかわ関川（せきかわ）岩船郡関川村国道113号新潟-08 ","https://ja.wikipedia.org/wiki/道の駅関川","道の駅一覧_北陸地方","https://ja.wikipedia.org/wiki/道の駅一覧_北陸地方","表形式","北緯38度05分31秒東経139度33分59秒","〒959-3264新潟県岩船郡関川村上関1252-1","国土交通省案内ページ全国道の駅連絡会ページ公式ウェブサイト","国道113号","第1回（15008）","1993年4月22日","不明","9:00-16:30","","","","","","","","","","","",""
"道の駅ちぢみの里おぢや","ちぢみの里おぢや（ちぢみのさとおぢや）小千谷市国道17号新潟-09 ","https://ja.wikipedia.org/wiki/道の駅ちぢみの里おぢや","道の駅一覧_北陸地方","https://ja.wikipedia.org/wiki/道の駅一覧_北陸地方","表形式","北緯37度18分18秒東経138度49分22秒","〒947-0003新潟県小千谷市大字薭生甲1670-1","国土交通省案内ページ全国道の駅連絡会ページ公式ウェブサイト","国道17号","第5回（15009）","1994年4月26日","不明","10:00-21:00","","","","","","","","","","","",""
"道の駅阿賀の里","あがのさと阿賀の里（あがのさと）東蒲原郡阿賀町国道49号新潟-10 ","https://ja.wikipedia.org/wiki/道の駅阿賀の里","道の駅一覧_北陸地方","https://ja.wikipedia.org/wiki/道の駅一覧_北陸地方","表形式","北緯37度44分17秒東経139度18分26秒","〒959-4636新潟県東蒲原郡阿賀町石間4301","国土交通省案内ページ全国道の駅連絡会ページ公式ウェブサイト","国道49号","第5回（15010）","1994年4月26日","不明","9:00-18:00（4-11月）9:00-17:00（12-3月）","","","","","","","","","","","",""
"道の駅笹川流れ","ささがわながれ笹川流れ（ささがわながれ）村上市国道345号新潟-11桑川駅に併設","https://ja.wikipedia.org/wiki/道の駅笹川流れ","道の駅一覧_北陸地方","https://ja.wikipedia.org/wiki/道の駅一覧_北陸地方","表形式","北緯38度22分28秒東経139度27分29秒","〒959-3665新潟県村上市桑川892-5","国土交通省案内ページ全国道の駅連絡会ページ","国道345号","第5回（15011）","1994年6月26日","1993年12月3日[1]","8:30-17:30","","","","","","","","","","","",""
"道の駅越後出雲崎天領の里","えちごいずもざきてんりょうのさと越後出雲崎天領の里（えちごいずもざきてんりょうのさと）三島郡出雲崎町国道352号新潟-12 ","https://ja.wikipedia.org/wiki/道の駅越後出雲崎天領の里","道の駅一覧_北陸地方","https://ja.wikipedia.org/wiki/道の駅一覧_北陸地方","表形式","北緯37度32分20秒東経138度40分43秒","〒949-4308新潟県三島郡出雲崎町大字尼瀬6-57","国土交通省案内ページ全国道の駅連絡会ページ公式ウェブサイト","国道352号","第5回（15012）","1994年4月26日","不明","9:00-17:00","","","","","","","","","","","",""
"道の駅胎内","たいない胎内（たいない）胎内市県道53号胎内二王子公園羽黒線新潟-13 ","https://ja.wikipedia.org/wiki/道の駅胎内","道の駅一覧_北陸地方","https://ja.wikipedia.org/wiki/道の駅一覧_北陸地方","表形式","北緯38度03分49秒東経139度27分11秒","〒959-2806新潟県胎内市下赤谷387-1","国土交通省案内ページ全国道の駅連絡会ページ","新潟県道53号","第5回（15013）","1994年4月26日","不明","8:00-20:00","","","","","","","","","","","",""
"道の駅ゆのたに","ゆのたに魚沼市県道50号小出奥只見線新潟-14 ","https://ja.wikipedia.org/wiki/道の駅ゆのたに","道の駅一覧_北陸地方","https://ja.wikipedia.org/wiki/道の駅一覧_北陸地方","表形式","北緯37度13分26秒東経138度58分58秒","〒946-0075新潟県魚沼市吉田1148","国土交通省案内ページ全国道の駅連絡会ページ公式ウェブサイト","新潟県道50号","第6回（15014）","1994年8月4日","不明","8:30-18:00","","","","","","","","","","","",""
"道の駅良寛の里わしま","りょうかんのさとわしま良寛の里わしま（りょうかんのさとわしま）長岡市国道116号新潟-15 ","https://ja.wikipedia.org/wiki/道の駅良寛の里わしま","道の駅一覧_北陸地方","https://ja.wikipedia.org/wiki/道の駅一覧_北陸地方","表形式","北緯37度34分54秒東経138度45分33秒","〒949-4525新潟県長岡市島崎5713番2","国土交通省案内ページ全国道の駅連絡会ページ公式ウェブサイト","国道116号","第9回（15015）","1995年8月3日","不明","9:00-17:00","","","","","","","","","","","",""
"道の駅まつだいふるさと会館","まつだいふるさと会館（まつだいふるさとかいかん）十日町市国道253号新潟-16まつだい駅に併設","https://ja.wikipedia.org/wiki/道の駅まつだいふるさと会館","道の駅一覧_北陸地方","https://ja.wikipedia.org/wiki/道の駅一覧_北陸地方","表形式","北緯37度07分58秒東経138度36分50秒","〒942-1526新潟県十日町市松代3816-1","国土交通省案内ページ全国道の駅連絡会ページ公式ウェブサイト","国道253号","第9回（15016）","1995年8月3日","1997年","8:30-20:00","","","","","","","","","","","",""
"道の駅越後市振の関","えちごいちぶりのせき越後市振の関（えちごいちぶりのせき）糸魚川市国道8号新潟-17 ","https://ja.wikipedia.org/wiki/道の駅越後市振の関","道の駅一覧_北陸地方","https://ja.wikipedia.org/wiki/道の駅一覧_北陸地方","表形式","北緯36度58分48秒東経137度38分41秒","〒949-0111新潟県糸魚川市大字市振1035-50","国土交通省案内ページ全国道の駅連絡会ページ公式ウェブサイト","国道8号","第12回（15017）","1997年4月11日","1994年[1]","8:00-21:00","","","","","","","","","","","",""
"道の駅クロス10十日町","くろすてんとおかまちクロス10十日町（クロステンとおかまち）十日町市国道117号新潟-18 ","https://ja.wikipedia.org/wiki/道の駅クロス10十日町","道の駅一覧_北陸地方","https://ja.wikipedia.org/wiki/道の駅一覧_北陸地方","表形式","北緯37度08分19秒東経138度45分41秒","〒948-0003新潟県十日町市本町六の一丁目71番地26","国土交通省案内ページ全国道の駅連絡会ページ公式ウェブサイト","国道117号","第12回（15018）","1997年4月11日","不明","9:00-17:009:00-18:00（4月 - 9月）","","","","","","","","","","","",""
"道の駅漢学の里しただ","かんがくのさとしただ漢学の里しただ（かんがくのさとしただ）三条市国道289号新潟-19 ","https://ja.wikipedia.org/wiki/道の駅漢学の里しただ","道の駅一覧_北陸地方","https://ja.wikipedia.org/wiki/道の駅一覧_北陸地方","表形式","北緯37度32分30秒東経139度06分07秒","〒955-0131新潟県三条市庭月451-1","国土交通省案内ページ全国道の駅連絡会ページ公式ウェブサイト","国道289号","第12回（15019）","1997年4月11日","不明","10:00 - 16:0010:00 - 15:00（冬期）","","","","","","","","","","","",""
"道の駅風の丘米山","かぜのおかよねやま風の丘米山（かぜのおかよねやま）柏崎市国道8号新潟-202015年より休止中","https://ja.wikipedia.org/wiki/道の駅風の丘米山","道の駅一覧_北陸地方","https://ja.wikipedia.org/wiki/道の駅一覧_北陸地方","表形式","北緯37度20分47秒東経138度29分23秒","〒949-3661新潟県柏崎市大字青海川175-1","国土交通省案内ページ全国道の駅連絡会ページ","国道8号","第13回（15020）","1997年10月22日","不明","9:00-17:00","","","","","","","","","","","",""
"道の駅いりひろせ","いりひろせ魚沼市国道252号新潟-21 ","https://ja.wikipedia.org/wiki/道の駅いりひろせ","道の駅一覧_北陸地方","https://ja.wikipedia.org/wiki/道の駅一覧_北陸地方","表形式","北緯37度21分21秒東経139度03分26秒","〒946-0305新潟県魚沼市大栃山356-2","国土交通省案内ページ全国道の駅連絡会ページ公式ウェブサイト","国道252号","第13回（15021）","1997年10月22日","不明","9:00-17:00","","","","","","","","","","","",""
"道の駅西山ふるさと公苑","にしやまふるさとこうえん西山ふるさと公苑（にしやまふるさとこうえん）柏崎市国道116号新潟-22 ","https://ja.wikipedia.org/wiki/道の駅西山ふるさと公苑","道の駅一覧_北陸地方","https://ja.wikipedia.org/wiki/道の駅一覧_北陸地方","表形式","北緯37度27分02秒東経138度39分42秒","〒949-4135新潟県柏崎市西山町坂田717-4","国土交通省案内ページ全国道の駅連絡会ページ公式ウェブサイト","国道116号","第14回（15022）","1999年4月17日","不明","9:00-17:00","","","","","","","","","","","",""
"道の駅あらい","あらい妙高市国道18号新潟-23上信越自動車道新井PA/スマートICと接続（ハイウェイオアシス）","https://ja.wikipedia.org/wiki/道の駅あらい","道の駅一覧_北陸地方","https://ja.wikipedia.org/wiki/道の駅一覧_北陸地方","表形式","北緯37度01分34秒東経138度13分33秒","〒944-0075新潟県妙高市大字猪野山58-1","国土交通省案内ページ全国道の駅連絡会ページ公式ウェブサイト","国道18号","（15023）","1999年8月27日","不明","9:00 - 21:00","","","","","","","","","","","",""
"道の駅R290とちお","ルート290とちおR290とちお（ルート290とちお）長岡市国道290号新潟-24 ","https://ja.wikipedia.org/wiki/道の駅R290とちお","道の駅一覧_北陸地方","https://ja.wikipedia.org/wiki/道の駅一覧_北陸地方","表形式","北緯37度27分35秒東経139度00分26秒","〒940-0233新潟県長岡市栃尾宮沢1764","国土交通省案内ページ全国道の駅連絡会ページ公式ウェブサイト","国道290号","第15回（15024）","1999年8月27日","1999年7月30日[1]","10:00-18:00","","","","","","","","","","","",""
"佐渡市","あいぽーとさどあいぽーと佐渡（あいぽーとさど）佐渡市臨港道路湊線新潟-252020年5月25日に道の駅芸能とトキの里が移転して「道の駅あいぽーと佐渡」に名称変更[1]","https://ja.wikipedia.org/wiki/佐渡市","道の駅一覧_北陸地方","https://ja.wikipedia.org/wiki/道の駅一覧_北陸地方","表形式","北緯38度1分6.1秒東経138度22分5.4秒","〒952-1292新潟県佐渡市千種232番地北緯38度1分6.1秒東経138度22分5.4秒座標:北緯38度1分6.1秒 東経138度22分5.4秒","公式ウェブサイト","","","","","","日本","中部地方、北陸地方甲信越地方、信越地方北信越地方、上信越地方広域関東圏","新潟県","15224-2","9000020152242","855.69km2","50,964人[編集]（推計人口、2021年5月1日）","59.6人/km2","新潟市、長岡市、上越市","アテビ","カンゾウ","トキブリ"
"道の駅親不知ピアパーク","おやしらずピアパーク親不知ピアパーク（おやしらずピアパーク）糸魚川市国道8号新潟-26 ","https://ja.wikipedia.org/wiki/道の駅親不知ピアパーク","道の駅一覧_北陸地方","https://ja.wikipedia.org/wiki/道の駅一覧_北陸地方","表形式","北緯37度0分11.3秒東経137度43分47.3秒","〒940-0308新潟県糸魚川市大字外波903-1","国土交通省案内ページ全国道の駅連絡会ページ公式ウェブサイト","国道8号","第16回（15026）","2000年8月18日","1988年","9:00-18:00（4-11月）10:00-16:00（12-3月）","","","","","","","","","","","",""
"道の駅瀬替えの郷せんだ","せがえのさとせんだ瀬替えの郷せんだ（せがえのさとせんだ）十日町市国道252号新潟-27 ","https://ja.wikipedia.org/wiki/道の駅瀬替えの郷せんだ","道の駅一覧_北陸地方","https://ja.wikipedia.org/wiki/道の駅一覧_北陸地方","表形式","北緯37度11分56秒東経138度41分11秒","〒948-0214新潟県十日町市中仙田甲826","国土交通省案内ページ全国道の駅連絡会ページ","国道252号","第16回（15027）","2000年8月18日","不明","9:00-17:00","","","","","","","","","","","",""
"道の駅雪のふるさとやすづか","ゆきのふるさとやすづか雪のふるさとやすづか（ゆきのふるさとやすづか）上越市国道403号新潟-28 ","https://ja.wikipedia.org/wiki/道の駅雪のふるさとやすづか","道の駅一覧_北陸地方","https://ja.wikipedia.org/wiki/道の駅一覧_北陸地方","表形式","北緯37度05分44秒東経138度28分13秒","〒942-0531新潟県上越市安塚区樽田140","国土交通省案内ページ全国道の駅連絡会ページ公式ウェブサイト","国道403号","第17回（15028）","2001年8月21日","不明","9:00-18:00","","","","","","","","","","","",""
"道の駅じょんのびの里高柳","じょんのびの里高柳（じょんのびのさとたかやなぎ）柏崎市県道12号松代高柳線新潟-29 ","https://ja.wikipedia.org/wiki/道の駅じょんのびの里高柳","道の駅一覧_北陸地方","https://ja.wikipedia.org/wiki/道の駅一覧_北陸地方","表形式","北緯37度12分46秒東経138度37分59秒","〒945-1505新潟県柏崎市高柳町高尾10-1","国土交通省案内ページ全国道の駅連絡会ページ公式ウェブサイト","新潟県道12号","第17回（15029）","2001年8月21日","不明","10:00-21:00","","","","","","","","","","","",""
"道の駅花夢里にいつ","かむりにいつ花夢里にいつ（かむりにいつ）新潟市秋葉区国道460号新潟-30 ","https://ja.wikipedia.org/wiki/道の駅花夢里にいつ","道の駅一覧_北陸地方","https://ja.wikipedia.org/wiki/道の駅一覧_北陸地方","表形式","北緯37度47分36秒東経139度04分43秒","〒956-0055新潟県新潟市秋葉区川根438","国土交通省案内ページ全国道の駅連絡会ページ","国道460号","第18回（15030）","2002年8月13日","1999年10月17日","9:00-18:00（4-8月）9:00-17:00（9-3月）","","","","","","","","","","","",""
"道の駅国上","くがみ国上（くがみ）燕市県道2号新潟寺泊線新潟-31 ","https://ja.wikipedia.org/wiki/道の駅国上","道の駅一覧_北陸地方","https://ja.wikipedia.org/wiki/道の駅一覧_北陸地方","表形式","北緯37度39分46秒東経138度49分31秒","〒959-0136新潟県燕市国上5866-1","国土交通省案内ページ全国道の駅連絡会ページ公式ウェブサイト","新潟県道2号","第18回（15031）","2002年8月13日","2002年8月2日","9:00-21:00","","","","","","","","","","","",""
"道の駅越後川口","えちごかわぐち越後川口（えちごかわぐち）長岡市国道17号新潟-32 ","https://ja.wikipedia.org/wiki/道の駅越後川口","道の駅一覧_北陸地方","https://ja.wikipedia.org/wiki/道の駅一覧_北陸地方","表形式","北緯37度15分39秒東経138度52分04秒","〒949-7503新潟県長岡市川口中山84-2","国土交通省案内ページ全国道の駅連絡会ページ公式ウェブサイト","国道17号","第19回（15032）","2003年8月8日","2004年5月30日","9:00-18:009:00-17:00","","","","","","","","","","","",""
"道の駅よしかわ杜氏の郷","よしかわ杜氏の郷（よしかわとうじのさと）上越市県道30号新井柿崎線新潟-33 ","https://ja.wikipedia.org/wiki/道の駅よしかわ杜氏の郷","道の駅一覧_北陸地方","https://ja.wikipedia.org/wiki/道の駅一覧_北陸地方","表形式","北緯37度14分29秒東経138度22分36秒","〒949-3449新潟県上越市吉川区杜氏の郷1","国土交通省案内ページ全国道の駅連絡会ページ公式ウェブサイト","新潟県道30号","第19回（15033）","2003年8月8日","2000年10月1日","10:00-18:00","","","","","","","","","","","",""
"道の駅うみてらす名立","うみてらす名立（うみてらすなだち）上越市国道8号新潟-34 ","https://ja.wikipedia.org/wiki/道の駅うみてらす名立","道の駅一覧_北陸地方","https://ja.wikipedia.org/wiki/道の駅一覧_北陸地方","表形式","北緯37度09分49秒東経138度05分12秒","〒949-1602新潟県上越市名立区名立大町4280-1","国土交通省案内ページ全国道の駅連絡会ページ公式ウェブサイト","国道8号","第28回（15034）","2008年8月8日","不明","10:00-22:00","","","","","","","","","","","",""
"道の駅南魚沼","みなみうおぬま南魚沼（みなみうおぬま）南魚沼市国道17号新潟-35 ","https://ja.wikipedia.org/wiki/道の駅南魚沼","道の駅一覧_北陸地方","https://ja.wikipedia.org/wiki/道の駅一覧_北陸地方","表形式","北緯37度00分11秒東経138度49分09秒","〒949-6363新潟県南魚沼市下一日市855","国土交通省案内ページ全国道の駅連絡会ページ公式ウェブサイト","国道17号","第37回（15035）","2012年3月26日","2012年7月1日","四季味わい館9:00 - 18:30（5月 - 10月）10:00 - 18:00（11月 - 4月）","","","","","","","","","","","",""
"道の駅パティオにいがた","ぱてぃおにいがたパティオにいがた見附市県道20号見附中之島線新潟-36 ","https://ja.wikipedia.org/wiki/道の駅パティオにいがた","道の駅一覧_北陸地方","https://ja.wikipedia.org/wiki/道の駅一覧_北陸地方","表形式","北緯37度32分47秒東経138度53分01秒","〒954-0111新潟県見附市今町1丁目3358番地","国土交通省案内ページ全国道の駅連絡会ページ公式ウェブサイト","新潟県道20号","第39回（15036）","2013年3月27日","2013年8月23日","9:00 - 16:00","","","","","","","","","","","",""
"道の駅みつまた","みつまた南魚沼郡湯沢町国道17号新潟-37 ","https://ja.wikipedia.org/wiki/道の駅みつまた","道の駅一覧_北陸地方","https://ja.wikipedia.org/wiki/道の駅一覧_北陸地方","表形式","北緯36度53分59秒東経138度46分38秒","〒949-6211新潟県南魚沼郡湯沢町大字三俣1000番地","国土交通省案内ページ全国道の駅連絡会ページ公式ウェブサイト","国道17号","第40回（15037）","2013年10月11日","2013年11月23日","","","","","","","","","","","","",""
"道の駅燕三条地場産センター","つばめさんじょうじばさんセンター燕三条地場産センター（つばめさんじょうじばさんセンター）三条市国道289号市道燕三条停車場線新潟-38公益財団法人燕三条地場産業振興センターが申請[2]","https://ja.wikipedia.org/wiki/道の駅燕三条地場産センター","道の駅一覧_北陸地方","https://ja.wikipedia.org/wiki/道の駅一覧_北陸地方","表形式","北緯37度38分58秒東経138度56分01秒","〒955-0092新潟県三条市須頃1丁目17番地","国土交通省案内ページ全国道の駅連絡会ページ公式ウェブサイト","市道燕三条停車場線","第44回（15038）","2015年11月5日","2016年3月25日","","","","","","","","","","","","",""
"道の駅庭園の郷保内","ていえんのさとほない庭園の郷 保内（ていえんのさとほない）三条市国道403号市道大崎547号線新潟-39 ","https://ja.wikipedia.org/wiki/道の駅庭園の郷保内","道の駅一覧_北陸地方","https://ja.wikipedia.org/wiki/道の駅一覧_北陸地方","表形式","北緯37度38分49秒東経139度01分35秒","〒955-0021新潟県三条市下保内4035番地","国土交通省案内ページ全国道の駅連絡会ページ公式ウェブサイト","市道大崎547号線","第46回（15039）","2016年10月7日","2017年3月25日","","","","","","","","","","","","",""
"道の駅たがみ","たがみ南蒲原郡田上町国道403号新潟-40","https://ja.wikipedia.org/wiki/道の駅たがみ","道の駅一覧_北陸地方","https://ja.wikipedia.org/wiki/道の駅一覧_北陸地方","表形式","北緯37度41分55秒東経139度3分32秒","〒959-1503新潟県南蒲原郡田上町大字原ヶ崎新田3072-1","国土交通省案内ページ全国道の駅連絡会ページ","国道403号","第52回（15040）","2020年3月13日[1]","2020年10月28日[2]","","","","","","","","","","","","",""
"道の駅ながおか花火館","ながおかはなびかんながおか花火館（ながおかはなびかん）長岡市国道8号新潟-41 ","https://ja.wikipedia.org/wiki/道の駅ながおか花火館","道の駅一覧_北陸地方","https://ja.wikipedia.org/wiki/道の駅一覧_北陸地方","表形式","北緯37度27分18.1秒東経138度48分16.3秒","〒940-2121新潟県長岡市喜多町707","国土交通省案内ページ全国道の駅連絡会ページ","国道8号","第52回（15041）","2020年3月13日[1]","2020年9月18日[2]","10:00 - 19:00","","","","","","","","","","","",""
"道の駅細入","ほそいり細入（ほそいり）富山市国道41号富山-01 ","https://ja.wikipedia.org/wiki/道の駅細入","道の駅一覧_北陸地方","https://ja.wikipedia.org/wiki/道の駅一覧_北陸地方","表形式","北緯36度29分18.7秒東経137度14分17.1秒","〒939-2186富山県富山市片掛3-5","国土交通省案内ページ全国道の駅連絡会ページ公式ウェブサイト","国道41号","第1回（16001）","1993年4月22日[1]","1993年4月24日[1]","10:00 - 18:00","","","","","","","","","","","",""
"道の駅砺波","となみ砺波（となみ）砺波市国道156号富山-02 ","https://ja.wikipedia.org/wiki/道の駅砺波","道の駅一覧_北陸地方","https://ja.wikipedia.org/wiki/道の駅一覧_北陸地方","表形式","北緯36度38分29.2秒東経136度57分36.3秒","〒939-1388富山県砺波市宮沢町3番9号","国土交通省案内ページ全国道の駅連絡会ページ","国道156号","第1回（16002）","1993年4月22日[1]","1993年8月10日[1][2]","9:00 - 18:00","","","","","","","","","","","",""
"道の駅上平","かみたいら上平（かみたいら）南砺市国道156号富山-03 ","https://ja.wikipedia.org/wiki/道の駅上平","道の駅一覧_北陸地方","https://ja.wikipedia.org/wiki/道の駅一覧_北陸地方","表形式","北緯36度22分38.5秒東経136度52分16.0秒","〒939-1977富山県南砺市西赤尾町72-1","国土交通省案内ページ全国道の駅連絡会ページ公式ウェブサイト","国道156号","第1回（16003）","1993年4月22日","不明","10:00-17:00","","","","","","","","","","","",""
"道の駅利賀","とが利賀（とが）南砺市国道471号富山-04 ","https://ja.wikipedia.org/wiki/道の駅利賀","道の駅一覧_北陸地方","https://ja.wikipedia.org/wiki/道の駅一覧_北陸地方","表形式","北緯36度31分25.9秒東経137度1分37.1秒","〒939-2502富山県南砺市利賀村高沼下北山43-7","国土交通省案内ページ全国道の駅連絡会ページ","国道471号","第1回（16004）","1993年4月22日","不明","8:00 - 19:00","","","","","","","","","","","",""
"道の駅井波","いなみ井波（いなみ）南砺市国道471号富山-05 ","https://ja.wikipedia.org/wiki/道の駅井波","道の駅一覧_北陸地方","https://ja.wikipedia.org/wiki/道の駅一覧_北陸地方","表形式","北緯36度33分41.0秒東経136度58分40.6秒","〒932-0226富山県南砺市北川730","国土交通省案内ページ全国道の駅連絡会ページ公式ウェブサイト","国道471号","第1回（16005）","1993年4月22日","不明","9:00 - 17:00","","","","","","","","","","","",""
"道の駅福光","ふくみつ福光（ふくみつ）南砺市国道304号富山-06 ","https://ja.wikipedia.org/wiki/道の駅福光","道の駅一覧_北陸地方","https://ja.wikipedia.org/wiki/道の駅一覧_北陸地方","表形式","北緯36度33分57.7秒東経136度51分43.4秒","〒939-1625富山県南砺市中ノ江16番地[1]","国土交通省案内ページ全国道の駅連絡会ページ公式ウェブサイト","国道304号","第8回（16006）","1995年4月11日","1995年4月14日[2][3][4]","9:00 - 18:00","","","","","","","","","","","",""
"道の駅たいら","たいら南砺市国道156号富山-07 ","https://ja.wikipedia.org/wiki/道の駅たいら","道の駅一覧_北陸地方","https://ja.wikipedia.org/wiki/道の駅一覧_北陸地方","表形式","北緯36度26分43.2秒東経136度58分27.8秒","〒939-1905富山県南砺市東中江215番地[1]","国土交通省案内ページ全国道の駅連絡会ページ公式ウェブサイト","国道156号","第11回（16007）","1996年8月5日","1996年9月17日[2]","9:00 - 17:00（和紙体験館・和紙工芸研究館・たいら郷土館）8:30 - 17:00（たいらマウンテンスクール）","","","","","","","","","","","",""
"道の駅庄川","しょうがわ庄川（しょうがわ）砺波市国道156号富山-08 ","https://ja.wikipedia.org/wiki/道の駅庄川","道の駅一覧_北陸地方","https://ja.wikipedia.org/wiki/道の駅一覧_北陸地方","表形式","北緯36度34分27.6秒東経136度58分48.1秒","〒932-0315富山県砺波市庄川町示野437番地","国土交通省案内ページ全国道の駅連絡会ページ公式ウェブサイト","国道156号","第12回（16008）","1997年4月11日[1]","1991年4月26日[2]","9:00 - 18:00","","","","","","","","","","","",""
"道の駅うなづき","うなづき黒部市県道14号黒部宇奈月線富山-09 ","https://ja.wikipedia.org/wiki/道の駅うなづき","道の駅一覧_北陸地方","https://ja.wikipedia.org/wiki/道の駅一覧_北陸地方","表形式","北緯36度51分38.6秒東経137度32分30.1秒","〒938-0861富山県黒部市宇奈月町下立687","国土交通省案内ページ全国道の駅連絡会ページ公式ウェブサイト","富山県道14号","第12回（16009）","1997年4月11日","不明","9:30 - 21:00","","","","","","","","","","","",""
"道の駅カモンパーク新湊","かもんぱーくしんみなとカモンパーク新湊（カモンパークしんみなと）射水市国道8号富山-10 ","https://ja.wikipedia.org/wiki/道の駅カモンパーク新湊","道の駅一覧_北陸地方","https://ja.wikipedia.org/wiki/道の駅一覧_北陸地方","表形式","北緯36度45分7.2秒東経137度5分6.2秒","〒934-0049富山県射水市鏡宮296番地","国土交通省案内ページ全国道の駅連絡会ページ公式ウェブサイト","国道8号","第14回（16010）","1998年4月17日[1]","1998年9月24日[2]","8:00 - 21:00","","","","","","","","","","","",""
"道の駅ウェーブパークなめりかわ","うぇーぶぱーくなめりかわウェーブパークなめりかわ滑川市県道1号富山魚津線富山-11 ","https://ja.wikipedia.org/wiki/道の駅ウェーブパークなめりかわ","道の駅一覧_北陸地方","https://ja.wikipedia.org/wiki/道の駅一覧_北陸地方","表形式","北緯36度46分26.9秒東経137度20分40.0秒","〒936-0021富山県滑川市中川原410","国土交通省案内ページ全国道の駅連絡会ページ公式ウェブサイト","富山県道1号","第14回（16011）","1998年4月17日","不明","9:00 - 17:00","","","","","","","","","","","",""
"道の駅氷見","ひみ氷見（ひみ）氷見市国道415号富山-12 ","https://ja.wikipedia.org/wiki/道の駅氷見","道の駅一覧_北陸地方","https://ja.wikipedia.org/wiki/道の駅一覧_北陸地方","表形式","北緯36度51分51.8秒東経136度59分13.5秒","〒935-0004富山県氷見市北大町25番5号[1]","国土交通省案内ページ全国道の駅連絡会ページ公式ウェブサイト","国道415号","第15回（16012）","1999年8月27日[2]","2000年4月21日（氷見フィッシャーマンズワーフ海鮮館）[3]","8:30 - 18:00","","","","","","","","","","","",""
"道の駅万葉の里 高岡","まんようのさとたかおか万葉の里高岡（まんようのさとたかおか）高岡市国道8号富山-13 ","https://ja.wikipedia.org/wiki/道の駅万葉の里_高岡","道の駅一覧_北陸地方","https://ja.wikipedia.org/wiki/道の駅一覧_北陸地方","表形式","北緯36度44分12.1秒東経136度58分9.9秒","〒933-0317富山県高岡市蜂ヶ島131番地1[1]","国土交通省案内ページ全国道の駅連絡会ページ公式ウェブサイト","国道8号","第21回（16013）","2005年8月10日[2]","2006年4月24日[3]","9:00 - 21:00","","","","","","","","","","","",""
"道の駅メルヘンおやべ","メルヘンおやべ小矢部市国道8号富山-14 ","https://ja.wikipedia.org/wiki/道の駅メルヘンおやべ","道の駅一覧_北陸地方","https://ja.wikipedia.org/wiki/道の駅一覧_北陸地方","表形式","北緯36度41分22.2秒東経136度52分36.2秒","〒933-0317富山県小矢部市桜町1535番地1","国土交通省案内ページ全国道の駅連絡会ページ公式ウェブサイト","国道8号","第32回（16014）","2009年7月31日","2009年10月24日","9:00 - 21:00","","","","","","","","","","","",""
"道の駅雨晴","あまはらし雨晴（あまはらし）高岡市国道415号富山-15 ","https://ja.wikipedia.org/wiki/道の駅雨晴","道の駅一覧_北陸地方","https://ja.wikipedia.org/wiki/道の駅一覧_北陸地方","表形式","北緯36度48分53.6秒東経137度2分29.7秒","〒933-0133富山県高岡市太田24番地74[1]","国土交通省案内ページ全国道の駅連絡会ページ公式ウェブサイト","国道415号","第48回（16015）","2017年11月17日","2018年4月25日[2][3][4]","9:00-19:00","","","","","","","","","","","",""
"道の駅KOKOくろべ (存在しないページ)","KOKOくろべ（ここくろべ）黒部市国道8号富山-162021年度オープン予定[3]","https://ja.wikipedia.org/w/index.php?title=道の駅KOKOくろべ&amp;action=edit&amp;redlink=1","道の駅一覧_北陸地方","https://ja.wikipedia.org/wiki/道の駅一覧_北陸地方","表形式","","","","","","","","","","","","","","","","","","","",""
"道の駅千枚田ポケットパーク","せんまいだポケットパーク千枚田ポケットパーク（せんまいだポケットパーク）輪島市国道249号石川-01 ","https://ja.wikipedia.org/wiki/道の駅千枚田ポケットパーク","道の駅一覧_北陸地方","https://ja.wikipedia.org/wiki/道の駅一覧_北陸地方","表形式","北緯37度25分27秒東経136度59分52秒","〒928-0256石川県輪島市白米町八部99","国土交通省案内ページ全国道の駅連絡会ページ公式ウェブサイト","国道249号","第1回（17001）","1993年4月22日","不明","8:30 - 17:00","","","","","","","","","","","",""
"道の駅高松","たかまつ高松（たかまつ）かほく市県道60号金沢田鶴浜線石川-02のと里山海道高松SAに併設","https://ja.wikipedia.org/wiki/道の駅高松","道の駅一覧_北陸地方","https://ja.wikipedia.org/wiki/道の駅一覧_北陸地方","表形式","北緯36度47分 東経136度43分","〒929-1211石川県かほく市二ツ屋フ16-3北緯36度47分 東経136度43分座標:北緯36度47分 東経136度43分","","","","","","","","","","","","","","","","","",""
"道の駅いおり","いおり七尾市国道160号石川-03 ","https://ja.wikipedia.org/wiki/道の駅いおり","道の駅一覧_北陸地方","https://ja.wikipedia.org/wiki/道の駅一覧_北陸地方","表形式","北緯37度01分44秒東経137度02分48秒","〒926-0366石川県七尾市庵町笹ヶ谷内3-1","国土交通省案内ページ全国道の駅連絡会ページ","国道160号","第12回（17003）","1997年4月11日[1]","1997年4月28日[2]","9:00 - 16:30","","","","","","","","","","","",""
"道の駅桜峠","さくらとうげ桜峠（さくらとうげ）鳳珠郡能登町県道57号内浦柳田線石川-04 ","https://ja.wikipedia.org/wiki/道の駅桜峠","道の駅一覧_北陸地方","https://ja.wikipedia.org/wiki/道の駅一覧_北陸地方","表形式","北緯37度19分54秒東経137度00分41秒","〒928-0334石川県鳳珠郡能登町字当目2-24-24","国土交通省案内ページ全国道の駅連絡会ページ","石川県道57号","第12回（17004）","1997年4月11日","不明","9:00 - 17:00","","","","","","","","","","","",""
"道の駅しらやまさん","しらやまさん能美市国道157号石川-05 ","https://ja.wikipedia.org/wiki/道の駅しらやまさん","道の駅一覧_北陸地方","https://ja.wikipedia.org/wiki/道の駅一覧_北陸地方","表形式","北緯36度26分12秒東経136度37分50秒","〒923-1208石川県能美市和佐谷町200","国土交通省案内ページ全国道の駅連絡会ページ公式ウェブサイト","国道157号","第14回（17005）","1998年4月17日","1998年4月18日[1][2]","9:00 - 17:30","","","","","","","","","","","",""
"道の駅なかじまロマン峠","なかじまロマン峠（なかじまロマンとうげ）七尾市国道249号石川-06 ","https://ja.wikipedia.org/wiki/道の駅なかじまロマン峠","道の駅一覧_北陸地方","https://ja.wikipedia.org/wiki/道の駅一覧_北陸地方","表形式","北緯37度07分50秒東経136度51分48秒","〒929-2222石川県七尾市中島町中島二部1-19","国土交通省案内ページ全国道の駅連絡会ページ","国道249号","第15回（17006）","1999年8月27日","1999年8月27日","9:00 - 17:00","","","","","","","","","","","",""
"道の駅赤神","あかかみ赤神（あかかみ）輪島市国道249号石川-07 ","https://ja.wikipedia.org/wiki/道の駅赤神","道の駅一覧_北陸地方","https://ja.wikipedia.org/wiki/道の駅一覧_北陸地方","表形式","北緯37度14分54秒東経136度42分34秒","〒927-2345石川県輪島市門前町赤神1の110番地","国土交通省案内ページ全国道の駅連絡会ページ","国道249号","第18回（17007）","2002年8月13日","2003年6月","9:00 - 18:00","","","","","","","","","","","",""
"道の駅とぎ海街道","とぎ海街道（とぎうみかいどう）羽咋郡志賀町国道249号石川-08 ","https://ja.wikipedia.org/wiki/道の駅とぎ海街道","道の駅一覧_北陸地方","https://ja.wikipedia.org/wiki/道の駅一覧_北陸地方","表形式","北緯37度08分25秒東経136度43分30秒","〒927-2345石川県羽咋郡志賀町富来領家町タの2-11","国土交通省案内ページ全国道の駅連絡会ページ公式ウェブサイト","国道249号","第18回（17008）","2002年8月13日","2002年7月27日","9:00 - 17:30","","","","","","","","","","","",""
"道の駅輪島","わじま輪島（わじま）輪島市県道1号七尾輪島線石川-09旧輪島駅跡に所在","https://ja.wikipedia.org/wiki/道の駅輪島","道の駅一覧_北陸地方","https://ja.wikipedia.org/wiki/道の駅一覧_北陸地方","表形式","北緯37度23分20秒東経136度54分22秒","〒928-0001石川県輪島市河井町20部1の131","国土交通省案内ページ全国道の駅連絡会ページ公式ウェブサイト","石川県道1号","第18回（17009）","2002年8月13日","2002年3月20日[1]","7:00 - 21:00","","","","","","","","","","","",""
"道の駅ころ柿の里しか","ころ柿の里しか（ころがきのさとしか）羽咋郡志賀町国道249号石川-10 ","https://ja.wikipedia.org/wiki/道の駅ころ柿の里しか","道の駅一覧_北陸地方","https://ja.wikipedia.org/wiki/道の駅一覧_北陸地方","表形式","北緯37度00分25秒東経136度46分48秒","〒925-0154石川県羽咋郡志賀町字末吉新保向10番地","国土交通省案内ページ全国道の駅連絡会ページ公式ウェブサイト","国道249号","第19回（17010）","2003年8月8日","2004年4月17日[1]","9:00 - 18:30","","","","","","","","","","","",""
"道の駅瀬女","せな瀬女（せな）白山市国道360号石川-11 ","https://ja.wikipedia.org/wiki/道の駅瀬女","道の駅一覧_北陸地方","https://ja.wikipedia.org/wiki/道の駅一覧_北陸地方","表形式","北緯36度17分17秒東経136度38分58秒","〒920-2331石川県白山市瀬戸寅163-1","国土交通省案内ページ全国道の駅連絡会ページ","国道360号","第19回（17011）","2003年8月8日","1994年10月1日","9:00 - 17:30","","","","","","","","","","","",""
"道の駅一向一揆の里","いっこういっきのさと一向一揆の里（いっこういっきのさと）白山市国道360号石川-12 ","https://ja.wikipedia.org/wiki/道の駅一向一揆の里","道の駅一覧_北陸地方","https://ja.wikipedia.org/wiki/道の駅一覧_北陸地方","表形式","北緯36度21分38秒東経136度35分57秒","〒920-2368石川県白山市出合町甲34","国土交通省案内ページ全国道の駅連絡会ページ","国道360号","第19回（17012）","2003年8月8日","2003年4月17日[1]","9:00 - 16:30","","","","","","","","","","","",""
"道の駅のと里山空港","のとさとやまくうこうのと里山空港（のとさとやまくうこう）輪島市県道303号柏木穴水線石川-13能登空港併設旧名称「のと空港」","https://ja.wikipedia.org/wiki/道の駅のと里山空港","道の駅一覧_北陸地方","https://ja.wikipedia.org/wiki/道の駅一覧_北陸地方","表形式","北緯37度17分36秒東経136度57分44秒","石川県輪島市","","","","","","","","","","","","","","","","","",""
"道の駅倶利伽羅 源平の郷","くりからげんぺいのさと倶利伽羅源平の郷（くりからげんぺいのさと）河北郡津幡町石川県道215号森本津幡線石川-14国道8号旧道","https://ja.wikipedia.org/wiki/道の駅倶利伽羅_源平の郷","道の駅一覧_北陸地方","https://ja.wikipedia.org/wiki/道の駅一覧_北陸地方","表形式","北緯36度39分47秒東経136度46分03秒","〒929-0426石川県河北郡津幡町字竹橋西239番地14","国土交通省案内ページ全国道の駅連絡会ページ公式ウェブサイト","石川県道215号","第20回（17014）","2004年8月9日","2000年3月","9:30 - 18:30","","","","","","","","","","","",""
"道の駅山中温泉 ゆけむり健康村","やまなかおんせんゆけむりけんこうむら山中温泉 ゆけむり健康村（やまなかおんせんゆけむりけんこうむら）加賀市国道364号石川-15 ","https://ja.wikipedia.org/wiki/道の駅山中温泉_ゆけむり健康村","道の駅一覧_北陸地方","https://ja.wikipedia.org/wiki/道の駅一覧_北陸地方","表形式","北緯36度14分17秒東経136度22分05秒","〒922-0128石川県加賀市山中温泉こおろぎ町イ19番地","国土交通省案内ページ全国道の駅連絡会ページ公式ウェブサイト","国道364号","第20回（17015）","2006年8月9日","2005年3月31日[1]","9:00 - 18:00","","","","","","","","","","","",""
"道の駅のとじま","のとじま七尾市県道47号七尾能登島公園線石川-16 ","https://ja.wikipedia.org/wiki/道の駅のとじま","道の駅一覧_北陸地方","https://ja.wikipedia.org/wiki/道の駅一覧_北陸地方","表形式","北緯37度08分14秒東経136度59分54秒","〒926-0211石川県七尾市能登島向田町122部14番地","国土交通省案内ページ全国道の駅連絡会ページ公式ウェブサイト","石川県道47号","第20回（17016）","2004年8月9日","1999年4月","9:00 - 17:00","","","","","","","","","","","",""
"道の駅すず塩田村","すずえんでんむらすず塩田村（すずえんでんむら）珠洲市国道249号石川-17 ","https://ja.wikipedia.org/wiki/道の駅すず塩田村","道の駅一覧_北陸地方","https://ja.wikipedia.org/wiki/道の駅一覧_北陸地方","表形式","北緯37度29分11秒東経137度06分50秒","〒927-1325石川県珠洲市清水町1部58番1[1]","国土交通省案内ページ全国道の駅連絡会ページ公式ウェブサイト","国道249号","第21回（17017）","2005年8月10日","2006年4月28日[2]","8:30 - 17:30（3月 - 11月）9:00 - 16:00（12月 - 2月）","","","","","","","","","","","",""
"道の駅内灘サンセットパーク","うちなだサンセットパーク内灘サンセットパーク（うちなだサンセットパーク）河北郡内灘町県道162号高松内灘線石川-18 ","https://ja.wikipedia.org/wiki/道の駅内灘サンセットパーク","道の駅一覧_北陸地方","https://ja.wikipedia.org/wiki/道の駅一覧_北陸地方","表形式","北緯36度39分33秒東経136度38分56秒","〒920-0265石川県河北郡内灘町字大学1丁目4-1","国土交通省案内ページ全国道の駅連絡会ページ","石川県道162号","第23回（17018）","2007年3月1日","2003年7月","10:00 - 19:00","","","","","","","","","","","",""
"道の駅能登食祭市場","のとしょくさいいちば能登食祭市場（のとしょくさいいちば）七尾市県道132号七尾港線石川-19 ","https://ja.wikipedia.org/wiki/道の駅能登食祭市場","道の駅一覧_北陸地方","https://ja.wikipedia.org/wiki/道の駅一覧_北陸地方","表形式","","〒926-0041石川県七尾市府中町員外13番地1","国土交通省案内ページ全国道の駅連絡会ページ公式ウェブサイト","石川県道132号","第30回（17019）","2009年3月12日","2009年4月","8:30 - 18:00","","","","","","","","","","","",""
"道の駅こまつ木場潟","こまつ木場潟（こまつきばがた）小松市国道8号小松バイパス石川-20 ","https://ja.wikipedia.org/wiki/道の駅こまつ木場潟","道の駅一覧_北陸地方","https://ja.wikipedia.org/wiki/道の駅一覧_北陸地方","表形式","北緯36度22分12秒東経136度27分44秒","〒923-0843石川県小松市蓮代寺町ケ1番地1","国土交通省案内ページ全国道の駅連絡会ページ公式ウェブサイト","国道8号","第33回（17020）","2010年3月1日","2010年4月22日[1][2]","本文参照","","","","","","","","","","","",""
"道の駅狼煙","のろし狼煙（のろし）珠洲市県道28号大谷狼煙飯田線石川-21 ","https://ja.wikipedia.org/wiki/道の駅狼煙","道の駅一覧_北陸地方","https://ja.wikipedia.org/wiki/道の駅一覧_北陸地方","表形式","北緯37度31分33秒東経137度19分28秒","〒927-1441石川県珠洲市狼煙町テ部11","国土交通省案内ページ全国道の駅連絡会ページ公式ウェブサイト","石川県道28号","第33回（17021）","2010年3月1日","2010年4月29日","8:30 - 17:00","","","","","","","","","","","",""
"道の駅すずなり","すずなり珠洲市県道12号蛸島港線石川-22旧珠洲駅跡に所在","https://ja.wikipedia.org/wiki/道の駅すずなり","道の駅一覧_北陸地方","https://ja.wikipedia.org/wiki/道の駅一覧_北陸地方","表形式","北緯37度26分29秒東経137度16分12秒","〒927-1213石川県珠洲市野々江町シ部15番地","国土交通省案内ページ全国道の駅連絡会ページ公式ウェブサイト","石川県道12号","第33回（17022）","2010年3月1日","2010年4月3日[1]","","","","","","","","","","","","",""
"道の駅織姫の里なかのと","おりひめのさとなかのと織姫の里なかのと（おりひめのさとなかのと）鹿島郡中能登町国道159号石川-23","https://ja.wikipedia.org/wiki/道の駅織姫の里なかのと","道の駅一覧_北陸地方","https://ja.wikipedia.org/wiki/道の駅一覧_北陸地方","表形式","北緯36度58分12秒東経136度54分17秒","〒929-1721石川県鹿島郡中能登町井田ぬ部10番地1[1]","国土交通省案内ページ全国道の駅連絡会ページ公式ウェブサイト","国道159号","第40回（17023）","2013年10月11日[1]","2014年4月17日[1][2]","","","","","","","","","","","","",""
"道の駅あなみず","あなみず鳳珠郡穴水町県道113号穴水港穴水停車場線石川-24穴水駅に併設","https://ja.wikipedia.org/wiki/道の駅あなみず","道の駅一覧_北陸地方","https://ja.wikipedia.org/wiki/道の駅一覧_北陸地方","表形式","北緯37度13分42秒東経136度54分20秒","〒927-0026石川県鳳珠郡穴水町字大町チ41番地6[1]","国土交通省案内ページ全国道の駅連絡会ページ","石川県道113号","第44回（17024）","2015年11月5日[1][2][3]","2015年12月23日[4]","9:00 - 17:30","","","","","","","","","","","",""
"道の駅のと千里浜","のとちりはまのと千里浜（のとちりはま）羽咋市県道232号若部千里浜インター線市道羽咋3号線石川-25 ","https://ja.wikipedia.org/wiki/道の駅のと千里浜","道の駅一覧_北陸地方","https://ja.wikipedia.org/wiki/道の駅一覧_北陸地方","表形式","北緯36度53分09秒東経136度46分03秒","〒925-0054石川県羽咋市千里浜町タ1番地62","国土交通省案内ページ全国道の駅連絡会ページ公式ウェブサイト","市道羽咋3号線","第46回（17025）","2016年10月7日","2017年7月7日[1][2]","9:00 - 19:00","","","","","","","","","","","",""
"道の駅めぐみ白山","めぐみ白山（めぐみはくさん）白山市国道8号石川-26 ","https://ja.wikipedia.org/wiki/道の駅めぐみ白山","道の駅一覧_北陸地方","https://ja.wikipedia.org/wiki/道の駅一覧_北陸地方","表形式","北緯36度30分5秒東経136度32分48.2秒","〒924-0033石川県白山市宮丸町2183番地[1]","国土交通省案内ページ全国道の駅連絡会ページ公式ウェブサイト","国道8号","第48回（17026）","2017年11月17日[1]","2018年4月27日[2][3][4]","9:00 - 19:00","","","","","","","","","","","",""
